"profile","rule","candidate_class","native_candidate","requires_type_checking","option_variants","file_count"
"automatic","accessor-pairs","native-candidate","eslint/accessor-pairs","false","2","15"
"automatic","antfu/consistent-chaining","js-plugin-candidate","","false","2","15"
"automatic","antfu/consistent-list-newline","js-plugin-candidate","","false","2","15"
"automatic","antfu/curly","js-plugin-candidate","","false","2","15"
"automatic","antfu/if-newline","js-plugin-candidate","","false","2","15"
"automatic","antfu/import-dedupe","js-plugin-candidate","","false","2","15"
"automatic","antfu/no-import-dist","js-plugin-candidate","","false","2","14"
"automatic","antfu/no-import-node-modules-by-path","js-plugin-candidate","","false","2","14"
"automatic","antfu/no-top-level-await","js-plugin-candidate","","false","2","11"
"automatic","antfu/top-level-function","js-plugin-candidate","","false","2","15"
"automatic","array-callback-return","native-candidate","eslint/array-callback-return","false","2","15"
"automatic","block-scoped-var","native-candidate","eslint/block-scoped-var","false","2","15"
"automatic","command/command","js-plugin-candidate","","false","2","15"
"automatic","constructor-super","native-candidate","eslint/constructor-super","false","2","10"
"automatic","default-case-last","native-candidate","eslint/default-case-last","false","2","15"
"automatic","dot-notation","js-plugin-candidate","","false","2","15"
"automatic","e18e/prefer-array-fill","js-plugin-candidate","","false","2","15"
"automatic","e18e/prefer-array-some","js-plugin-candidate","","false","2","15"
"automatic","e18e/prefer-date-now","js-plugin-candidate","","false","2","15"
"automatic","e18e/prefer-includes","js-plugin-candidate","","false","2","15"
"automatic","e18e/prefer-nullish-coalescing","js-plugin-candidate","","false","2","15"
"automatic","e18e/prefer-object-has-own","js-plugin-candidate","","false","2","15"
"automatic","e18e/prefer-regex-test","js-plugin-candidate","","false","2","15"
"automatic","e18e/prefer-string-fromcharcode","js-plugin-candidate","","false","2","15"
"automatic","e18e/prefer-timer-args","js-plugin-candidate","","false","2","15"
"automatic","e18e/prefer-url-canparse","js-plugin-candidate","","false","2","15"
"automatic","eqeqeq","native-candidate","eslint/eqeqeq","false","2","15"
"automatic","eslint-comments/no-aggregating-enable","js-plugin-candidate","","false","2","15"
"automatic","eslint-comments/no-duplicate-disable","js-plugin-candidate","","false","2","15"
"automatic","eslint-comments/no-unlimited-disable","js-plugin-candidate","","false","2","14"
"automatic","eslint-comments/no-unused-enable","js-plugin-candidate","","false","2","15"
"automatic","import/consistent-type-specifier-style","js-plugin-candidate","","false","2","15"
"automatic","import/first","js-plugin-candidate","","false","2","15"
"automatic","import/newline-after-import","js-plugin-candidate","","false","2","15"
"automatic","import/no-duplicates","js-plugin-candidate","","false","2","15"
"automatic","import/no-mutable-exports","js-plugin-candidate","","false","2","15"
"automatic","import/no-named-default","js-plugin-candidate","","false","2","15"
"automatic","jsdoc/check-access","native-candidate","jsdoc/check-access","false","1","9"
"automatic","jsdoc/check-alignment","js-plugin-candidate","","false","1","9"
"automatic","jsdoc/check-param-names","js-plugin-candidate","","false","1","9"
"automatic","jsdoc/check-property-names","native-candidate","jsdoc/check-property-names","false","1","9"
"automatic","jsdoc/check-types","js-plugin-candidate","","false","1","9"
"automatic","jsdoc/empty-tags","native-candidate","jsdoc/empty-tags","false","1","9"
"automatic","jsdoc/implements-on-classes","native-candidate","jsdoc/implements-on-classes","false","1","9"
"automatic","jsdoc/multiline-blocks","js-plugin-candidate","","false","1","9"
"automatic","jsdoc/no-defaults","native-candidate","jsdoc/no-defaults","false","1","9"
"automatic","jsdoc/no-multi-asterisks","js-plugin-candidate","","false","1","9"
"automatic","jsdoc/require-param-name","native-candidate","jsdoc/require-param-name","false","1","9"
"automatic","jsdoc/require-property","native-candidate","jsdoc/require-property","false","1","9"
"automatic","jsdoc/require-property-description","native-candidate","jsdoc/require-property-description","false","1","9"
"automatic","jsdoc/require-property-name","native-candidate","jsdoc/require-property-name","false","1","9"
"automatic","jsdoc/require-returns-check","js-plugin-candidate","","false","1","9"
"automatic","jsdoc/require-returns-description","native-candidate","jsdoc/require-returns-description","false","1","9"
"automatic","jsdoc/require-yields-check","js-plugin-candidate","","false","1","9"
"automatic","jsonc/array-bracket-spacing","eslint-fallback","","false","1","4"
"automatic","jsonc/comma-dangle","eslint-fallback","","false","1","4"
"automatic","jsonc/comma-style","eslint-fallback","","false","1","4"
"automatic","jsonc/indent","eslint-fallback","","false","1","4"
"automatic","jsonc/key-spacing","eslint-fallback","","false","1","4"
"automatic","jsonc/no-bigint-literals","eslint-fallback","","false","1","4"
"automatic","jsonc/no-binary-expression","eslint-fallback","","false","1","4"
"automatic","jsonc/no-binary-numeric-literals","eslint-fallback","","false","1","4"
"automatic","jsonc/no-dupe-keys","eslint-fallback","","false","1","4"
"automatic","jsonc/no-escape-sequence-in-identifier","eslint-fallback","","false","1","4"
"automatic","jsonc/no-floating-decimal","eslint-fallback","","false","1","4"
"automatic","jsonc/no-hexadecimal-numeric-literals","eslint-fallback","","false","1","4"
"automatic","jsonc/no-infinity","eslint-fallback","","false","1","4"
"automatic","jsonc/no-multi-str","eslint-fallback","","false","1","4"
"automatic","jsonc/no-nan","eslint-fallback","","false","1","4"
"automatic","jsonc/no-number-props","eslint-fallback","","false","1","4"
"automatic","jsonc/no-numeric-separators","eslint-fallback","","false","1","4"
"automatic","jsonc/no-octal","eslint-fallback","","false","1","4"
"automatic","jsonc/no-octal-escape","eslint-fallback","","false","1","4"
"automatic","jsonc/no-octal-numeric-literals","eslint-fallback","","false","1","4"
"automatic","jsonc/no-parenthesized","eslint-fallback","","false","1","4"
"automatic","jsonc/no-plus-sign","eslint-fallback","","false","1","4"
"automatic","jsonc/no-regexp-literals","eslint-fallback","","false","1","4"
"automatic","jsonc/no-sparse-arrays","eslint-fallback","","false","1","4"
"automatic","jsonc/no-template-literals","eslint-fallback","","false","1","4"
"automatic","jsonc/no-undefined-value","eslint-fallback","","false","1","4"
"automatic","jsonc/no-unicode-codepoint-escapes","eslint-fallback","","false","1","4"
"automatic","jsonc/no-useless-escape","eslint-fallback","","false","1","4"
"automatic","jsonc/object-curly-newline","eslint-fallback","","false","1","4"
"automatic","jsonc/object-curly-spacing","eslint-fallback","","false","1","4"
"automatic","jsonc/object-property-newline","eslint-fallback","","false","1","4"
"automatic","jsonc/quote-props","eslint-fallback","","false","1","4"
"automatic","jsonc/quotes","eslint-fallback","","false","1","4"
"automatic","jsonc/sort-array-values","eslint-fallback","","false","1","1"
"automatic","jsonc/sort-keys","eslint-fallback","","false","2","2"
"automatic","jsonc/space-unary-ops","eslint-fallback","","false","1","4"
"automatic","jsonc/valid-json-number","eslint-fallback","","false","1","4"
"automatic","jsonc/vue-custom-block/no-parsing-error","eslint-fallback","","false","1","4"
"automatic","markdown/heading-increment","eslint-fallback","","false","1","1"
"automatic","markdown/no-duplicate-definitions","eslint-fallback","","false","1","1"
"automatic","markdown/no-empty-definitions","eslint-fallback","","false","1","1"
"automatic","markdown/no-empty-images","eslint-fallback","","false","1","1"
"automatic","markdown/no-empty-links","eslint-fallback","","false","1","1"
"automatic","markdown/no-invalid-label-refs","eslint-fallback","","false","1","1"
"automatic","markdown/no-missing-atx-heading-space","eslint-fallback","","false","1","1"
"automatic","markdown/no-missing-link-fragments","eslint-fallback","","false","1","1"
"automatic","markdown/no-multiple-h1","eslint-fallback","","false","1","1"
"automatic","markdown/no-reference-like-urls","eslint-fallback","","false","1","1"
"automatic","markdown/no-reversed-media-syntax","eslint-fallback","","false","1","1"
"automatic","markdown/no-space-in-emphasis","eslint-fallback","","false","1","1"
"automatic","markdown/no-unused-definitions","eslint-fallback","","false","1","1"
"automatic","markdown/require-alt-text","eslint-fallback","","false","1","1"
"automatic","markdown/table-column-count","eslint-fallback","","false","1","1"
"automatic","new-cap","native-candidate","eslint/new-cap","false","2","15"
"automatic","no-alert","native-candidate","eslint/no-alert","false","2","15"
"automatic","no-array-constructor","native-candidate","eslint/no-array-constructor","false","2","10"
"automatic","no-async-promise-executor","native-candidate","eslint/no-async-promise-executor","false","2","15"
"automatic","no-caller","native-candidate","eslint/no-caller","false","2","15"
"automatic","no-case-declarations","native-candidate","eslint/no-case-declarations","false","2","15"
"automatic","no-class-assign","native-candidate","eslint/no-class-assign","false","2","10"
"automatic","no-compare-neg-zero","native-candidate","eslint/no-compare-neg-zero","false","2","15"
"automatic","no-cond-assign","native-candidate","eslint/no-cond-assign","false","2","15"
"automatic","no-console","native-candidate","eslint/no-console","false","2","12"
"automatic","no-const-assign","native-candidate","eslint/no-const-assign","false","2","10"
"automatic","no-control-regex","native-candidate","eslint/no-control-regex","false","2","15"
"automatic","no-debugger","native-candidate","eslint/no-debugger","false","2","15"
"automatic","no-delete-var","native-candidate","eslint/no-delete-var","false","2","15"
"automatic","no-dupe-args","js-plugin-candidate","","false","2","10"
"automatic","no-dupe-class-members","native-candidate","eslint/no-dupe-class-members","false","2","10"
"automatic","no-dupe-keys","native-candidate","eslint/no-dupe-keys","false","2","10"
"automatic","no-duplicate-case","native-candidate","eslint/no-duplicate-case","false","2","15"
"automatic","no-empty","native-candidate","eslint/no-empty","false","2","15"
"automatic","no-empty-pattern","native-candidate","eslint/no-empty-pattern","false","2","15"
"automatic","no-eval","native-candidate","eslint/no-eval","false","2","15"
"automatic","no-ex-assign","native-candidate","eslint/no-ex-assign","false","2","15"
"automatic","no-extend-native","native-candidate","eslint/no-extend-native","false","2","15"
"automatic","no-extra-bind","native-candidate","eslint/no-extra-bind","false","2","15"
"automatic","no-extra-boolean-cast","native-candidate","eslint/no-extra-boolean-cast","false","2","15"
"automatic","no-fallthrough","native-candidate","eslint/no-fallthrough","false","2","15"
"automatic","no-func-assign","native-candidate","eslint/no-func-assign","false","2","10"
"automatic","no-global-assign","native-candidate","eslint/no-global-assign","false","2","15"
"automatic","no-implied-eval","native-candidate","eslint/no-implied-eval","false","2","15"
"automatic","no-import-assign","native-candidate","eslint/no-import-assign","false","2","10"
"automatic","no-irregular-whitespace","native-candidate","eslint/no-irregular-whitespace","false","2","15"
"automatic","no-iterator","native-candidate","eslint/no-iterator","false","2","15"
"automatic","no-labels","native-candidate","eslint/no-labels","false","2","15"
"automatic","no-lone-blocks","native-candidate","eslint/no-lone-blocks","false","2","15"
"automatic","no-loss-of-precision","native-candidate","eslint/no-loss-of-precision","false","2","15"
"automatic","no-misleading-character-class","native-candidate","eslint/no-misleading-character-class","false","2","15"
"automatic","no-multi-str","native-candidate","eslint/no-multi-str","false","2","15"
"automatic","no-new","native-candidate","eslint/no-new","false","2","15"
"automatic","no-new-func","native-candidate","eslint/no-new-func","false","2","15"
"automatic","no-new-native-nonconstructor","native-candidate","eslint/no-new-native-nonconstructor","false","2","10"
"automatic","no-new-wrappers","native-candidate","eslint/no-new-wrappers","false","2","15"
"automatic","no-obj-calls","native-candidate","eslint/no-obj-calls","false","2","10"
"automatic","no-octal","js-plugin-candidate","","false","2","15"
"automatic","no-octal-escape","js-plugin-candidate","","false","2","15"
"automatic","no-proto","native-candidate","eslint/no-proto","false","2","15"
"automatic","no-prototype-builtins","native-candidate","eslint/no-prototype-builtins","false","2","15"
"automatic","no-redeclare","native-candidate","eslint/no-redeclare","false","2","10"
"automatic","no-regex-spaces","native-candidate","eslint/no-regex-spaces","false","2","15"
"automatic","no-restricted-globals","native-candidate","eslint/no-restricted-globals","false","2","15"
"automatic","no-restricted-properties","native-candidate","eslint/no-restricted-properties","false","2","15"
"automatic","no-restricted-syntax","js-plugin-candidate","","false","2","14"
"automatic","no-self-assign","native-candidate","eslint/no-self-assign","false","2","15"
"automatic","no-self-compare","native-candidate","eslint/no-self-compare","false","2","15"
"automatic","no-sequences","native-candidate","eslint/no-sequences","false","2","15"
"automatic","no-shadow-restricted-names","native-candidate","eslint/no-shadow-restricted-names","false","2","15"
"automatic","no-sparse-arrays","native-candidate","eslint/no-sparse-arrays","false","2","15"
"automatic","no-template-curly-in-string","native-candidate","eslint/no-template-curly-in-string","false","2","15"
"automatic","no-this-before-super","native-candidate","eslint/no-this-before-super","false","2","10"
"automatic","no-throw-literal","native-candidate","eslint/no-throw-literal","false","2","15"
"automatic","no-undef","native-candidate","eslint/no-undef","false","2","10"
"automatic","no-undef-init","js-plugin-candidate","","false","2","15"
"automatic","no-unexpected-multiline","native-candidate","eslint/no-unexpected-multiline","false","2","15"
"automatic","no-unmodified-loop-condition","native-candidate","eslint/no-unmodified-loop-condition","false","2","15"
"automatic","no-unneeded-ternary","native-candidate","eslint/no-unneeded-ternary","false","2","15"
"automatic","no-unreachable","native-candidate","eslint/no-unreachable","false","2","10"
"automatic","no-unreachable-loop","native-candidate","eslint/no-unreachable-loop","false","2","15"
"automatic","no-unsafe-finally","native-candidate","eslint/no-unsafe-finally","false","2","15"
"automatic","no-unsafe-negation","native-candidate","eslint/no-unsafe-negation","false","2","10"
"automatic","no-unused-expressions","native-candidate","eslint/no-unused-expressions","false","2","10"
"automatic","no-unused-vars","native-candidate","eslint/no-unused-vars","false","2","10"
"automatic","no-use-before-define","native-candidate","eslint/no-use-before-define","false","2","10"
"automatic","no-useless-call","native-candidate","eslint/no-useless-call","false","2","15"
"automatic","no-useless-catch","native-candidate","eslint/no-useless-catch","false","2","15"
"automatic","no-useless-computed-key","native-candidate","eslint/no-useless-computed-key","false","2","15"
"automatic","no-useless-constructor","native-candidate","eslint/no-useless-constructor","false","2","10"
"automatic","no-useless-rename","native-candidate","eslint/no-useless-rename","false","2","15"
"automatic","no-useless-return","native-candidate","eslint/no-useless-return","false","2","15"
"automatic","no-var","native-candidate","eslint/no-var","false","2","15"
"automatic","no-with","native-candidate","eslint/no-with","false","2","10"
"automatic","node/handle-callback-err","native-candidate","node/handle-callback-err","false","1","9"
"automatic","node/no-deprecated-api","js-plugin-candidate","","false","1","9"
"automatic","node/no-exports-assign","native-candidate","node/no-exports-assign","false","1","9"
"automatic","node/no-new-require","native-candidate","node/no-new-require","false","1","9"
"automatic","node/no-path-concat","native-candidate","node/no-path-concat","false","1","9"
"automatic","node/prefer-global/buffer","js-plugin-candidate","","false","1","9"
"automatic","node/prefer-global/process","js-plugin-candidate","","false","1","8"
"automatic","node/process-exit-as-throw","js-plugin-candidate","","false","1","9"
"automatic","object-shorthand","native-candidate","eslint/object-shorthand","false","2","15"
"automatic","one-var","native-candidate","eslint/one-var","false","2","15"
"automatic","perfectionist/sort-exports","js-plugin-candidate","","false","2","15"
"automatic","perfectionist/sort-imports","js-plugin-candidate","","false","2","15"
"automatic","perfectionist/sort-named-exports","js-plugin-candidate","","false","2","15"
"automatic","perfectionist/sort-named-imports","js-plugin-candidate","","false","2","15"
"automatic","prefer-arrow-callback","native-candidate","eslint/prefer-arrow-callback","false","2","15"
"automatic","prefer-const","native-candidate","eslint/prefer-const","false","2","15"
"automatic","prefer-exponentiation-operator","native-candidate","eslint/prefer-exponentiation-operator","false","2","15"
"automatic","prefer-promise-reject-errors","native-candidate","eslint/prefer-promise-reject-errors","false","2","15"
"automatic","prefer-regex-literals","native-candidate","eslint/prefer-regex-literals","false","2","15"
"automatic","prefer-rest-params","native-candidate","eslint/prefer-rest-params","false","2","15"
"automatic","prefer-spread","native-candidate","eslint/prefer-spread","false","2","15"
"automatic","prefer-template","native-candidate","eslint/prefer-template","false","2","15"
"automatic","regexp/confusing-quantifier","js-plugin-candidate","","false","2","15"
"automatic","regexp/control-character-escape","js-plugin-candidate","","false","2","15"
"automatic","regexp/match-any","js-plugin-candidate","","false","2","15"
"automatic","regexp/negation","js-plugin-candidate","","false","2","15"
"automatic","regexp/no-contradiction-with-assertion","js-plugin-candidate","","false","2","15"
"automatic","regexp/no-dupe-characters-character-class","js-plugin-candidate","","false","2","15"
"automatic","regexp/no-dupe-disjunctions","js-plugin-candidate","","false","2","15"
"automatic","regexp/no-empty-alternative","js-plugin-candidate","","false","2","15"
"automatic","regexp/no-empty-capturing-group","js-plugin-candidate","","false","2","15"
"automatic","regexp/no-empty-character-class","js-plugin-candidate","","false","2","15"
"automatic","regexp/no-empty-group","js-plugin-candidate","","false","2","15"
"automatic","regexp/no-empty-lookarounds-assertion","js-plugin-candidate","","false","2","15"
"automatic","regexp/no-empty-string-literal","js-plugin-candidate","","false","2","15"
"automatic","regexp/no-escape-backspace","js-plugin-candidate","","false","2","15"
"automatic","regexp/no-extra-lookaround-assertions","js-plugin-candidate","","false","2","15"
"automatic","regexp/no-invalid-regexp","js-plugin-candidate","","false","2","15"
"automatic","regexp/no-invisible-character","js-plugin-candidate","","false","2","15"
"automatic","regexp/no-lazy-ends","js-plugin-candidate","","false","2","15"
"automatic","regexp/no-legacy-features","js-plugin-candidate","","false","2","15"
"automatic","regexp/no-misleading-capturing-group","js-plugin-candidate","","false","2","15"
"automatic","regexp/no-misleading-unicode-character","js-plugin-candidate","","false","2","15"
"automatic","regexp/no-missing-g-flag","js-plugin-candidate","","false","2","15"
"automatic","regexp/no-non-standard-flag","js-plugin-candidate","","false","2","15"
"automatic","regexp/no-obscure-range","js-plugin-candidate","","false","2","15"
"automatic","regexp/no-optional-assertion","js-plugin-candidate","","false","2","15"
"automatic","regexp/no-potentially-useless-backreference","js-plugin-candidate","","false","2","15"
"automatic","regexp/no-super-linear-backtracking","js-plugin-candidate","","false","2","15"
"automatic","regexp/no-trivially-nested-assertion","js-plugin-candidate","","false","2","15"
"automatic","regexp/no-trivially-nested-quantifier","js-plugin-candidate","","false","2","15"
"automatic","regexp/no-unused-capturing-group","js-plugin-candidate","","false","2","15"
"automatic","regexp/no-useless-assertions","js-plugin-candidate","","false","2","15"
"automatic","regexp/no-useless-backreference","js-plugin-candidate","","false","2","15"
"automatic","regexp/no-useless-character-class","js-plugin-candidate","","false","2","15"
"automatic","regexp/no-useless-dollar-replacements","js-plugin-candidate","","false","2","15"
"automatic","regexp/no-useless-escape","js-plugin-candidate","","false","2","15"
"automatic","regexp/no-useless-flag","js-plugin-candidate","","false","2","15"
"automatic","regexp/no-useless-lazy","js-plugin-candidate","","false","2","15"
"automatic","regexp/no-useless-non-capturing-group","js-plugin-candidate","","false","2","15"
"automatic","regexp/no-useless-quantifier","js-plugin-candidate","","false","2","15"
"automatic","regexp/no-useless-range","js-plugin-candidate","","false","2","15"
"automatic","regexp/no-useless-set-operand","js-plugin-candidate","","false","2","15"
"automatic","regexp/no-useless-string-literal","js-plugin-candidate","","false","2","15"
"automatic","regexp/no-useless-two-nums-quantifier","js-plugin-candidate","","false","2","15"
"automatic","regexp/no-zero-quantifier","js-plugin-candidate","","false","2","15"
"automatic","regexp/optimal-lookaround-quantifier","js-plugin-candidate","","false","2","15"
"automatic","regexp/optimal-quantifier-concatenation","js-plugin-candidate","","false","2","15"
"automatic","regexp/prefer-character-class","js-plugin-candidate","","false","2","15"
"automatic","regexp/prefer-d","js-plugin-candidate","","false","2","15"
"automatic","regexp/prefer-plus-quantifier","js-plugin-candidate","","false","2","15"
"automatic","regexp/prefer-predefined-assertion","js-plugin-candidate","","false","2","15"
"automatic","regexp/prefer-question-quantifier","js-plugin-candidate","","false","2","15"
"automatic","regexp/prefer-range","js-plugin-candidate","","false","2","15"
"automatic","regexp/prefer-set-operation","js-plugin-candidate","","false","2","15"
"automatic","regexp/prefer-star-quantifier","js-plugin-candidate","","false","2","15"
"automatic","regexp/prefer-unicode-codepoint-escapes","js-plugin-candidate","","false","2","15"
"automatic","regexp/prefer-w","js-plugin-candidate","","false","2","15"
"automatic","regexp/simplify-set-operations","js-plugin-candidate","","false","2","15"
"automatic","regexp/sort-flags","js-plugin-candidate","","false","2","15"
"automatic","regexp/strict","js-plugin-candidate","","false","2","15"
"automatic","regexp/use-ignore-case","js-plugin-candidate","","false","2","15"
"automatic","style/array-bracket-spacing","js-plugin-candidate","","false","2","15"
"automatic","style/arrow-parens","js-plugin-candidate","","false","2","15"
"automatic","style/arrow-spacing","js-plugin-candidate","","false","2","15"
"automatic","style/block-spacing","js-plugin-candidate","","false","2","15"
"automatic","style/brace-style","js-plugin-candidate","","false","2","15"
"automatic","style/comma-dangle","js-plugin-candidate","","false","2","15"
"automatic","style/comma-spacing","js-plugin-candidate","","false","2","15"
"automatic","style/comma-style","js-plugin-candidate","","false","2","15"
"automatic","style/computed-property-spacing","js-plugin-candidate","","false","2","15"
"automatic","style/dot-location","js-plugin-candidate","","false","2","15"
"automatic","style/eol-last","js-plugin-candidate","","false","2","15"
"automatic","style/generator-star-spacing","js-plugin-candidate","","false","2","15"
"automatic","style/indent","js-plugin-candidate","","false","2","15"
"automatic","style/indent-binary-ops","js-plugin-candidate","","false","2","15"
"automatic","style/jsx-closing-bracket-location","js-plugin-candidate","","false","2","15"
"automatic","style/jsx-closing-tag-location","js-plugin-candidate","","false","2","15"
"automatic","style/jsx-curly-brace-presence","js-plugin-candidate","","false","2","15"
"automatic","style/jsx-curly-newline","js-plugin-candidate","","false","2","15"
"automatic","style/jsx-curly-spacing","js-plugin-candidate","","false","2","15"
"automatic","style/jsx-equals-spacing","js-plugin-candidate","","false","2","15"
"automatic","style/jsx-first-prop-new-line","js-plugin-candidate","","false","2","15"
"automatic","style/jsx-function-call-newline","js-plugin-candidate","","false","2","15"
"automatic","style/jsx-indent-props","js-plugin-candidate","","false","2","15"
"automatic","style/jsx-max-props-per-line","js-plugin-candidate","","false","2","15"
"automatic","style/jsx-one-expression-per-line","js-plugin-candidate","","false","2","15"
"automatic","style/jsx-quotes","js-plugin-candidate","","false","2","15"
"automatic","style/jsx-tag-spacing","js-plugin-candidate","","false","2","15"
"automatic","style/jsx-wrap-multilines","js-plugin-candidate","","false","2","15"
"automatic","style/key-spacing","js-plugin-candidate","","false","2","15"
"automatic","style/keyword-spacing","js-plugin-candidate","","false","2","15"
"automatic","style/lines-between-class-members","js-plugin-candidate","","false","2","15"
"automatic","style/max-statements-per-line","js-plugin-candidate","","false","2","15"
"automatic","style/member-delimiter-style","js-plugin-candidate","","false","2","15"
"automatic","style/multiline-ternary","js-plugin-candidate","","false","2","15"
"automatic","style/new-parens","js-plugin-candidate","","false","2","15"
"automatic","style/no-extra-parens","js-plugin-candidate","","false","2","15"
"automatic","style/no-floating-decimal","js-plugin-candidate","","false","2","15"
"automatic","style/no-mixed-operators","js-plugin-candidate","","false","2","15"
"automatic","style/no-mixed-spaces-and-tabs","js-plugin-candidate","","false","2","15"
"automatic","style/no-multi-spaces","js-plugin-candidate","","false","2","15"
"automatic","style/no-multiple-empty-lines","js-plugin-candidate","","false","2","15"
"automatic","style/no-tabs","js-plugin-candidate","","false","2","15"
"automatic","style/no-trailing-spaces","js-plugin-candidate","","false","2","15"
"automatic","style/no-whitespace-before-property","js-plugin-candidate","","false","2","15"
"automatic","style/object-curly-spacing","js-plugin-candidate","","false","2","15"
"automatic","style/operator-linebreak","js-plugin-candidate","","false","2","15"
"automatic","style/padded-blocks","js-plugin-candidate","","false","2","15"
"automatic","style/quote-props","js-plugin-candidate","","false","2","15"
"automatic","style/quotes","js-plugin-candidate","","false","2","15"
"automatic","style/rest-spread-spacing","js-plugin-candidate","","false","2","15"
"automatic","style/semi","js-plugin-candidate","","false","2","15"
"automatic","style/semi-spacing","js-plugin-candidate","","false","2","15"
"automatic","style/space-before-blocks","js-plugin-candidate","","false","2","15"
"automatic","style/space-before-function-paren","js-plugin-candidate","","false","2","15"
"automatic","style/space-in-parens","js-plugin-candidate","","false","2","15"
"automatic","style/space-infix-ops","js-plugin-candidate","","false","2","15"
"automatic","style/space-unary-ops","js-plugin-candidate","","false","2","15"
"automatic","style/spaced-comment","js-plugin-candidate","","false","2","13"
"automatic","style/template-curly-spacing","js-plugin-candidate","","false","2","15"
"automatic","style/template-tag-spacing","js-plugin-candidate","","false","2","15"
"automatic","style/type-annotation-spacing","js-plugin-candidate","","false","2","15"
"automatic","style/type-generic-spacing","js-plugin-candidate","","false","2","15"
"automatic","style/type-named-tuple-spacing","js-plugin-candidate","","false","2","15"
"automatic","style/wrap-iife","js-plugin-candidate","","false","2","15"
"automatic","style/yield-star-spacing","js-plugin-candidate","","false","2","15"
"automatic","symbol-description","native-candidate","eslint/symbol-description","false","2","15"
"automatic","test/consistent-test-it","native-candidate","vitest/consistent-test-it","false","1","1"
"automatic","test/no-identical-title","native-candidate","vitest/no-identical-title","false","1","1"
"automatic","test/no-import-node-test","native-candidate","vitest/no-import-node-test","false","1","1"
"automatic","test/no-only-tests","js-plugin-candidate","","false","1","1"
"automatic","test/prefer-hooks-in-order","native-candidate","vitest/prefer-hooks-in-order","false","1","1"
"automatic","test/prefer-lowercase-title","native-candidate","vitest/prefer-lowercase-title","false","1","1"
"automatic","toml/array-bracket-newline","eslint-fallback","","false","1","1"
"automatic","toml/array-bracket-spacing","eslint-fallback","","false","1","1"
"automatic","toml/array-element-newline","eslint-fallback","","false","1","1"
"automatic","toml/comma-style","eslint-fallback","","false","1","1"
"automatic","toml/indent","eslint-fallback","","false","1","1"
"automatic","toml/inline-table-curly-spacing","eslint-fallback","","false","1","1"
"automatic","toml/key-spacing","eslint-fallback","","false","1","1"
"automatic","toml/keys-order","eslint-fallback","","false","1","1"
"automatic","toml/no-space-dots","eslint-fallback","","false","1","1"
"automatic","toml/no-unreadable-number-separator","eslint-fallback","","false","1","1"
"automatic","toml/padding-line-between-pairs","eslint-fallback","","false","1","1"
"automatic","toml/padding-line-between-tables","eslint-fallback","","false","1","1"
"automatic","toml/precision-of-fractional-seconds","eslint-fallback","","false","1","1"
"automatic","toml/precision-of-integer","eslint-fallback","","false","1","1"
"automatic","toml/quoted-keys","eslint-fallback","","false","1","1"
"automatic","toml/spaced-comment","eslint-fallback","","false","1","1"
"automatic","toml/table-bracket-spacing","eslint-fallback","","false","1","1"
"automatic","toml/tables-order","eslint-fallback","","false","1","1"
"automatic","toml/vue-custom-block/no-parsing-error","eslint-fallback","","false","1","1"
"automatic","ts/ban-ts-comment","native-candidate","typescript/ban-ts-comment","false","1","5"
"automatic","ts/consistent-type-definitions","native-candidate","typescript/consistent-type-definitions","false","1","5"
"automatic","ts/consistent-type-imports","native-candidate","typescript/consistent-type-imports","false","1","5"
"automatic","ts/method-signature-style","native-candidate","typescript/method-signature-style","false","1","5"
"automatic","ts/no-array-constructor","js-plugin-candidate","","false","1","5"
"automatic","ts/no-dupe-class-members","js-plugin-candidate","","false","1","5"
"automatic","ts/no-duplicate-enum-values","native-candidate","typescript/no-duplicate-enum-values","false","1","5"
"automatic","ts/no-empty-object-type","native-candidate","typescript/no-empty-object-type","false","1","5"
"automatic","ts/no-extra-non-null-assertion","native-candidate","typescript/no-extra-non-null-assertion","false","1","5"
"automatic","ts/no-import-type-side-effects","native-candidate","typescript/no-import-type-side-effects","false","1","5"
"automatic","ts/no-misused-new","native-candidate","typescript/no-misused-new","false","1","5"
"automatic","ts/no-namespace","native-candidate","typescript/no-namespace","false","1","5"
"automatic","ts/no-non-null-asserted-nullish-coalescing","native-candidate","typescript/no-non-null-asserted-nullish-coalescing","false","1","5"
"automatic","ts/no-non-null-asserted-optional-chain","native-candidate","typescript/no-non-null-asserted-optional-chain","false","1","5"
"automatic","ts/no-redeclare","js-plugin-candidate","","false","1","5"
"automatic","ts/no-require-imports","native-candidate","typescript/no-require-imports","false","1","5"
"automatic","ts/no-this-alias","native-candidate","typescript/no-this-alias","false","1","5"
"automatic","ts/no-unnecessary-type-constraint","native-candidate","typescript/no-unnecessary-type-constraint","false","1","5"
"automatic","ts/no-unsafe-declaration-merging","native-candidate","typescript/no-unsafe-declaration-merging","false","1","5"
"automatic","ts/no-unsafe-function-type","native-candidate","typescript/no-unsafe-function-type","false","1","5"
"automatic","ts/no-unused-expressions","js-plugin-candidate","","false","1","5"
"automatic","ts/no-use-before-define","js-plugin-candidate","","false","1","5"
"automatic","ts/no-wrapper-object-types","native-candidate","typescript/no-wrapper-object-types","false","1","5"
"automatic","ts/prefer-as-const","native-candidate","typescript/prefer-as-const","false","1","5"
"automatic","ts/prefer-literal-enum-member","native-candidate","typescript/prefer-literal-enum-member","false","1","5"
"automatic","ts/prefer-namespace-keyword","native-candidate","typescript/prefer-namespace-keyword","false","1","5"
"automatic","unicode-bom","native-candidate","eslint/unicode-bom","false","2","15"
"automatic","unicorn/consistent-empty-array-spread","native-candidate","unicorn/consistent-empty-array-spread","false","1","9"
"automatic","unicorn/error-message","native-candidate","unicorn/error-message","false","1","9"
"automatic","unicorn/escape-case","native-candidate","unicorn/escape-case","false","1","9"
"automatic","unicorn/new-for-builtins","native-candidate","unicorn/new-for-builtins","false","1","9"
"automatic","unicorn/no-instanceof-builtins","native-candidate","unicorn/no-instanceof-builtins","false","1","9"
"automatic","unicorn/no-new-array","native-candidate","unicorn/no-new-array","false","1","9"
"automatic","unicorn/no-new-buffer","native-candidate","unicorn/no-new-buffer","false","1","9"
"automatic","unicorn/number-literal-case","native-candidate","unicorn/number-literal-case","false","1","9"
"automatic","unicorn/prefer-dom-node-text-content","native-candidate","unicorn/prefer-dom-node-text-content","false","1","9"
"automatic","unicorn/prefer-includes","native-candidate","unicorn/prefer-includes","false","1","9"
"automatic","unicorn/prefer-node-protocol","native-candidate","unicorn/prefer-node-protocol","false","1","9"
"automatic","unicorn/prefer-number-properties","native-candidate","unicorn/prefer-number-properties","false","1","9"
"automatic","unicorn/prefer-string-starts-ends-with","native-candidate","unicorn/prefer-string-starts-ends-with","false","1","9"
"automatic","unicorn/prefer-type-error","native-candidate","unicorn/prefer-type-error","false","1","9"
"automatic","unicorn/throw-new-error","native-candidate","unicorn/throw-new-error","false","1","9"
"automatic","unused-imports/no-unused-imports","js-plugin-candidate","","false","2","15"
"automatic","unused-imports/no-unused-vars","js-plugin-candidate","","false","2","14"
"automatic","use-isnan","native-candidate","eslint/use-isnan","false","2","15"
"automatic","valid-typeof","native-candidate","eslint/valid-typeof","false","2","15"
"automatic","vars-on-top","native-candidate","eslint/vars-on-top","false","2","15"
"automatic","yaml/block-mapping","eslint-fallback","","false","1","1"
"automatic","yaml/block-mapping-question-indicator-newline","eslint-fallback","","false","1","1"
"automatic","yaml/block-sequence","eslint-fallback","","false","1","1"
"automatic","yaml/block-sequence-hyphen-indicator-newline","eslint-fallback","","false","1","1"
"automatic","yaml/flow-mapping-curly-newline","eslint-fallback","","false","1","1"
"automatic","yaml/flow-mapping-curly-spacing","eslint-fallback","","false","1","1"
"automatic","yaml/flow-sequence-bracket-newline","eslint-fallback","","false","1","1"
"automatic","yaml/flow-sequence-bracket-spacing","eslint-fallback","","false","1","1"
"automatic","yaml/indent","eslint-fallback","","false","1","1"
"automatic","yaml/key-spacing","eslint-fallback","","false","1","1"
"automatic","yaml/no-empty-key","eslint-fallback","","false","1","1"
"automatic","yaml/no-empty-sequence-entry","eslint-fallback","","false","1","1"
"automatic","yaml/no-irregular-whitespace","eslint-fallback","","false","1","1"
"automatic","yaml/no-multiple-empty-lines","eslint-fallback","","false","1","1"
"automatic","yaml/no-tab-indent","eslint-fallback","","false","1","1"
"automatic","yaml/plain-scalar","eslint-fallback","","false","1","1"
"automatic","yaml/quotes","eslint-fallback","","false","1","1"
"automatic","yaml/spaced-comment","eslint-fallback","","false","1","1"
"automatic","yaml/vue-custom-block/no-parsing-error","eslint-fallback","","false","1","1"
"automatic","yoda","native-candidate","eslint/yoda","false","2","15"
"base","accessor-pairs","native-candidate","eslint/accessor-pairs","false","2","15"
"base","antfu/consistent-chaining","js-plugin-candidate","","false","2","15"
"base","antfu/consistent-list-newline","js-plugin-candidate","","false","2","15"
"base","antfu/curly","js-plugin-candidate","","false","2","15"
"base","antfu/if-newline","js-plugin-candidate","","false","2","15"
"base","antfu/import-dedupe","js-plugin-candidate","","false","2","15"
"base","antfu/no-import-dist","js-plugin-candidate","","false","2","14"
"base","antfu/no-import-node-modules-by-path","js-plugin-candidate","","false","2","14"
"base","antfu/no-top-level-await","js-plugin-candidate","","false","2","11"
"base","antfu/top-level-function","js-plugin-candidate","","false","2","15"
"base","array-callback-return","native-candidate","eslint/array-callback-return","false","2","15"
"base","block-scoped-var","native-candidate","eslint/block-scoped-var","false","2","15"
"base","command/command","js-plugin-candidate","","false","2","15"
"base","constructor-super","native-candidate","eslint/constructor-super","false","2","10"
"base","default-case-last","native-candidate","eslint/default-case-last","false","2","15"
"base","dot-notation","js-plugin-candidate","","false","2","15"
"base","e18e/prefer-array-fill","js-plugin-candidate","","false","2","15"
"base","e18e/prefer-array-some","js-plugin-candidate","","false","2","15"
"base","e18e/prefer-date-now","js-plugin-candidate","","false","2","15"
"base","e18e/prefer-includes","js-plugin-candidate","","false","2","15"
"base","e18e/prefer-nullish-coalescing","js-plugin-candidate","","false","2","15"
"base","e18e/prefer-object-has-own","js-plugin-candidate","","false","2","15"
"base","e18e/prefer-regex-test","js-plugin-candidate","","false","2","15"
"base","e18e/prefer-string-fromcharcode","js-plugin-candidate","","false","2","15"
"base","e18e/prefer-timer-args","js-plugin-candidate","","false","2","15"
"base","e18e/prefer-url-canparse","js-plugin-candidate","","false","2","15"
"base","eqeqeq","native-candidate","eslint/eqeqeq","false","2","15"
"base","eslint-comments/no-aggregating-enable","js-plugin-candidate","","false","2","15"
"base","eslint-comments/no-duplicate-disable","js-plugin-candidate","","false","2","15"
"base","eslint-comments/no-unlimited-disable","js-plugin-candidate","","false","2","14"
"base","eslint-comments/no-unused-enable","js-plugin-candidate","","false","2","15"
"base","import/consistent-type-specifier-style","js-plugin-candidate","","false","2","15"
"base","import/first","js-plugin-candidate","","false","2","15"
"base","import/newline-after-import","js-plugin-candidate","","false","2","15"
"base","import/no-duplicates","js-plugin-candidate","","false","2","15"
"base","import/no-mutable-exports","js-plugin-candidate","","false","2","15"
"base","import/no-named-default","js-plugin-candidate","","false","2","15"
"base","jsdoc/check-access","native-candidate","jsdoc/check-access","false","1","9"
"base","jsdoc/check-alignment","js-plugin-candidate","","false","1","9"
"base","jsdoc/check-param-names","js-plugin-candidate","","false","1","9"
"base","jsdoc/check-property-names","native-candidate","jsdoc/check-property-names","false","1","9"
"base","jsdoc/check-types","js-plugin-candidate","","false","1","9"
"base","jsdoc/empty-tags","native-candidate","jsdoc/empty-tags","false","1","9"
"base","jsdoc/implements-on-classes","native-candidate","jsdoc/implements-on-classes","false","1","9"
"base","jsdoc/multiline-blocks","js-plugin-candidate","","false","1","9"
"base","jsdoc/no-defaults","native-candidate","jsdoc/no-defaults","false","1","9"
"base","jsdoc/no-multi-asterisks","js-plugin-candidate","","false","1","9"
"base","jsdoc/require-param-name","native-candidate","jsdoc/require-param-name","false","1","9"
"base","jsdoc/require-property","native-candidate","jsdoc/require-property","false","1","9"
"base","jsdoc/require-property-description","native-candidate","jsdoc/require-property-description","false","1","9"
"base","jsdoc/require-property-name","native-candidate","jsdoc/require-property-name","false","1","9"
"base","jsdoc/require-returns-check","js-plugin-candidate","","false","1","9"
"base","jsdoc/require-returns-description","native-candidate","jsdoc/require-returns-description","false","1","9"
"base","jsdoc/require-yields-check","js-plugin-candidate","","false","1","9"
"base","jsonc/array-bracket-spacing","eslint-fallback","","false","1","4"
"base","jsonc/comma-dangle","eslint-fallback","","false","1","4"
"base","jsonc/comma-style","eslint-fallback","","false","1","4"
"base","jsonc/indent","eslint-fallback","","false","1","4"
"base","jsonc/key-spacing","eslint-fallback","","false","1","4"
"base","jsonc/no-bigint-literals","eslint-fallback","","false","1","4"
"base","jsonc/no-binary-expression","eslint-fallback","","false","1","4"
"base","jsonc/no-binary-numeric-literals","eslint-fallback","","false","1","4"
"base","jsonc/no-dupe-keys","eslint-fallback","","false","1","4"
"base","jsonc/no-escape-sequence-in-identifier","eslint-fallback","","false","1","4"
"base","jsonc/no-floating-decimal","eslint-fallback","","false","1","4"
"base","jsonc/no-hexadecimal-numeric-literals","eslint-fallback","","false","1","4"
"base","jsonc/no-infinity","eslint-fallback","","false","1","4"
"base","jsonc/no-multi-str","eslint-fallback","","false","1","4"
"base","jsonc/no-nan","eslint-fallback","","false","1","4"
"base","jsonc/no-number-props","eslint-fallback","","false","1","4"
"base","jsonc/no-numeric-separators","eslint-fallback","","false","1","4"
"base","jsonc/no-octal","eslint-fallback","","false","1","4"
"base","jsonc/no-octal-escape","eslint-fallback","","false","1","4"
"base","jsonc/no-octal-numeric-literals","eslint-fallback","","false","1","4"
"base","jsonc/no-parenthesized","eslint-fallback","","false","1","4"
"base","jsonc/no-plus-sign","eslint-fallback","","false","1","4"
"base","jsonc/no-regexp-literals","eslint-fallback","","false","1","4"
"base","jsonc/no-sparse-arrays","eslint-fallback","","false","1","4"
"base","jsonc/no-template-literals","eslint-fallback","","false","1","4"
"base","jsonc/no-undefined-value","eslint-fallback","","false","1","4"
"base","jsonc/no-unicode-codepoint-escapes","eslint-fallback","","false","1","4"
"base","jsonc/no-useless-escape","eslint-fallback","","false","1","4"
"base","jsonc/object-curly-newline","eslint-fallback","","false","1","4"
"base","jsonc/object-curly-spacing","eslint-fallback","","false","1","4"
"base","jsonc/object-property-newline","eslint-fallback","","false","1","4"
"base","jsonc/quote-props","eslint-fallback","","false","1","4"
"base","jsonc/quotes","eslint-fallback","","false","1","4"
"base","jsonc/sort-array-values","eslint-fallback","","false","1","1"
"base","jsonc/sort-keys","eslint-fallback","","false","2","2"
"base","jsonc/space-unary-ops","eslint-fallback","","false","1","4"
"base","jsonc/valid-json-number","eslint-fallback","","false","1","4"
"base","jsonc/vue-custom-block/no-parsing-error","eslint-fallback","","false","1","4"
"base","markdown/heading-increment","eslint-fallback","","false","1","1"
"base","markdown/no-duplicate-definitions","eslint-fallback","","false","1","1"
"base","markdown/no-empty-definitions","eslint-fallback","","false","1","1"
"base","markdown/no-empty-images","eslint-fallback","","false","1","1"
"base","markdown/no-empty-links","eslint-fallback","","false","1","1"
"base","markdown/no-invalid-label-refs","eslint-fallback","","false","1","1"
"base","markdown/no-missing-atx-heading-space","eslint-fallback","","false","1","1"
"base","markdown/no-missing-link-fragments","eslint-fallback","","false","1","1"
"base","markdown/no-multiple-h1","eslint-fallback","","false","1","1"
"base","markdown/no-reference-like-urls","eslint-fallback","","false","1","1"
"base","markdown/no-reversed-media-syntax","eslint-fallback","","false","1","1"
"base","markdown/no-space-in-emphasis","eslint-fallback","","false","1","1"
"base","markdown/no-unused-definitions","eslint-fallback","","false","1","1"
"base","markdown/require-alt-text","eslint-fallback","","false","1","1"
"base","markdown/table-column-count","eslint-fallback","","false","1","1"
"base","new-cap","native-candidate","eslint/new-cap","false","2","15"
"base","no-alert","native-candidate","eslint/no-alert","false","2","15"
"base","no-array-constructor","native-candidate","eslint/no-array-constructor","false","2","10"
"base","no-async-promise-executor","native-candidate","eslint/no-async-promise-executor","false","2","15"
"base","no-caller","native-candidate","eslint/no-caller","false","2","15"
"base","no-case-declarations","native-candidate","eslint/no-case-declarations","false","2","15"
"base","no-class-assign","native-candidate","eslint/no-class-assign","false","2","10"
"base","no-compare-neg-zero","native-candidate","eslint/no-compare-neg-zero","false","2","15"
"base","no-cond-assign","native-candidate","eslint/no-cond-assign","false","2","15"
"base","no-console","native-candidate","eslint/no-console","false","2","12"
"base","no-const-assign","native-candidate","eslint/no-const-assign","false","2","10"
"base","no-control-regex","native-candidate","eslint/no-control-regex","false","2","15"
"base","no-debugger","native-candidate","eslint/no-debugger","false","2","15"
"base","no-delete-var","native-candidate","eslint/no-delete-var","false","2","15"
"base","no-dupe-args","js-plugin-candidate","","false","2","10"
"base","no-dupe-class-members","native-candidate","eslint/no-dupe-class-members","false","2","10"
"base","no-dupe-keys","native-candidate","eslint/no-dupe-keys","false","2","10"
"base","no-duplicate-case","native-candidate","eslint/no-duplicate-case","false","2","15"
"base","no-empty","native-candidate","eslint/no-empty","false","2","15"
"base","no-empty-pattern","native-candidate","eslint/no-empty-pattern","false","2","15"
"base","no-eval","native-candidate","eslint/no-eval","false","2","15"
"base","no-ex-assign","native-candidate","eslint/no-ex-assign","false","2","15"
"base","no-extend-native","native-candidate","eslint/no-extend-native","false","2","15"
"base","no-extra-bind","native-candidate","eslint/no-extra-bind","false","2","15"
"base","no-extra-boolean-cast","native-candidate","eslint/no-extra-boolean-cast","false","2","15"
"base","no-fallthrough","native-candidate","eslint/no-fallthrough","false","2","15"
"base","no-func-assign","native-candidate","eslint/no-func-assign","false","2","10"
"base","no-global-assign","native-candidate","eslint/no-global-assign","false","2","15"
"base","no-implied-eval","native-candidate","eslint/no-implied-eval","false","2","15"
"base","no-import-assign","native-candidate","eslint/no-import-assign","false","2","10"
"base","no-irregular-whitespace","native-candidate","eslint/no-irregular-whitespace","false","2","15"
"base","no-iterator","native-candidate","eslint/no-iterator","false","2","15"
"base","no-labels","native-candidate","eslint/no-labels","false","2","15"
"base","no-lone-blocks","native-candidate","eslint/no-lone-blocks","false","2","15"
"base","no-loss-of-precision","native-candidate","eslint/no-loss-of-precision","false","2","15"
"base","no-misleading-character-class","native-candidate","eslint/no-misleading-character-class","false","2","15"
"base","no-multi-str","native-candidate","eslint/no-multi-str","false","2","15"
"base","no-new","native-candidate","eslint/no-new","false","2","15"
"base","no-new-func","native-candidate","eslint/no-new-func","false","2","15"
"base","no-new-native-nonconstructor","native-candidate","eslint/no-new-native-nonconstructor","false","2","10"
"base","no-new-wrappers","native-candidate","eslint/no-new-wrappers","false","2","15"
"base","no-obj-calls","native-candidate","eslint/no-obj-calls","false","2","10"
"base","no-octal","js-plugin-candidate","","false","2","15"
"base","no-octal-escape","js-plugin-candidate","","false","2","15"
"base","no-proto","native-candidate","eslint/no-proto","false","2","15"
"base","no-prototype-builtins","native-candidate","eslint/no-prototype-builtins","false","2","15"
"base","no-redeclare","native-candidate","eslint/no-redeclare","false","2","10"
"base","no-regex-spaces","native-candidate","eslint/no-regex-spaces","false","2","15"
"base","no-restricted-globals","native-candidate","eslint/no-restricted-globals","false","2","15"
"base","no-restricted-properties","native-candidate","eslint/no-restricted-properties","false","2","15"
"base","no-restricted-syntax","js-plugin-candidate","","false","2","14"
"base","no-self-assign","native-candidate","eslint/no-self-assign","false","2","15"
"base","no-self-compare","native-candidate","eslint/no-self-compare","false","2","15"
"base","no-sequences","native-candidate","eslint/no-sequences","false","2","15"
"base","no-shadow-restricted-names","native-candidate","eslint/no-shadow-restricted-names","false","2","15"
"base","no-sparse-arrays","native-candidate","eslint/no-sparse-arrays","false","2","15"
"base","no-template-curly-in-string","native-candidate","eslint/no-template-curly-in-string","false","2","15"
"base","no-this-before-super","native-candidate","eslint/no-this-before-super","false","2","10"
"base","no-throw-literal","native-candidate","eslint/no-throw-literal","false","2","15"
"base","no-undef","native-candidate","eslint/no-undef","false","2","10"
"base","no-undef-init","js-plugin-candidate","","false","2","15"
"base","no-unexpected-multiline","native-candidate","eslint/no-unexpected-multiline","false","2","15"
"base","no-unmodified-loop-condition","native-candidate","eslint/no-unmodified-loop-condition","false","2","15"
"base","no-unneeded-ternary","native-candidate","eslint/no-unneeded-ternary","false","2","15"
"base","no-unreachable","native-candidate","eslint/no-unreachable","false","2","10"
"base","no-unreachable-loop","native-candidate","eslint/no-unreachable-loop","false","2","15"
"base","no-unsafe-finally","native-candidate","eslint/no-unsafe-finally","false","2","15"
"base","no-unsafe-negation","native-candidate","eslint/no-unsafe-negation","false","2","10"
"base","no-unused-expressions","native-candidate","eslint/no-unused-expressions","false","2","10"
"base","no-unused-vars","native-candidate","eslint/no-unused-vars","false","2","10"
"base","no-use-before-define","native-candidate","eslint/no-use-before-define","false","2","10"
"base","no-useless-call","native-candidate","eslint/no-useless-call","false","2","15"
"base","no-useless-catch","native-candidate","eslint/no-useless-catch","false","2","15"
"base","no-useless-computed-key","native-candidate","eslint/no-useless-computed-key","false","2","15"
"base","no-useless-constructor","native-candidate","eslint/no-useless-constructor","false","2","10"
"base","no-useless-rename","native-candidate","eslint/no-useless-rename","false","2","15"
"base","no-useless-return","native-candidate","eslint/no-useless-return","false","2","15"
"base","no-var","native-candidate","eslint/no-var","false","2","15"
"base","no-with","native-candidate","eslint/no-with","false","2","10"
"base","node/handle-callback-err","native-candidate","node/handle-callback-err","false","1","9"
"base","node/no-deprecated-api","js-plugin-candidate","","false","1","9"
"base","node/no-exports-assign","native-candidate","node/no-exports-assign","false","1","9"
"base","node/no-new-require","native-candidate","node/no-new-require","false","1","9"
"base","node/no-path-concat","native-candidate","node/no-path-concat","false","1","9"
"base","node/prefer-global/buffer","js-plugin-candidate","","false","1","9"
"base","node/prefer-global/process","js-plugin-candidate","","false","1","8"
"base","node/process-exit-as-throw","js-plugin-candidate","","false","1","9"
"base","object-shorthand","native-candidate","eslint/object-shorthand","false","2","15"
"base","one-var","native-candidate","eslint/one-var","false","2","15"
"base","perfectionist/sort-exports","js-plugin-candidate","","false","2","15"
"base","perfectionist/sort-imports","js-plugin-candidate","","false","2","15"
"base","perfectionist/sort-named-exports","js-plugin-candidate","","false","2","15"
"base","perfectionist/sort-named-imports","js-plugin-candidate","","false","2","15"
"base","prefer-arrow-callback","native-candidate","eslint/prefer-arrow-callback","false","2","15"
"base","prefer-const","native-candidate","eslint/prefer-const","false","2","15"
"base","prefer-exponentiation-operator","native-candidate","eslint/prefer-exponentiation-operator","false","2","15"
"base","prefer-promise-reject-errors","native-candidate","eslint/prefer-promise-reject-errors","false","2","15"
"base","prefer-regex-literals","native-candidate","eslint/prefer-regex-literals","false","2","15"
"base","prefer-rest-params","native-candidate","eslint/prefer-rest-params","false","2","15"
"base","prefer-spread","native-candidate","eslint/prefer-spread","false","2","15"
"base","prefer-template","native-candidate","eslint/prefer-template","false","2","15"
"base","regexp/confusing-quantifier","js-plugin-candidate","","false","2","15"
"base","regexp/control-character-escape","js-plugin-candidate","","false","2","15"
"base","regexp/match-any","js-plugin-candidate","","false","2","15"
"base","regexp/negation","js-plugin-candidate","","false","2","15"
"base","regexp/no-contradiction-with-assertion","js-plugin-candidate","","false","2","15"
"base","regexp/no-dupe-characters-character-class","js-plugin-candidate","","false","2","15"
"base","regexp/no-dupe-disjunctions","js-plugin-candidate","","false","2","15"
"base","regexp/no-empty-alternative","js-plugin-candidate","","false","2","15"
"base","regexp/no-empty-capturing-group","js-plugin-candidate","","false","2","15"
"base","regexp/no-empty-character-class","js-plugin-candidate","","false","2","15"
"base","regexp/no-empty-group","js-plugin-candidate","","false","2","15"
"base","regexp/no-empty-lookarounds-assertion","js-plugin-candidate","","false","2","15"
"base","regexp/no-empty-string-literal","js-plugin-candidate","","false","2","15"
"base","regexp/no-escape-backspace","js-plugin-candidate","","false","2","15"
"base","regexp/no-extra-lookaround-assertions","js-plugin-candidate","","false","2","15"
"base","regexp/no-invalid-regexp","js-plugin-candidate","","false","2","15"
"base","regexp/no-invisible-character","js-plugin-candidate","","false","2","15"
"base","regexp/no-lazy-ends","js-plugin-candidate","","false","2","15"
"base","regexp/no-legacy-features","js-plugin-candidate","","false","2","15"
"base","regexp/no-misleading-capturing-group","js-plugin-candidate","","false","2","15"
"base","regexp/no-misleading-unicode-character","js-plugin-candidate","","false","2","15"
"base","regexp/no-missing-g-flag","js-plugin-candidate","","false","2","15"
"base","regexp/no-non-standard-flag","js-plugin-candidate","","false","2","15"
"base","regexp/no-obscure-range","js-plugin-candidate","","false","2","15"
"base","regexp/no-optional-assertion","js-plugin-candidate","","false","2","15"
"base","regexp/no-potentially-useless-backreference","js-plugin-candidate","","false","2","15"
"base","regexp/no-super-linear-backtracking","js-plugin-candidate","","false","2","15"
"base","regexp/no-trivially-nested-assertion","js-plugin-candidate","","false","2","15"
"base","regexp/no-trivially-nested-quantifier","js-plugin-candidate","","false","2","15"
"base","regexp/no-unused-capturing-group","js-plugin-candidate","","false","2","15"
"base","regexp/no-useless-assertions","js-plugin-candidate","","false","2","15"
"base","regexp/no-useless-backreference","js-plugin-candidate","","false","2","15"
"base","regexp/no-useless-character-class","js-plugin-candidate","","false","2","15"
"base","regexp/no-useless-dollar-replacements","js-plugin-candidate","","false","2","15"
"base","regexp/no-useless-escape","js-plugin-candidate","","false","2","15"
"base","regexp/no-useless-flag","js-plugin-candidate","","false","2","15"
"base","regexp/no-useless-lazy","js-plugin-candidate","","false","2","15"
"base","regexp/no-useless-non-capturing-group","js-plugin-candidate","","false","2","15"
"base","regexp/no-useless-quantifier","js-plugin-candidate","","false","2","15"
"base","regexp/no-useless-range","js-plugin-candidate","","false","2","15"
"base","regexp/no-useless-set-operand","js-plugin-candidate","","false","2","15"
"base","regexp/no-useless-string-literal","js-plugin-candidate","","false","2","15"
"base","regexp/no-useless-two-nums-quantifier","js-plugin-candidate","","false","2","15"
"base","regexp/no-zero-quantifier","js-plugin-candidate","","false","2","15"
"base","regexp/optimal-lookaround-quantifier","js-plugin-candidate","","false","2","15"
"base","regexp/optimal-quantifier-concatenation","js-plugin-candidate","","false","2","15"
"base","regexp/prefer-character-class","js-plugin-candidate","","false","2","15"
"base","regexp/prefer-d","js-plugin-candidate","","false","2","15"
"base","regexp/prefer-plus-quantifier","js-plugin-candidate","","false","2","15"
"base","regexp/prefer-predefined-assertion","js-plugin-candidate","","false","2","15"
"base","regexp/prefer-question-quantifier","js-plugin-candidate","","false","2","15"
"base","regexp/prefer-range","js-plugin-candidate","","false","2","15"
"base","regexp/prefer-set-operation","js-plugin-candidate","","false","2","15"
"base","regexp/prefer-star-quantifier","js-plugin-candidate","","false","2","15"
"base","regexp/prefer-unicode-codepoint-escapes","js-plugin-candidate","","false","2","15"
"base","regexp/prefer-w","js-plugin-candidate","","false","2","15"
"base","regexp/simplify-set-operations","js-plugin-candidate","","false","2","15"
"base","regexp/sort-flags","js-plugin-candidate","","false","2","15"
"base","regexp/strict","js-plugin-candidate","","false","2","15"
"base","regexp/use-ignore-case","js-plugin-candidate","","false","2","15"
"base","style/array-bracket-spacing","js-plugin-candidate","","false","2","15"
"base","style/arrow-parens","js-plugin-candidate","","false","2","15"
"base","style/arrow-spacing","js-plugin-candidate","","false","2","15"
"base","style/block-spacing","js-plugin-candidate","","false","2","15"
"base","style/brace-style","js-plugin-candidate","","false","2","15"
"base","style/comma-dangle","js-plugin-candidate","","false","2","15"
"base","style/comma-spacing","js-plugin-candidate","","false","2","15"
"base","style/comma-style","js-plugin-candidate","","false","2","15"
"base","style/computed-property-spacing","js-plugin-candidate","","false","2","15"
"base","style/dot-location","js-plugin-candidate","","false","2","15"
"base","style/eol-last","js-plugin-candidate","","false","2","15"
"base","style/generator-star-spacing","js-plugin-candidate","","false","2","15"
"base","style/indent","js-plugin-candidate","","false","2","15"
"base","style/indent-binary-ops","js-plugin-candidate","","false","2","15"
"base","style/jsx-closing-bracket-location","js-plugin-candidate","","false","2","15"
"base","style/jsx-closing-tag-location","js-plugin-candidate","","false","2","15"
"base","style/jsx-curly-brace-presence","js-plugin-candidate","","false","2","15"
"base","style/jsx-curly-newline","js-plugin-candidate","","false","2","15"
"base","style/jsx-curly-spacing","js-plugin-candidate","","false","2","15"
"base","style/jsx-equals-spacing","js-plugin-candidate","","false","2","15"
"base","style/jsx-first-prop-new-line","js-plugin-candidate","","false","2","15"
"base","style/jsx-function-call-newline","js-plugin-candidate","","false","2","15"
"base","style/jsx-indent-props","js-plugin-candidate","","false","2","15"
"base","style/jsx-max-props-per-line","js-plugin-candidate","","false","2","15"
"base","style/jsx-one-expression-per-line","js-plugin-candidate","","false","2","15"
"base","style/jsx-quotes","js-plugin-candidate","","false","2","15"
"base","style/jsx-tag-spacing","js-plugin-candidate","","false","2","15"
"base","style/jsx-wrap-multilines","js-plugin-candidate","","false","2","15"
"base","style/key-spacing","js-plugin-candidate","","false","2","15"
"base","style/keyword-spacing","js-plugin-candidate","","false","2","15"
"base","style/lines-between-class-members","js-plugin-candidate","","false","2","15"
"base","style/max-statements-per-line","js-plugin-candidate","","false","2","15"
"base","style/member-delimiter-style","js-plugin-candidate","","false","2","15"
"base","style/multiline-ternary","js-plugin-candidate","","false","2","15"
"base","style/new-parens","js-plugin-candidate","","false","2","15"
"base","style/no-extra-parens","js-plugin-candidate","","false","2","15"
"base","style/no-floating-decimal","js-plugin-candidate","","false","2","15"
"base","style/no-mixed-operators","js-plugin-candidate","","false","2","15"
"base","style/no-mixed-spaces-and-tabs","js-plugin-candidate","","false","2","15"
"base","style/no-multi-spaces","js-plugin-candidate","","false","2","15"
"base","style/no-multiple-empty-lines","js-plugin-candidate","","false","2","15"
"base","style/no-tabs","js-plugin-candidate","","false","2","15"
"base","style/no-trailing-spaces","js-plugin-candidate","","false","2","15"
"base","style/no-whitespace-before-property","js-plugin-candidate","","false","2","15"
"base","style/object-curly-spacing","js-plugin-candidate","","false","2","15"
"base","style/operator-linebreak","js-plugin-candidate","","false","2","15"
"base","style/padded-blocks","js-plugin-candidate","","false","2","15"
"base","style/quote-props","js-plugin-candidate","","false","2","15"
"base","style/quotes","js-plugin-candidate","","false","2","15"
"base","style/rest-spread-spacing","js-plugin-candidate","","false","2","15"
"base","style/semi","js-plugin-candidate","","false","2","15"
"base","style/semi-spacing","js-plugin-candidate","","false","2","15"
"base","style/space-before-blocks","js-plugin-candidate","","false","2","15"
"base","style/space-before-function-paren","js-plugin-candidate","","false","2","15"
"base","style/space-in-parens","js-plugin-candidate","","false","2","15"
"base","style/space-infix-ops","js-plugin-candidate","","false","2","15"
"base","style/space-unary-ops","js-plugin-candidate","","false","2","15"
"base","style/spaced-comment","js-plugin-candidate","","false","2","13"
"base","style/template-curly-spacing","js-plugin-candidate","","false","2","15"
"base","style/template-tag-spacing","js-plugin-candidate","","false","2","15"
"base","style/type-annotation-spacing","js-plugin-candidate","","false","2","15"
"base","style/type-generic-spacing","js-plugin-candidate","","false","2","15"
"base","style/type-named-tuple-spacing","js-plugin-candidate","","false","2","15"
"base","style/wrap-iife","js-plugin-candidate","","false","2","15"
"base","style/yield-star-spacing","js-plugin-candidate","","false","2","15"
"base","symbol-description","native-candidate","eslint/symbol-description","false","2","15"
"base","test/consistent-test-it","native-candidate","vitest/consistent-test-it","false","1","1"
"base","test/no-identical-title","native-candidate","vitest/no-identical-title","false","1","1"
"base","test/no-import-node-test","native-candidate","vitest/no-import-node-test","false","1","1"
"base","test/no-only-tests","js-plugin-candidate","","false","1","1"
"base","test/prefer-hooks-in-order","native-candidate","vitest/prefer-hooks-in-order","false","1","1"
"base","test/prefer-lowercase-title","native-candidate","vitest/prefer-lowercase-title","false","1","1"
"base","toml/array-bracket-newline","eslint-fallback","","false","1","1"
"base","toml/array-bracket-spacing","eslint-fallback","","false","1","1"
"base","toml/array-element-newline","eslint-fallback","","false","1","1"
"base","toml/comma-style","eslint-fallback","","false","1","1"
"base","toml/indent","eslint-fallback","","false","1","1"
"base","toml/inline-table-curly-spacing","eslint-fallback","","false","1","1"
"base","toml/key-spacing","eslint-fallback","","false","1","1"
"base","toml/keys-order","eslint-fallback","","false","1","1"
"base","toml/no-space-dots","eslint-fallback","","false","1","1"
"base","toml/no-unreadable-number-separator","eslint-fallback","","false","1","1"
"base","toml/padding-line-between-pairs","eslint-fallback","","false","1","1"
"base","toml/padding-line-between-tables","eslint-fallback","","false","1","1"
"base","toml/precision-of-fractional-seconds","eslint-fallback","","false","1","1"
"base","toml/precision-of-integer","eslint-fallback","","false","1","1"
"base","toml/quoted-keys","eslint-fallback","","false","1","1"
"base","toml/spaced-comment","eslint-fallback","","false","1","1"
"base","toml/table-bracket-spacing","eslint-fallback","","false","1","1"
"base","toml/tables-order","eslint-fallback","","false","1","1"
"base","toml/vue-custom-block/no-parsing-error","eslint-fallback","","false","1","1"
"base","ts/ban-ts-comment","native-candidate","typescript/ban-ts-comment","false","1","5"
"base","ts/consistent-type-definitions","native-candidate","typescript/consistent-type-definitions","false","1","5"
"base","ts/consistent-type-imports","native-candidate","typescript/consistent-type-imports","false","1","5"
"base","ts/method-signature-style","native-candidate","typescript/method-signature-style","false","1","5"
"base","ts/no-array-constructor","js-plugin-candidate","","false","1","5"
"base","ts/no-dupe-class-members","js-plugin-candidate","","false","1","5"
"base","ts/no-duplicate-enum-values","native-candidate","typescript/no-duplicate-enum-values","false","1","5"
"base","ts/no-empty-object-type","native-candidate","typescript/no-empty-object-type","false","1","5"
"base","ts/no-extra-non-null-assertion","native-candidate","typescript/no-extra-non-null-assertion","false","1","5"
"base","ts/no-import-type-side-effects","native-candidate","typescript/no-import-type-side-effects","false","1","5"
"base","ts/no-misused-new","native-candidate","typescript/no-misused-new","false","1","5"
"base","ts/no-namespace","native-candidate","typescript/no-namespace","false","1","5"
"base","ts/no-non-null-asserted-nullish-coalescing","native-candidate","typescript/no-non-null-asserted-nullish-coalescing","false","1","5"
"base","ts/no-non-null-asserted-optional-chain","native-candidate","typescript/no-non-null-asserted-optional-chain","false","1","5"
"base","ts/no-redeclare","js-plugin-candidate","","false","1","5"
"base","ts/no-require-imports","native-candidate","typescript/no-require-imports","false","1","5"
"base","ts/no-this-alias","native-candidate","typescript/no-this-alias","false","1","5"
"base","ts/no-unnecessary-type-constraint","native-candidate","typescript/no-unnecessary-type-constraint","false","1","5"
"base","ts/no-unsafe-declaration-merging","native-candidate","typescript/no-unsafe-declaration-merging","false","1","5"
"base","ts/no-unsafe-function-type","native-candidate","typescript/no-unsafe-function-type","false","1","5"
"base","ts/no-unused-expressions","js-plugin-candidate","","false","1","5"
"base","ts/no-use-before-define","js-plugin-candidate","","false","1","5"
"base","ts/no-wrapper-object-types","native-candidate","typescript/no-wrapper-object-types","false","1","5"
"base","ts/prefer-as-const","native-candidate","typescript/prefer-as-const","false","1","5"
"base","ts/prefer-literal-enum-member","native-candidate","typescript/prefer-literal-enum-member","false","1","5"
"base","ts/prefer-namespace-keyword","native-candidate","typescript/prefer-namespace-keyword","false","1","5"
"base","unicode-bom","native-candidate","eslint/unicode-bom","false","2","15"
"base","unicorn/consistent-empty-array-spread","native-candidate","unicorn/consistent-empty-array-spread","false","1","9"
"base","unicorn/error-message","native-candidate","unicorn/error-message","false","1","9"
"base","unicorn/escape-case","native-candidate","unicorn/escape-case","false","1","9"
"base","unicorn/new-for-builtins","native-candidate","unicorn/new-for-builtins","false","1","9"
"base","unicorn/no-instanceof-builtins","native-candidate","unicorn/no-instanceof-builtins","false","1","9"
"base","unicorn/no-new-array","native-candidate","unicorn/no-new-array","false","1","9"
"base","unicorn/no-new-buffer","native-candidate","unicorn/no-new-buffer","false","1","9"
"base","unicorn/number-literal-case","native-candidate","unicorn/number-literal-case","false","1","9"
"base","unicorn/prefer-dom-node-text-content","native-candidate","unicorn/prefer-dom-node-text-content","false","1","9"
"base","unicorn/prefer-includes","native-candidate","unicorn/prefer-includes","false","1","9"
"base","unicorn/prefer-node-protocol","native-candidate","unicorn/prefer-node-protocol","false","1","9"
"base","unicorn/prefer-number-properties","native-candidate","unicorn/prefer-number-properties","false","1","9"
"base","unicorn/prefer-string-starts-ends-with","native-candidate","unicorn/prefer-string-starts-ends-with","false","1","9"
"base","unicorn/prefer-type-error","native-candidate","unicorn/prefer-type-error","false","1","9"
"base","unicorn/throw-new-error","native-candidate","unicorn/throw-new-error","false","1","9"
"base","unused-imports/no-unused-imports","js-plugin-candidate","","false","2","15"
"base","unused-imports/no-unused-vars","js-plugin-candidate","","false","2","14"
"base","use-isnan","native-candidate","eslint/use-isnan","false","2","15"
"base","valid-typeof","native-candidate","eslint/valid-typeof","false","2","15"
"base","vars-on-top","native-candidate","eslint/vars-on-top","false","2","15"
"base","yaml/block-mapping","eslint-fallback","","false","1","1"
"base","yaml/block-mapping-question-indicator-newline","eslint-fallback","","false","1","1"
"base","yaml/block-sequence","eslint-fallback","","false","1","1"
"base","yaml/block-sequence-hyphen-indicator-newline","eslint-fallback","","false","1","1"
"base","yaml/flow-mapping-curly-newline","eslint-fallback","","false","1","1"
"base","yaml/flow-mapping-curly-spacing","eslint-fallback","","false","1","1"
"base","yaml/flow-sequence-bracket-newline","eslint-fallback","","false","1","1"
"base","yaml/flow-sequence-bracket-spacing","eslint-fallback","","false","1","1"
"base","yaml/indent","eslint-fallback","","false","1","1"
"base","yaml/key-spacing","eslint-fallback","","false","1","1"
"base","yaml/no-empty-key","eslint-fallback","","false","1","1"
"base","yaml/no-empty-sequence-entry","eslint-fallback","","false","1","1"
"base","yaml/no-irregular-whitespace","eslint-fallback","","false","1","1"
"base","yaml/no-multiple-empty-lines","eslint-fallback","","false","1","1"
"base","yaml/no-tab-indent","eslint-fallback","","false","1","1"
"base","yaml/plain-scalar","eslint-fallback","","false","1","1"
"base","yaml/quotes","eslint-fallback","","false","1","1"
"base","yaml/spaced-comment","eslint-fallback","","false","1","1"
"base","yaml/vue-custom-block/no-parsing-error","eslint-fallback","","false","1","1"
"base","yoda","native-candidate","eslint/yoda","false","2","15"
"editor","accessor-pairs","native-candidate","eslint/accessor-pairs","false","2","15"
"editor","antfu/consistent-chaining","js-plugin-candidate","","false","2","15"
"editor","antfu/consistent-list-newline","js-plugin-candidate","","false","2","15"
"editor","antfu/curly","js-plugin-candidate","","false","2","15"
"editor","antfu/if-newline","js-plugin-candidate","","false","2","15"
"editor","antfu/import-dedupe","js-plugin-candidate","","false","2","15"
"editor","antfu/no-import-dist","js-plugin-candidate","","false","2","14"
"editor","antfu/no-import-node-modules-by-path","js-plugin-candidate","","false","2","14"
"editor","antfu/no-top-level-await","js-plugin-candidate","","false","2","11"
"editor","antfu/top-level-function","js-plugin-candidate","","false","2","15"
"editor","array-callback-return","native-candidate","eslint/array-callback-return","false","2","15"
"editor","block-scoped-var","native-candidate","eslint/block-scoped-var","false","2","15"
"editor","command/command","js-plugin-candidate","","false","2","15"
"editor","constructor-super","native-candidate","eslint/constructor-super","false","2","10"
"editor","default-case-last","native-candidate","eslint/default-case-last","false","2","15"
"editor","dot-notation","js-plugin-candidate","","false","2","15"
"editor","e18e/prefer-array-fill","js-plugin-candidate","","false","2","15"
"editor","e18e/prefer-array-some","js-plugin-candidate","","false","2","15"
"editor","e18e/prefer-date-now","js-plugin-candidate","","false","2","15"
"editor","e18e/prefer-includes","js-plugin-candidate","","false","2","15"
"editor","e18e/prefer-nullish-coalescing","js-plugin-candidate","","false","2","15"
"editor","e18e/prefer-object-has-own","js-plugin-candidate","","false","2","15"
"editor","e18e/prefer-regex-test","js-plugin-candidate","","false","2","15"
"editor","e18e/prefer-string-fromcharcode","js-plugin-candidate","","false","2","15"
"editor","e18e/prefer-timer-args","js-plugin-candidate","","false","2","15"
"editor","e18e/prefer-url-canparse","js-plugin-candidate","","false","2","15"
"editor","eqeqeq","native-candidate","eslint/eqeqeq","false","2","15"
"editor","eslint-comments/no-aggregating-enable","js-plugin-candidate","","false","2","15"
"editor","eslint-comments/no-duplicate-disable","js-plugin-candidate","","false","2","15"
"editor","eslint-comments/no-unlimited-disable","js-plugin-candidate","","false","2","14"
"editor","eslint-comments/no-unused-enable","js-plugin-candidate","","false","2","15"
"editor","import/consistent-type-specifier-style","js-plugin-candidate","","false","2","15"
"editor","import/first","js-plugin-candidate","","false","2","15"
"editor","import/newline-after-import","js-plugin-candidate","","false","2","15"
"editor","import/no-duplicates","js-plugin-candidate","","false","2","15"
"editor","import/no-mutable-exports","js-plugin-candidate","","false","2","15"
"editor","import/no-named-default","js-plugin-candidate","","false","2","15"
"editor","jsdoc/check-access","native-candidate","jsdoc/check-access","false","1","9"
"editor","jsdoc/check-alignment","js-plugin-candidate","","false","1","9"
"editor","jsdoc/check-param-names","js-plugin-candidate","","false","1","9"
"editor","jsdoc/check-property-names","native-candidate","jsdoc/check-property-names","false","1","9"
"editor","jsdoc/check-types","js-plugin-candidate","","false","1","9"
"editor","jsdoc/empty-tags","native-candidate","jsdoc/empty-tags","false","1","9"
"editor","jsdoc/implements-on-classes","native-candidate","jsdoc/implements-on-classes","false","1","9"
"editor","jsdoc/multiline-blocks","js-plugin-candidate","","false","1","9"
"editor","jsdoc/no-defaults","native-candidate","jsdoc/no-defaults","false","1","9"
"editor","jsdoc/no-multi-asterisks","js-plugin-candidate","","false","1","9"
"editor","jsdoc/require-param-name","native-candidate","jsdoc/require-param-name","false","1","9"
"editor","jsdoc/require-property","native-candidate","jsdoc/require-property","false","1","9"
"editor","jsdoc/require-property-description","native-candidate","jsdoc/require-property-description","false","1","9"
"editor","jsdoc/require-property-name","native-candidate","jsdoc/require-property-name","false","1","9"
"editor","jsdoc/require-returns-check","js-plugin-candidate","","false","1","9"
"editor","jsdoc/require-returns-description","native-candidate","jsdoc/require-returns-description","false","1","9"
"editor","jsdoc/require-yields-check","js-plugin-candidate","","false","1","9"
"editor","jsonc/array-bracket-spacing","eslint-fallback","","false","1","4"
"editor","jsonc/comma-dangle","eslint-fallback","","false","1","4"
"editor","jsonc/comma-style","eslint-fallback","","false","1","4"
"editor","jsonc/indent","eslint-fallback","","false","1","4"
"editor","jsonc/key-spacing","eslint-fallback","","false","1","4"
"editor","jsonc/no-bigint-literals","eslint-fallback","","false","1","4"
"editor","jsonc/no-binary-expression","eslint-fallback","","false","1","4"
"editor","jsonc/no-binary-numeric-literals","eslint-fallback","","false","1","4"
"editor","jsonc/no-dupe-keys","eslint-fallback","","false","1","4"
"editor","jsonc/no-escape-sequence-in-identifier","eslint-fallback","","false","1","4"
"editor","jsonc/no-floating-decimal","eslint-fallback","","false","1","4"
"editor","jsonc/no-hexadecimal-numeric-literals","eslint-fallback","","false","1","4"
"editor","jsonc/no-infinity","eslint-fallback","","false","1","4"
"editor","jsonc/no-multi-str","eslint-fallback","","false","1","4"
"editor","jsonc/no-nan","eslint-fallback","","false","1","4"
"editor","jsonc/no-number-props","eslint-fallback","","false","1","4"
"editor","jsonc/no-numeric-separators","eslint-fallback","","false","1","4"
"editor","jsonc/no-octal","eslint-fallback","","false","1","4"
"editor","jsonc/no-octal-escape","eslint-fallback","","false","1","4"
"editor","jsonc/no-octal-numeric-literals","eslint-fallback","","false","1","4"
"editor","jsonc/no-parenthesized","eslint-fallback","","false","1","4"
"editor","jsonc/no-plus-sign","eslint-fallback","","false","1","4"
"editor","jsonc/no-regexp-literals","eslint-fallback","","false","1","4"
"editor","jsonc/no-sparse-arrays","eslint-fallback","","false","1","4"
"editor","jsonc/no-template-literals","eslint-fallback","","false","1","4"
"editor","jsonc/no-undefined-value","eslint-fallback","","false","1","4"
"editor","jsonc/no-unicode-codepoint-escapes","eslint-fallback","","false","1","4"
"editor","jsonc/no-useless-escape","eslint-fallback","","false","1","4"
"editor","jsonc/object-curly-newline","eslint-fallback","","false","1","4"
"editor","jsonc/object-curly-spacing","eslint-fallback","","false","1","4"
"editor","jsonc/object-property-newline","eslint-fallback","","false","1","4"
"editor","jsonc/quote-props","eslint-fallback","","false","1","4"
"editor","jsonc/quotes","eslint-fallback","","false","1","4"
"editor","jsonc/sort-array-values","eslint-fallback","","false","1","1"
"editor","jsonc/sort-keys","eslint-fallback","","false","2","2"
"editor","jsonc/space-unary-ops","eslint-fallback","","false","1","4"
"editor","jsonc/valid-json-number","eslint-fallback","","false","1","4"
"editor","jsonc/vue-custom-block/no-parsing-error","eslint-fallback","","false","1","4"
"editor","markdown/heading-increment","eslint-fallback","","false","1","1"
"editor","markdown/no-duplicate-definitions","eslint-fallback","","false","1","1"
"editor","markdown/no-empty-definitions","eslint-fallback","","false","1","1"
"editor","markdown/no-empty-images","eslint-fallback","","false","1","1"
"editor","markdown/no-empty-links","eslint-fallback","","false","1","1"
"editor","markdown/no-invalid-label-refs","eslint-fallback","","false","1","1"
"editor","markdown/no-missing-atx-heading-space","eslint-fallback","","false","1","1"
"editor","markdown/no-missing-link-fragments","eslint-fallback","","false","1","1"
"editor","markdown/no-multiple-h1","eslint-fallback","","false","1","1"
"editor","markdown/no-reference-like-urls","eslint-fallback","","false","1","1"
"editor","markdown/no-reversed-media-syntax","eslint-fallback","","false","1","1"
"editor","markdown/no-space-in-emphasis","eslint-fallback","","false","1","1"
"editor","markdown/no-unused-definitions","eslint-fallback","","false","1","1"
"editor","markdown/require-alt-text","eslint-fallback","","false","1","1"
"editor","markdown/table-column-count","eslint-fallback","","false","1","1"
"editor","new-cap","native-candidate","eslint/new-cap","false","2","15"
"editor","no-alert","native-candidate","eslint/no-alert","false","2","15"
"editor","no-array-constructor","native-candidate","eslint/no-array-constructor","false","2","10"
"editor","no-async-promise-executor","native-candidate","eslint/no-async-promise-executor","false","2","15"
"editor","no-caller","native-candidate","eslint/no-caller","false","2","15"
"editor","no-case-declarations","native-candidate","eslint/no-case-declarations","false","2","15"
"editor","no-class-assign","native-candidate","eslint/no-class-assign","false","2","10"
"editor","no-compare-neg-zero","native-candidate","eslint/no-compare-neg-zero","false","2","15"
"editor","no-cond-assign","native-candidate","eslint/no-cond-assign","false","2","15"
"editor","no-console","native-candidate","eslint/no-console","false","2","12"
"editor","no-const-assign","native-candidate","eslint/no-const-assign","false","2","10"
"editor","no-control-regex","native-candidate","eslint/no-control-regex","false","2","15"
"editor","no-debugger","native-candidate","eslint/no-debugger","false","2","15"
"editor","no-delete-var","native-candidate","eslint/no-delete-var","false","2","15"
"editor","no-dupe-args","js-plugin-candidate","","false","2","10"
"editor","no-dupe-class-members","native-candidate","eslint/no-dupe-class-members","false","2","10"
"editor","no-dupe-keys","native-candidate","eslint/no-dupe-keys","false","2","10"
"editor","no-duplicate-case","native-candidate","eslint/no-duplicate-case","false","2","15"
"editor","no-empty","native-candidate","eslint/no-empty","false","2","15"
"editor","no-empty-pattern","native-candidate","eslint/no-empty-pattern","false","2","15"
"editor","no-eval","native-candidate","eslint/no-eval","false","2","15"
"editor","no-ex-assign","native-candidate","eslint/no-ex-assign","false","2","15"
"editor","no-extend-native","native-candidate","eslint/no-extend-native","false","2","15"
"editor","no-extra-bind","native-candidate","eslint/no-extra-bind","false","2","15"
"editor","no-extra-boolean-cast","native-candidate","eslint/no-extra-boolean-cast","false","2","15"
"editor","no-fallthrough","native-candidate","eslint/no-fallthrough","false","2","15"
"editor","no-func-assign","native-candidate","eslint/no-func-assign","false","2","10"
"editor","no-global-assign","native-candidate","eslint/no-global-assign","false","2","15"
"editor","no-implied-eval","native-candidate","eslint/no-implied-eval","false","2","15"
"editor","no-import-assign","native-candidate","eslint/no-import-assign","false","2","10"
"editor","no-irregular-whitespace","native-candidate","eslint/no-irregular-whitespace","false","2","15"
"editor","no-iterator","native-candidate","eslint/no-iterator","false","2","15"
"editor","no-labels","native-candidate","eslint/no-labels","false","2","15"
"editor","no-lone-blocks","native-candidate","eslint/no-lone-blocks","false","2","15"
"editor","no-loss-of-precision","native-candidate","eslint/no-loss-of-precision","false","2","15"
"editor","no-misleading-character-class","native-candidate","eslint/no-misleading-character-class","false","2","15"
"editor","no-multi-str","native-candidate","eslint/no-multi-str","false","2","15"
"editor","no-new","native-candidate","eslint/no-new","false","2","15"
"editor","no-new-func","native-candidate","eslint/no-new-func","false","2","15"
"editor","no-new-native-nonconstructor","native-candidate","eslint/no-new-native-nonconstructor","false","2","10"
"editor","no-new-wrappers","native-candidate","eslint/no-new-wrappers","false","2","15"
"editor","no-obj-calls","native-candidate","eslint/no-obj-calls","false","2","10"
"editor","no-octal","js-plugin-candidate","","false","2","15"
"editor","no-octal-escape","js-plugin-candidate","","false","2","15"
"editor","no-proto","native-candidate","eslint/no-proto","false","2","15"
"editor","no-prototype-builtins","native-candidate","eslint/no-prototype-builtins","false","2","15"
"editor","no-redeclare","native-candidate","eslint/no-redeclare","false","2","10"
"editor","no-regex-spaces","native-candidate","eslint/no-regex-spaces","false","2","15"
"editor","no-restricted-globals","native-candidate","eslint/no-restricted-globals","false","2","15"
"editor","no-restricted-properties","native-candidate","eslint/no-restricted-properties","false","2","15"
"editor","no-restricted-syntax","js-plugin-candidate","","false","2","14"
"editor","no-self-assign","native-candidate","eslint/no-self-assign","false","2","15"
"editor","no-self-compare","native-candidate","eslint/no-self-compare","false","2","15"
"editor","no-sequences","native-candidate","eslint/no-sequences","false","2","15"
"editor","no-shadow-restricted-names","native-candidate","eslint/no-shadow-restricted-names","false","2","15"
"editor","no-sparse-arrays","native-candidate","eslint/no-sparse-arrays","false","2","15"
"editor","no-template-curly-in-string","native-candidate","eslint/no-template-curly-in-string","false","2","15"
"editor","no-this-before-super","native-candidate","eslint/no-this-before-super","false","2","10"
"editor","no-throw-literal","native-candidate","eslint/no-throw-literal","false","2","15"
"editor","no-undef","native-candidate","eslint/no-undef","false","2","10"
"editor","no-undef-init","js-plugin-candidate","","false","2","15"
"editor","no-unexpected-multiline","native-candidate","eslint/no-unexpected-multiline","false","2","15"
"editor","no-unmodified-loop-condition","native-candidate","eslint/no-unmodified-loop-condition","false","2","15"
"editor","no-unneeded-ternary","native-candidate","eslint/no-unneeded-ternary","false","2","15"
"editor","no-unreachable","native-candidate","eslint/no-unreachable","false","2","10"
"editor","no-unreachable-loop","native-candidate","eslint/no-unreachable-loop","false","2","15"
"editor","no-unsafe-finally","native-candidate","eslint/no-unsafe-finally","false","2","15"
"editor","no-unsafe-negation","native-candidate","eslint/no-unsafe-negation","false","2","10"
"editor","no-unused-expressions","native-candidate","eslint/no-unused-expressions","false","2","10"
"editor","no-unused-vars","native-candidate","eslint/no-unused-vars","false","2","10"
"editor","no-use-before-define","native-candidate","eslint/no-use-before-define","false","2","10"
"editor","no-useless-call","native-candidate","eslint/no-useless-call","false","2","15"
"editor","no-useless-catch","native-candidate","eslint/no-useless-catch","false","2","15"
"editor","no-useless-computed-key","native-candidate","eslint/no-useless-computed-key","false","2","15"
"editor","no-useless-constructor","native-candidate","eslint/no-useless-constructor","false","2","10"
"editor","no-useless-rename","native-candidate","eslint/no-useless-rename","false","2","15"
"editor","no-useless-return","native-candidate","eslint/no-useless-return","false","2","15"
"editor","no-var","native-candidate","eslint/no-var","false","2","15"
"editor","no-with","native-candidate","eslint/no-with","false","2","10"
"editor","node/handle-callback-err","native-candidate","node/handle-callback-err","false","1","9"
"editor","node/no-deprecated-api","js-plugin-candidate","","false","1","9"
"editor","node/no-exports-assign","native-candidate","node/no-exports-assign","false","1","9"
"editor","node/no-new-require","native-candidate","node/no-new-require","false","1","9"
"editor","node/no-path-concat","native-candidate","node/no-path-concat","false","1","9"
"editor","node/prefer-global/buffer","js-plugin-candidate","","false","1","9"
"editor","node/prefer-global/process","js-plugin-candidate","","false","1","8"
"editor","node/process-exit-as-throw","js-plugin-candidate","","false","1","9"
"editor","object-shorthand","native-candidate","eslint/object-shorthand","false","2","15"
"editor","one-var","native-candidate","eslint/one-var","false","2","15"
"editor","perfectionist/sort-exports","js-plugin-candidate","","false","2","15"
"editor","perfectionist/sort-imports","js-plugin-candidate","","false","2","15"
"editor","perfectionist/sort-named-exports","js-plugin-candidate","","false","2","15"
"editor","perfectionist/sort-named-imports","js-plugin-candidate","","false","2","15"
"editor","prefer-arrow-callback","native-candidate","eslint/prefer-arrow-callback","false","2","15"
"editor","prefer-const","native-candidate","eslint/prefer-const","false","3","15"
"editor","prefer-exponentiation-operator","native-candidate","eslint/prefer-exponentiation-operator","false","2","15"
"editor","prefer-promise-reject-errors","native-candidate","eslint/prefer-promise-reject-errors","false","2","15"
"editor","prefer-regex-literals","native-candidate","eslint/prefer-regex-literals","false","2","15"
"editor","prefer-rest-params","native-candidate","eslint/prefer-rest-params","false","2","15"
"editor","prefer-spread","native-candidate","eslint/prefer-spread","false","2","15"
"editor","prefer-template","native-candidate","eslint/prefer-template","false","2","15"
"editor","regexp/confusing-quantifier","js-plugin-candidate","","false","2","15"
"editor","regexp/control-character-escape","js-plugin-candidate","","false","2","15"
"editor","regexp/match-any","js-plugin-candidate","","false","2","15"
"editor","regexp/negation","js-plugin-candidate","","false","2","15"
"editor","regexp/no-contradiction-with-assertion","js-plugin-candidate","","false","2","15"
"editor","regexp/no-dupe-characters-character-class","js-plugin-candidate","","false","2","15"
"editor","regexp/no-dupe-disjunctions","js-plugin-candidate","","false","2","15"
"editor","regexp/no-empty-alternative","js-plugin-candidate","","false","2","15"
"editor","regexp/no-empty-capturing-group","js-plugin-candidate","","false","2","15"
"editor","regexp/no-empty-character-class","js-plugin-candidate","","false","2","15"
"editor","regexp/no-empty-group","js-plugin-candidate","","false","2","15"
"editor","regexp/no-empty-lookarounds-assertion","js-plugin-candidate","","false","2","15"
"editor","regexp/no-empty-string-literal","js-plugin-candidate","","false","2","15"
"editor","regexp/no-escape-backspace","js-plugin-candidate","","false","2","15"
"editor","regexp/no-extra-lookaround-assertions","js-plugin-candidate","","false","2","15"
"editor","regexp/no-invalid-regexp","js-plugin-candidate","","false","2","15"
"editor","regexp/no-invisible-character","js-plugin-candidate","","false","2","15"
"editor","regexp/no-lazy-ends","js-plugin-candidate","","false","2","15"
"editor","regexp/no-legacy-features","js-plugin-candidate","","false","2","15"
"editor","regexp/no-misleading-capturing-group","js-plugin-candidate","","false","2","15"
"editor","regexp/no-misleading-unicode-character","js-plugin-candidate","","false","2","15"
"editor","regexp/no-missing-g-flag","js-plugin-candidate","","false","2","15"
"editor","regexp/no-non-standard-flag","js-plugin-candidate","","false","2","15"
"editor","regexp/no-obscure-range","js-plugin-candidate","","false","2","15"
"editor","regexp/no-optional-assertion","js-plugin-candidate","","false","2","15"
"editor","regexp/no-potentially-useless-backreference","js-plugin-candidate","","false","2","15"
"editor","regexp/no-super-linear-backtracking","js-plugin-candidate","","false","2","15"
"editor","regexp/no-trivially-nested-assertion","js-plugin-candidate","","false","2","15"
"editor","regexp/no-trivially-nested-quantifier","js-plugin-candidate","","false","2","15"
"editor","regexp/no-unused-capturing-group","js-plugin-candidate","","false","2","15"
"editor","regexp/no-useless-assertions","js-plugin-candidate","","false","2","15"
"editor","regexp/no-useless-backreference","js-plugin-candidate","","false","2","15"
"editor","regexp/no-useless-character-class","js-plugin-candidate","","false","2","15"
"editor","regexp/no-useless-dollar-replacements","js-plugin-candidate","","false","2","15"
"editor","regexp/no-useless-escape","js-plugin-candidate","","false","2","15"
"editor","regexp/no-useless-flag","js-plugin-candidate","","false","2","15"
"editor","regexp/no-useless-lazy","js-plugin-candidate","","false","2","15"
"editor","regexp/no-useless-non-capturing-group","js-plugin-candidate","","false","2","15"
"editor","regexp/no-useless-quantifier","js-plugin-candidate","","false","2","15"
"editor","regexp/no-useless-range","js-plugin-candidate","","false","2","15"
"editor","regexp/no-useless-set-operand","js-plugin-candidate","","false","2","15"
"editor","regexp/no-useless-string-literal","js-plugin-candidate","","false","2","15"
"editor","regexp/no-useless-two-nums-quantifier","js-plugin-candidate","","false","2","15"
"editor","regexp/no-zero-quantifier","js-plugin-candidate","","false","2","15"
"editor","regexp/optimal-lookaround-quantifier","js-plugin-candidate","","false","2","15"
"editor","regexp/optimal-quantifier-concatenation","js-plugin-candidate","","false","2","15"
"editor","regexp/prefer-character-class","js-plugin-candidate","","false","2","15"
"editor","regexp/prefer-d","js-plugin-candidate","","false","2","15"
"editor","regexp/prefer-plus-quantifier","js-plugin-candidate","","false","2","15"
"editor","regexp/prefer-predefined-assertion","js-plugin-candidate","","false","2","15"
"editor","regexp/prefer-question-quantifier","js-plugin-candidate","","false","2","15"
"editor","regexp/prefer-range","js-plugin-candidate","","false","2","15"
"editor","regexp/prefer-set-operation","js-plugin-candidate","","false","2","15"
"editor","regexp/prefer-star-quantifier","js-plugin-candidate","","false","2","15"
"editor","regexp/prefer-unicode-codepoint-escapes","js-plugin-candidate","","false","2","15"
"editor","regexp/prefer-w","js-plugin-candidate","","false","2","15"
"editor","regexp/simplify-set-operations","js-plugin-candidate","","false","2","15"
"editor","regexp/sort-flags","js-plugin-candidate","","false","2","15"
"editor","regexp/strict","js-plugin-candidate","","false","2","15"
"editor","regexp/use-ignore-case","js-plugin-candidate","","false","2","15"
"editor","style/array-bracket-spacing","js-plugin-candidate","","false","2","15"
"editor","style/arrow-parens","js-plugin-candidate","","false","2","15"
"editor","style/arrow-spacing","js-plugin-candidate","","false","2","15"
"editor","style/block-spacing","js-plugin-candidate","","false","2","15"
"editor","style/brace-style","js-plugin-candidate","","false","2","15"
"editor","style/comma-dangle","js-plugin-candidate","","false","2","15"
"editor","style/comma-spacing","js-plugin-candidate","","false","2","15"
"editor","style/comma-style","js-plugin-candidate","","false","2","15"
"editor","style/computed-property-spacing","js-plugin-candidate","","false","2","15"
"editor","style/dot-location","js-plugin-candidate","","false","2","15"
"editor","style/eol-last","js-plugin-candidate","","false","2","15"
"editor","style/generator-star-spacing","js-plugin-candidate","","false","2","15"
"editor","style/indent","js-plugin-candidate","","false","2","15"
"editor","style/indent-binary-ops","js-plugin-candidate","","false","2","15"
"editor","style/jsx-closing-bracket-location","js-plugin-candidate","","false","2","15"
"editor","style/jsx-closing-tag-location","js-plugin-candidate","","false","2","15"
"editor","style/jsx-curly-brace-presence","js-plugin-candidate","","false","2","15"
"editor","style/jsx-curly-newline","js-plugin-candidate","","false","2","15"
"editor","style/jsx-curly-spacing","js-plugin-candidate","","false","2","15"
"editor","style/jsx-equals-spacing","js-plugin-candidate","","false","2","15"
"editor","style/jsx-first-prop-new-line","js-plugin-candidate","","false","2","15"
"editor","style/jsx-function-call-newline","js-plugin-candidate","","false","2","15"
"editor","style/jsx-indent-props","js-plugin-candidate","","false","2","15"
"editor","style/jsx-max-props-per-line","js-plugin-candidate","","false","2","15"
"editor","style/jsx-one-expression-per-line","js-plugin-candidate","","false","2","15"
"editor","style/jsx-quotes","js-plugin-candidate","","false","2","15"
"editor","style/jsx-tag-spacing","js-plugin-candidate","","false","2","15"
"editor","style/jsx-wrap-multilines","js-plugin-candidate","","false","2","15"
"editor","style/key-spacing","js-plugin-candidate","","false","2","15"
"editor","style/keyword-spacing","js-plugin-candidate","","false","2","15"
"editor","style/lines-between-class-members","js-plugin-candidate","","false","2","15"
"editor","style/max-statements-per-line","js-plugin-candidate","","false","2","15"
"editor","style/member-delimiter-style","js-plugin-candidate","","false","2","15"
"editor","style/multiline-ternary","js-plugin-candidate","","false","2","15"
"editor","style/new-parens","js-plugin-candidate","","false","2","15"
"editor","style/no-extra-parens","js-plugin-candidate","","false","2","15"
"editor","style/no-floating-decimal","js-plugin-candidate","","false","2","15"
"editor","style/no-mixed-operators","js-plugin-candidate","","false","2","15"
"editor","style/no-mixed-spaces-and-tabs","js-plugin-candidate","","false","2","15"
"editor","style/no-multi-spaces","js-plugin-candidate","","false","2","15"
"editor","style/no-multiple-empty-lines","js-plugin-candidate","","false","2","15"
"editor","style/no-tabs","js-plugin-candidate","","false","2","15"
"editor","style/no-trailing-spaces","js-plugin-candidate","","false","2","15"
"editor","style/no-whitespace-before-property","js-plugin-candidate","","false","2","15"
"editor","style/object-curly-spacing","js-plugin-candidate","","false","2","15"
"editor","style/operator-linebreak","js-plugin-candidate","","false","2","15"
"editor","style/padded-blocks","js-plugin-candidate","","false","2","15"
"editor","style/quote-props","js-plugin-candidate","","false","2","15"
"editor","style/quotes","js-plugin-candidate","","false","2","15"
"editor","style/rest-spread-spacing","js-plugin-candidate","","false","2","15"
"editor","style/semi","js-plugin-candidate","","false","2","15"
"editor","style/semi-spacing","js-plugin-candidate","","false","2","15"
"editor","style/space-before-blocks","js-plugin-candidate","","false","2","15"
"editor","style/space-before-function-paren","js-plugin-candidate","","false","2","15"
"editor","style/space-in-parens","js-plugin-candidate","","false","2","15"
"editor","style/space-infix-ops","js-plugin-candidate","","false","2","15"
"editor","style/space-unary-ops","js-plugin-candidate","","false","2","15"
"editor","style/spaced-comment","js-plugin-candidate","","false","2","13"
"editor","style/template-curly-spacing","js-plugin-candidate","","false","2","15"
"editor","style/template-tag-spacing","js-plugin-candidate","","false","2","15"
"editor","style/type-annotation-spacing","js-plugin-candidate","","false","2","15"
"editor","style/type-generic-spacing","js-plugin-candidate","","false","2","15"
"editor","style/type-named-tuple-spacing","js-plugin-candidate","","false","2","15"
"editor","style/wrap-iife","js-plugin-candidate","","false","2","15"
"editor","style/yield-star-spacing","js-plugin-candidate","","false","2","15"
"editor","symbol-description","native-candidate","eslint/symbol-description","false","2","15"
"editor","test/consistent-test-it","native-candidate","vitest/consistent-test-it","false","1","1"
"editor","test/no-identical-title","native-candidate","vitest/no-identical-title","false","1","1"
"editor","test/no-import-node-test","native-candidate","vitest/no-import-node-test","false","1","1"
"editor","test/no-only-tests","js-plugin-candidate","","false","1","1"
"editor","test/prefer-hooks-in-order","native-candidate","vitest/prefer-hooks-in-order","false","1","1"
"editor","test/prefer-lowercase-title","native-candidate","vitest/prefer-lowercase-title","false","1","1"
"editor","toml/array-bracket-newline","eslint-fallback","","false","1","1"
"editor","toml/array-bracket-spacing","eslint-fallback","","false","1","1"
"editor","toml/array-element-newline","eslint-fallback","","false","1","1"
"editor","toml/comma-style","eslint-fallback","","false","1","1"
"editor","toml/indent","eslint-fallback","","false","1","1"
"editor","toml/inline-table-curly-spacing","eslint-fallback","","false","1","1"
"editor","toml/key-spacing","eslint-fallback","","false","1","1"
"editor","toml/keys-order","eslint-fallback","","false","1","1"
"editor","toml/no-space-dots","eslint-fallback","","false","1","1"
"editor","toml/no-unreadable-number-separator","eslint-fallback","","false","1","1"
"editor","toml/padding-line-between-pairs","eslint-fallback","","false","1","1"
"editor","toml/padding-line-between-tables","eslint-fallback","","false","1","1"
"editor","toml/precision-of-fractional-seconds","eslint-fallback","","false","1","1"
"editor","toml/precision-of-integer","eslint-fallback","","false","1","1"
"editor","toml/quoted-keys","eslint-fallback","","false","1","1"
"editor","toml/spaced-comment","eslint-fallback","","false","1","1"
"editor","toml/table-bracket-spacing","eslint-fallback","","false","1","1"
"editor","toml/tables-order","eslint-fallback","","false","1","1"
"editor","toml/vue-custom-block/no-parsing-error","eslint-fallback","","false","1","1"
"editor","ts/ban-ts-comment","native-candidate","typescript/ban-ts-comment","false","1","5"
"editor","ts/consistent-type-definitions","native-candidate","typescript/consistent-type-definitions","false","1","5"
"editor","ts/consistent-type-imports","native-candidate","typescript/consistent-type-imports","false","1","5"
"editor","ts/method-signature-style","native-candidate","typescript/method-signature-style","false","1","5"
"editor","ts/no-array-constructor","js-plugin-candidate","","false","1","5"
"editor","ts/no-dupe-class-members","js-plugin-candidate","","false","1","5"
"editor","ts/no-duplicate-enum-values","native-candidate","typescript/no-duplicate-enum-values","false","1","5"
"editor","ts/no-empty-object-type","native-candidate","typescript/no-empty-object-type","false","1","5"
"editor","ts/no-extra-non-null-assertion","native-candidate","typescript/no-extra-non-null-assertion","false","1","5"
"editor","ts/no-import-type-side-effects","native-candidate","typescript/no-import-type-side-effects","false","1","5"
"editor","ts/no-misused-new","native-candidate","typescript/no-misused-new","false","1","5"
"editor","ts/no-namespace","native-candidate","typescript/no-namespace","false","1","5"
"editor","ts/no-non-null-asserted-nullish-coalescing","native-candidate","typescript/no-non-null-asserted-nullish-coalescing","false","1","5"
"editor","ts/no-non-null-asserted-optional-chain","native-candidate","typescript/no-non-null-asserted-optional-chain","false","1","5"
"editor","ts/no-redeclare","js-plugin-candidate","","false","1","5"
"editor","ts/no-require-imports","native-candidate","typescript/no-require-imports","false","1","5"
"editor","ts/no-this-alias","native-candidate","typescript/no-this-alias","false","1","5"
"editor","ts/no-unnecessary-type-constraint","native-candidate","typescript/no-unnecessary-type-constraint","false","1","5"
"editor","ts/no-unsafe-declaration-merging","native-candidate","typescript/no-unsafe-declaration-merging","false","1","5"
"editor","ts/no-unsafe-function-type","native-candidate","typescript/no-unsafe-function-type","false","1","5"
"editor","ts/no-unused-expressions","js-plugin-candidate","","false","1","5"
"editor","ts/no-use-before-define","js-plugin-candidate","","false","1","5"
"editor","ts/no-wrapper-object-types","native-candidate","typescript/no-wrapper-object-types","false","1","5"
"editor","ts/prefer-as-const","native-candidate","typescript/prefer-as-const","false","1","5"
"editor","ts/prefer-literal-enum-member","native-candidate","typescript/prefer-literal-enum-member","false","1","5"
"editor","ts/prefer-namespace-keyword","native-candidate","typescript/prefer-namespace-keyword","false","1","5"
"editor","unicode-bom","native-candidate","eslint/unicode-bom","false","2","15"
"editor","unicorn/consistent-empty-array-spread","native-candidate","unicorn/consistent-empty-array-spread","false","1","9"
"editor","unicorn/error-message","native-candidate","unicorn/error-message","false","1","9"
"editor","unicorn/escape-case","native-candidate","unicorn/escape-case","false","1","9"
"editor","unicorn/new-for-builtins","native-candidate","unicorn/new-for-builtins","false","1","9"
"editor","unicorn/no-instanceof-builtins","native-candidate","unicorn/no-instanceof-builtins","false","1","9"
"editor","unicorn/no-new-array","native-candidate","unicorn/no-new-array","false","1","9"
"editor","unicorn/no-new-buffer","native-candidate","unicorn/no-new-buffer","false","1","9"
"editor","unicorn/number-literal-case","native-candidate","unicorn/number-literal-case","false","1","9"
"editor","unicorn/prefer-dom-node-text-content","native-candidate","unicorn/prefer-dom-node-text-content","false","1","9"
"editor","unicorn/prefer-includes","native-candidate","unicorn/prefer-includes","false","1","9"
"editor","unicorn/prefer-node-protocol","native-candidate","unicorn/prefer-node-protocol","false","1","9"
"editor","unicorn/prefer-number-properties","native-candidate","unicorn/prefer-number-properties","false","1","9"
"editor","unicorn/prefer-string-starts-ends-with","native-candidate","unicorn/prefer-string-starts-ends-with","false","1","9"
"editor","unicorn/prefer-type-error","native-candidate","unicorn/prefer-type-error","false","1","9"
"editor","unicorn/throw-new-error","native-candidate","unicorn/throw-new-error","false","1","9"
"editor","unused-imports/no-unused-imports","js-plugin-candidate","","false","2","15"
"editor","unused-imports/no-unused-vars","js-plugin-candidate","","false","2","14"
"editor","use-isnan","native-candidate","eslint/use-isnan","false","2","15"
"editor","valid-typeof","native-candidate","eslint/valid-typeof","false","2","15"
"editor","vars-on-top","native-candidate","eslint/vars-on-top","false","2","15"
"editor","yaml/block-mapping","eslint-fallback","","false","1","1"
"editor","yaml/block-mapping-question-indicator-newline","eslint-fallback","","false","1","1"
"editor","yaml/block-sequence","eslint-fallback","","false","1","1"
"editor","yaml/block-sequence-hyphen-indicator-newline","eslint-fallback","","false","1","1"
"editor","yaml/flow-mapping-curly-newline","eslint-fallback","","false","1","1"
"editor","yaml/flow-mapping-curly-spacing","eslint-fallback","","false","1","1"
"editor","yaml/flow-sequence-bracket-newline","eslint-fallback","","false","1","1"
"editor","yaml/flow-sequence-bracket-spacing","eslint-fallback","","false","1","1"
"editor","yaml/indent","eslint-fallback","","false","1","1"
"editor","yaml/key-spacing","eslint-fallback","","false","1","1"
"editor","yaml/no-empty-key","eslint-fallback","","false","1","1"
"editor","yaml/no-empty-sequence-entry","eslint-fallback","","false","1","1"
"editor","yaml/no-irregular-whitespace","eslint-fallback","","false","1","1"
"editor","yaml/no-multiple-empty-lines","eslint-fallback","","false","1","1"
"editor","yaml/no-tab-indent","eslint-fallback","","false","1","1"
"editor","yaml/plain-scalar","eslint-fallback","","false","1","1"
"editor","yaml/quotes","eslint-fallback","","false","1","1"
"editor","yaml/spaced-comment","eslint-fallback","","false","1","1"
"editor","yaml/vue-custom-block/no-parsing-error","eslint-fallback","","false","1","1"
"editor","yoda","native-candidate","eslint/yoda","false","2","15"
"library","accessor-pairs","native-candidate","eslint/accessor-pairs","false","2","15"
"library","antfu/consistent-chaining","js-plugin-candidate","","false","2","15"
"library","antfu/consistent-list-newline","js-plugin-candidate","","false","2","15"
"library","antfu/curly","js-plugin-candidate","","false","2","15"
"library","antfu/if-newline","js-plugin-candidate","","false","2","15"
"library","antfu/import-dedupe","js-plugin-candidate","","false","2","15"
"library","antfu/no-import-dist","js-plugin-candidate","","false","2","14"
"library","antfu/no-import-node-modules-by-path","js-plugin-candidate","","false","2","14"
"library","antfu/no-top-level-await","js-plugin-candidate","","false","2","11"
"library","antfu/top-level-function","js-plugin-candidate","","false","2","15"
"library","array-callback-return","native-candidate","eslint/array-callback-return","false","2","15"
"library","block-scoped-var","native-candidate","eslint/block-scoped-var","false","2","15"
"library","command/command","js-plugin-candidate","","false","2","15"
"library","constructor-super","native-candidate","eslint/constructor-super","false","2","10"
"library","default-case-last","native-candidate","eslint/default-case-last","false","2","15"
"library","dot-notation","js-plugin-candidate","","false","2","15"
"library","e18e/prefer-array-fill","js-plugin-candidate","","false","2","15"
"library","e18e/prefer-array-some","js-plugin-candidate","","false","2","15"
"library","e18e/prefer-date-now","js-plugin-candidate","","false","2","15"
"library","e18e/prefer-includes","js-plugin-candidate","","false","2","15"
"library","e18e/prefer-nullish-coalescing","js-plugin-candidate","","false","2","15"
"library","e18e/prefer-object-has-own","js-plugin-candidate","","false","2","15"
"library","e18e/prefer-regex-test","js-plugin-candidate","","false","2","15"
"library","e18e/prefer-string-fromcharcode","js-plugin-candidate","","false","2","15"
"library","e18e/prefer-timer-args","js-plugin-candidate","","false","2","15"
"library","e18e/prefer-url-canparse","js-plugin-candidate","","false","2","15"
"library","eqeqeq","native-candidate","eslint/eqeqeq","false","2","15"
"library","eslint-comments/no-aggregating-enable","js-plugin-candidate","","false","2","15"
"library","eslint-comments/no-duplicate-disable","js-plugin-candidate","","false","2","15"
"library","eslint-comments/no-unlimited-disable","js-plugin-candidate","","false","2","14"
"library","eslint-comments/no-unused-enable","js-plugin-candidate","","false","2","15"
"library","import/consistent-type-specifier-style","js-plugin-candidate","","false","2","15"
"library","import/first","js-plugin-candidate","","false","2","15"
"library","import/newline-after-import","js-plugin-candidate","","false","2","15"
"library","import/no-duplicates","js-plugin-candidate","","false","2","15"
"library","import/no-mutable-exports","js-plugin-candidate","","false","2","15"
"library","import/no-named-default","js-plugin-candidate","","false","2","15"
"library","jsdoc/check-access","native-candidate","jsdoc/check-access","false","1","9"
"library","jsdoc/check-alignment","js-plugin-candidate","","false","1","9"
"library","jsdoc/check-param-names","js-plugin-candidate","","false","1","9"
"library","jsdoc/check-property-names","native-candidate","jsdoc/check-property-names","false","1","9"
"library","jsdoc/check-types","js-plugin-candidate","","false","1","9"
"library","jsdoc/empty-tags","native-candidate","jsdoc/empty-tags","false","1","9"
"library","jsdoc/implements-on-classes","native-candidate","jsdoc/implements-on-classes","false","1","9"
"library","jsdoc/multiline-blocks","js-plugin-candidate","","false","1","9"
"library","jsdoc/no-defaults","native-candidate","jsdoc/no-defaults","false","1","9"
"library","jsdoc/no-multi-asterisks","js-plugin-candidate","","false","1","9"
"library","jsdoc/require-param-name","native-candidate","jsdoc/require-param-name","false","1","9"
"library","jsdoc/require-property","native-candidate","jsdoc/require-property","false","1","9"
"library","jsdoc/require-property-description","native-candidate","jsdoc/require-property-description","false","1","9"
"library","jsdoc/require-property-name","native-candidate","jsdoc/require-property-name","false","1","9"
"library","jsdoc/require-returns-check","js-plugin-candidate","","false","1","9"
"library","jsdoc/require-returns-description","native-candidate","jsdoc/require-returns-description","false","1","9"
"library","jsdoc/require-yields-check","js-plugin-candidate","","false","1","9"
"library","jsonc/array-bracket-spacing","eslint-fallback","","false","1","4"
"library","jsonc/comma-dangle","eslint-fallback","","false","1","4"
"library","jsonc/comma-style","eslint-fallback","","false","1","4"
"library","jsonc/indent","eslint-fallback","","false","1","4"
"library","jsonc/key-spacing","eslint-fallback","","false","1","4"
"library","jsonc/no-bigint-literals","eslint-fallback","","false","1","4"
"library","jsonc/no-binary-expression","eslint-fallback","","false","1","4"
"library","jsonc/no-binary-numeric-literals","eslint-fallback","","false","1","4"
"library","jsonc/no-dupe-keys","eslint-fallback","","false","1","4"
"library","jsonc/no-escape-sequence-in-identifier","eslint-fallback","","false","1","4"
"library","jsonc/no-floating-decimal","eslint-fallback","","false","1","4"
"library","jsonc/no-hexadecimal-numeric-literals","eslint-fallback","","false","1","4"
"library","jsonc/no-infinity","eslint-fallback","","false","1","4"
"library","jsonc/no-multi-str","eslint-fallback","","false","1","4"
"library","jsonc/no-nan","eslint-fallback","","false","1","4"
"library","jsonc/no-number-props","eslint-fallback","","false","1","4"
"library","jsonc/no-numeric-separators","eslint-fallback","","false","1","4"
"library","jsonc/no-octal","eslint-fallback","","false","1","4"
"library","jsonc/no-octal-escape","eslint-fallback","","false","1","4"
"library","jsonc/no-octal-numeric-literals","eslint-fallback","","false","1","4"
"library","jsonc/no-parenthesized","eslint-fallback","","false","1","4"
"library","jsonc/no-plus-sign","eslint-fallback","","false","1","4"
"library","jsonc/no-regexp-literals","eslint-fallback","","false","1","4"
"library","jsonc/no-sparse-arrays","eslint-fallback","","false","1","4"
"library","jsonc/no-template-literals","eslint-fallback","","false","1","4"
"library","jsonc/no-undefined-value","eslint-fallback","","false","1","4"
"library","jsonc/no-unicode-codepoint-escapes","eslint-fallback","","false","1","4"
"library","jsonc/no-useless-escape","eslint-fallback","","false","1","4"
"library","jsonc/object-curly-newline","eslint-fallback","","false","1","4"
"library","jsonc/object-curly-spacing","eslint-fallback","","false","1","4"
"library","jsonc/object-property-newline","eslint-fallback","","false","1","4"
"library","jsonc/quote-props","eslint-fallback","","false","1","4"
"library","jsonc/quotes","eslint-fallback","","false","1","4"
"library","jsonc/sort-array-values","eslint-fallback","","false","1","1"
"library","jsonc/sort-keys","eslint-fallback","","false","2","2"
"library","jsonc/space-unary-ops","eslint-fallback","","false","1","4"
"library","jsonc/valid-json-number","eslint-fallback","","false","1","4"
"library","jsonc/vue-custom-block/no-parsing-error","eslint-fallback","","false","1","4"
"library","markdown/heading-increment","eslint-fallback","","false","1","1"
"library","markdown/no-duplicate-definitions","eslint-fallback","","false","1","1"
"library","markdown/no-empty-definitions","eslint-fallback","","false","1","1"
"library","markdown/no-empty-images","eslint-fallback","","false","1","1"
"library","markdown/no-empty-links","eslint-fallback","","false","1","1"
"library","markdown/no-invalid-label-refs","eslint-fallback","","false","1","1"
"library","markdown/no-missing-atx-heading-space","eslint-fallback","","false","1","1"
"library","markdown/no-missing-link-fragments","eslint-fallback","","false","1","1"
"library","markdown/no-multiple-h1","eslint-fallback","","false","1","1"
"library","markdown/no-reference-like-urls","eslint-fallback","","false","1","1"
"library","markdown/no-reversed-media-syntax","eslint-fallback","","false","1","1"
"library","markdown/no-space-in-emphasis","eslint-fallback","","false","1","1"
"library","markdown/no-unused-definitions","eslint-fallback","","false","1","1"
"library","markdown/require-alt-text","eslint-fallback","","false","1","1"
"library","markdown/table-column-count","eslint-fallback","","false","1","1"
"library","new-cap","native-candidate","eslint/new-cap","false","2","15"
"library","no-alert","native-candidate","eslint/no-alert","false","2","15"
"library","no-array-constructor","native-candidate","eslint/no-array-constructor","false","2","10"
"library","no-async-promise-executor","native-candidate","eslint/no-async-promise-executor","false","2","15"
"library","no-caller","native-candidate","eslint/no-caller","false","2","15"
"library","no-case-declarations","native-candidate","eslint/no-case-declarations","false","2","15"
"library","no-class-assign","native-candidate","eslint/no-class-assign","false","2","10"
"library","no-compare-neg-zero","native-candidate","eslint/no-compare-neg-zero","false","2","15"
"library","no-cond-assign","native-candidate","eslint/no-cond-assign","false","2","15"
"library","no-console","native-candidate","eslint/no-console","false","2","12"
"library","no-const-assign","native-candidate","eslint/no-const-assign","false","2","10"
"library","no-control-regex","native-candidate","eslint/no-control-regex","false","2","15"
"library","no-debugger","native-candidate","eslint/no-debugger","false","2","15"
"library","no-delete-var","native-candidate","eslint/no-delete-var","false","2","15"
"library","no-dupe-args","js-plugin-candidate","","false","2","10"
"library","no-dupe-class-members","native-candidate","eslint/no-dupe-class-members","false","2","10"
"library","no-dupe-keys","native-candidate","eslint/no-dupe-keys","false","2","10"
"library","no-duplicate-case","native-candidate","eslint/no-duplicate-case","false","2","15"
"library","no-empty","native-candidate","eslint/no-empty","false","2","15"
"library","no-empty-pattern","native-candidate","eslint/no-empty-pattern","false","2","15"
"library","no-eval","native-candidate","eslint/no-eval","false","2","15"
"library","no-ex-assign","native-candidate","eslint/no-ex-assign","false","2","15"
"library","no-extend-native","native-candidate","eslint/no-extend-native","false","2","15"
"library","no-extra-bind","native-candidate","eslint/no-extra-bind","false","2","15"
"library","no-extra-boolean-cast","native-candidate","eslint/no-extra-boolean-cast","false","2","15"
"library","no-fallthrough","native-candidate","eslint/no-fallthrough","false","2","15"
"library","no-func-assign","native-candidate","eslint/no-func-assign","false","2","10"
"library","no-global-assign","native-candidate","eslint/no-global-assign","false","2","15"
"library","no-implied-eval","native-candidate","eslint/no-implied-eval","false","2","15"
"library","no-import-assign","native-candidate","eslint/no-import-assign","false","2","10"
"library","no-irregular-whitespace","native-candidate","eslint/no-irregular-whitespace","false","2","15"
"library","no-iterator","native-candidate","eslint/no-iterator","false","2","15"
"library","no-labels","native-candidate","eslint/no-labels","false","2","15"
"library","no-lone-blocks","native-candidate","eslint/no-lone-blocks","false","2","15"
"library","no-loss-of-precision","native-candidate","eslint/no-loss-of-precision","false","2","15"
"library","no-misleading-character-class","native-candidate","eslint/no-misleading-character-class","false","2","15"
"library","no-multi-str","native-candidate","eslint/no-multi-str","false","2","15"
"library","no-new","native-candidate","eslint/no-new","false","2","15"
"library","no-new-func","native-candidate","eslint/no-new-func","false","2","15"
"library","no-new-native-nonconstructor","native-candidate","eslint/no-new-native-nonconstructor","false","2","10"
"library","no-new-wrappers","native-candidate","eslint/no-new-wrappers","false","2","15"
"library","no-obj-calls","native-candidate","eslint/no-obj-calls","false","2","10"
"library","no-octal","js-plugin-candidate","","false","2","15"
"library","no-octal-escape","js-plugin-candidate","","false","2","15"
"library","no-proto","native-candidate","eslint/no-proto","false","2","15"
"library","no-prototype-builtins","native-candidate","eslint/no-prototype-builtins","false","2","15"
"library","no-redeclare","native-candidate","eslint/no-redeclare","false","2","10"
"library","no-regex-spaces","native-candidate","eslint/no-regex-spaces","false","2","15"
"library","no-restricted-globals","native-candidate","eslint/no-restricted-globals","false","2","15"
"library","no-restricted-properties","native-candidate","eslint/no-restricted-properties","false","2","15"
"library","no-restricted-syntax","js-plugin-candidate","","false","2","14"
"library","no-self-assign","native-candidate","eslint/no-self-assign","false","2","15"
"library","no-self-compare","native-candidate","eslint/no-self-compare","false","2","15"
"library","no-sequences","native-candidate","eslint/no-sequences","false","2","15"
"library","no-shadow-restricted-names","native-candidate","eslint/no-shadow-restricted-names","false","2","15"
"library","no-sparse-arrays","native-candidate","eslint/no-sparse-arrays","false","2","15"
"library","no-template-curly-in-string","native-candidate","eslint/no-template-curly-in-string","false","2","15"
"library","no-this-before-super","native-candidate","eslint/no-this-before-super","false","2","10"
"library","no-throw-literal","native-candidate","eslint/no-throw-literal","false","2","15"
"library","no-undef","native-candidate","eslint/no-undef","false","2","10"
"library","no-undef-init","js-plugin-candidate","","false","2","15"
"library","no-unexpected-multiline","native-candidate","eslint/no-unexpected-multiline","false","2","15"
"library","no-unmodified-loop-condition","native-candidate","eslint/no-unmodified-loop-condition","false","2","15"
"library","no-unneeded-ternary","native-candidate","eslint/no-unneeded-ternary","false","2","15"
"library","no-unreachable","native-candidate","eslint/no-unreachable","false","2","10"
"library","no-unreachable-loop","native-candidate","eslint/no-unreachable-loop","false","2","15"
"library","no-unsafe-finally","native-candidate","eslint/no-unsafe-finally","false","2","15"
"library","no-unsafe-negation","native-candidate","eslint/no-unsafe-negation","false","2","10"
"library","no-unused-expressions","native-candidate","eslint/no-unused-expressions","false","2","10"
"library","no-unused-vars","native-candidate","eslint/no-unused-vars","false","2","10"
"library","no-use-before-define","native-candidate","eslint/no-use-before-define","false","2","10"
"library","no-useless-call","native-candidate","eslint/no-useless-call","false","2","15"
"library","no-useless-catch","native-candidate","eslint/no-useless-catch","false","2","15"
"library","no-useless-computed-key","native-candidate","eslint/no-useless-computed-key","false","2","15"
"library","no-useless-constructor","native-candidate","eslint/no-useless-constructor","false","2","10"
"library","no-useless-rename","native-candidate","eslint/no-useless-rename","false","2","15"
"library","no-useless-return","native-candidate","eslint/no-useless-return","false","2","15"
"library","no-var","native-candidate","eslint/no-var","false","2","15"
"library","no-with","native-candidate","eslint/no-with","false","2","10"
"library","node/handle-callback-err","native-candidate","node/handle-callback-err","false","1","9"
"library","node/no-deprecated-api","js-plugin-candidate","","false","1","9"
"library","node/no-exports-assign","native-candidate","node/no-exports-assign","false","1","9"
"library","node/no-new-require","native-candidate","node/no-new-require","false","1","9"
"library","node/no-path-concat","native-candidate","node/no-path-concat","false","1","9"
"library","node/prefer-global/buffer","js-plugin-candidate","","false","1","9"
"library","node/prefer-global/process","js-plugin-candidate","","false","1","8"
"library","node/process-exit-as-throw","js-plugin-candidate","","false","1","9"
"library","object-shorthand","native-candidate","eslint/object-shorthand","false","2","15"
"library","one-var","native-candidate","eslint/one-var","false","2","15"
"library","perfectionist/sort-exports","js-plugin-candidate","","false","2","15"
"library","perfectionist/sort-imports","js-plugin-candidate","","false","2","15"
"library","perfectionist/sort-named-exports","js-plugin-candidate","","false","2","15"
"library","perfectionist/sort-named-imports","js-plugin-candidate","","false","2","15"
"library","prefer-arrow-callback","native-candidate","eslint/prefer-arrow-callback","false","2","15"
"library","prefer-const","native-candidate","eslint/prefer-const","false","2","15"
"library","prefer-exponentiation-operator","native-candidate","eslint/prefer-exponentiation-operator","false","2","15"
"library","prefer-promise-reject-errors","native-candidate","eslint/prefer-promise-reject-errors","false","2","15"
"library","prefer-regex-literals","native-candidate","eslint/prefer-regex-literals","false","2","15"
"library","prefer-rest-params","native-candidate","eslint/prefer-rest-params","false","2","15"
"library","prefer-spread","native-candidate","eslint/prefer-spread","false","2","15"
"library","prefer-template","native-candidate","eslint/prefer-template","false","2","15"
"library","regexp/confusing-quantifier","js-plugin-candidate","","false","2","15"
"library","regexp/control-character-escape","js-plugin-candidate","","false","2","15"
"library","regexp/match-any","js-plugin-candidate","","false","2","15"
"library","regexp/negation","js-plugin-candidate","","false","2","15"
"library","regexp/no-contradiction-with-assertion","js-plugin-candidate","","false","2","15"
"library","regexp/no-dupe-characters-character-class","js-plugin-candidate","","false","2","15"
"library","regexp/no-dupe-disjunctions","js-plugin-candidate","","false","2","15"
"library","regexp/no-empty-alternative","js-plugin-candidate","","false","2","15"
"library","regexp/no-empty-capturing-group","js-plugin-candidate","","false","2","15"
"library","regexp/no-empty-character-class","js-plugin-candidate","","false","2","15"
"library","regexp/no-empty-group","js-plugin-candidate","","false","2","15"
"library","regexp/no-empty-lookarounds-assertion","js-plugin-candidate","","false","2","15"
"library","regexp/no-empty-string-literal","js-plugin-candidate","","false","2","15"
"library","regexp/no-escape-backspace","js-plugin-candidate","","false","2","15"
"library","regexp/no-extra-lookaround-assertions","js-plugin-candidate","","false","2","15"
"library","regexp/no-invalid-regexp","js-plugin-candidate","","false","2","15"
"library","regexp/no-invisible-character","js-plugin-candidate","","false","2","15"
"library","regexp/no-lazy-ends","js-plugin-candidate","","false","2","15"
"library","regexp/no-legacy-features","js-plugin-candidate","","false","2","15"
"library","regexp/no-misleading-capturing-group","js-plugin-candidate","","false","2","15"
"library","regexp/no-misleading-unicode-character","js-plugin-candidate","","false","2","15"
"library","regexp/no-missing-g-flag","js-plugin-candidate","","false","2","15"
"library","regexp/no-non-standard-flag","js-plugin-candidate","","false","2","15"
"library","regexp/no-obscure-range","js-plugin-candidate","","false","2","15"
"library","regexp/no-optional-assertion","js-plugin-candidate","","false","2","15"
"library","regexp/no-potentially-useless-backreference","js-plugin-candidate","","false","2","15"
"library","regexp/no-super-linear-backtracking","js-plugin-candidate","","false","2","15"
"library","regexp/no-trivially-nested-assertion","js-plugin-candidate","","false","2","15"
"library","regexp/no-trivially-nested-quantifier","js-plugin-candidate","","false","2","15"
"library","regexp/no-unused-capturing-group","js-plugin-candidate","","false","2","15"
"library","regexp/no-useless-assertions","js-plugin-candidate","","false","2","15"
"library","regexp/no-useless-backreference","js-plugin-candidate","","false","2","15"
"library","regexp/no-useless-character-class","js-plugin-candidate","","false","2","15"
"library","regexp/no-useless-dollar-replacements","js-plugin-candidate","","false","2","15"
"library","regexp/no-useless-escape","js-plugin-candidate","","false","2","15"
"library","regexp/no-useless-flag","js-plugin-candidate","","false","2","15"
"library","regexp/no-useless-lazy","js-plugin-candidate","","false","2","15"
"library","regexp/no-useless-non-capturing-group","js-plugin-candidate","","false","2","15"
"library","regexp/no-useless-quantifier","js-plugin-candidate","","false","2","15"
"library","regexp/no-useless-range","js-plugin-candidate","","false","2","15"
"library","regexp/no-useless-set-operand","js-plugin-candidate","","false","2","15"
"library","regexp/no-useless-string-literal","js-plugin-candidate","","false","2","15"
"library","regexp/no-useless-two-nums-quantifier","js-plugin-candidate","","false","2","15"
"library","regexp/no-zero-quantifier","js-plugin-candidate","","false","2","15"
"library","regexp/optimal-lookaround-quantifier","js-plugin-candidate","","false","2","15"
"library","regexp/optimal-quantifier-concatenation","js-plugin-candidate","","false","2","15"
"library","regexp/prefer-character-class","js-plugin-candidate","","false","2","15"
"library","regexp/prefer-d","js-plugin-candidate","","false","2","15"
"library","regexp/prefer-plus-quantifier","js-plugin-candidate","","false","2","15"
"library","regexp/prefer-predefined-assertion","js-plugin-candidate","","false","2","15"
"library","regexp/prefer-question-quantifier","js-plugin-candidate","","false","2","15"
"library","regexp/prefer-range","js-plugin-candidate","","false","2","15"
"library","regexp/prefer-set-operation","js-plugin-candidate","","false","2","15"
"library","regexp/prefer-star-quantifier","js-plugin-candidate","","false","2","15"
"library","regexp/prefer-unicode-codepoint-escapes","js-plugin-candidate","","false","2","15"
"library","regexp/prefer-w","js-plugin-candidate","","false","2","15"
"library","regexp/simplify-set-operations","js-plugin-candidate","","false","2","15"
"library","regexp/sort-flags","js-plugin-candidate","","false","2","15"
"library","regexp/strict","js-plugin-candidate","","false","2","15"
"library","regexp/use-ignore-case","js-plugin-candidate","","false","2","15"
"library","style/array-bracket-spacing","js-plugin-candidate","","false","2","15"
"library","style/arrow-parens","js-plugin-candidate","","false","2","15"
"library","style/arrow-spacing","js-plugin-candidate","","false","2","15"
"library","style/block-spacing","js-plugin-candidate","","false","2","15"
"library","style/brace-style","js-plugin-candidate","","false","2","15"
"library","style/comma-dangle","js-plugin-candidate","","false","2","15"
"library","style/comma-spacing","js-plugin-candidate","","false","2","15"
"library","style/comma-style","js-plugin-candidate","","false","2","15"
"library","style/computed-property-spacing","js-plugin-candidate","","false","2","15"
"library","style/dot-location","js-plugin-candidate","","false","2","15"
"library","style/eol-last","js-plugin-candidate","","false","2","15"
"library","style/generator-star-spacing","js-plugin-candidate","","false","2","15"
"library","style/indent","js-plugin-candidate","","false","2","15"
"library","style/indent-binary-ops","js-plugin-candidate","","false","2","15"
"library","style/jsx-closing-bracket-location","js-plugin-candidate","","false","2","15"
"library","style/jsx-closing-tag-location","js-plugin-candidate","","false","2","15"
"library","style/jsx-curly-brace-presence","js-plugin-candidate","","false","2","15"
"library","style/jsx-curly-newline","js-plugin-candidate","","false","2","15"
"library","style/jsx-curly-spacing","js-plugin-candidate","","false","2","15"
"library","style/jsx-equals-spacing","js-plugin-candidate","","false","2","15"
"library","style/jsx-first-prop-new-line","js-plugin-candidate","","false","2","15"
"library","style/jsx-function-call-newline","js-plugin-candidate","","false","2","15"
"library","style/jsx-indent-props","js-plugin-candidate","","false","2","15"
"library","style/jsx-max-props-per-line","js-plugin-candidate","","false","2","15"
"library","style/jsx-one-expression-per-line","js-plugin-candidate","","false","2","15"
"library","style/jsx-quotes","js-plugin-candidate","","false","2","15"
"library","style/jsx-tag-spacing","js-plugin-candidate","","false","2","15"
"library","style/jsx-wrap-multilines","js-plugin-candidate","","false","2","15"
"library","style/key-spacing","js-plugin-candidate","","false","2","15"
"library","style/keyword-spacing","js-plugin-candidate","","false","2","15"
"library","style/lines-between-class-members","js-plugin-candidate","","false","2","15"
"library","style/max-statements-per-line","js-plugin-candidate","","false","2","15"
"library","style/member-delimiter-style","js-plugin-candidate","","false","2","15"
"library","style/multiline-ternary","js-plugin-candidate","","false","2","15"
"library","style/new-parens","js-plugin-candidate","","false","2","15"
"library","style/no-extra-parens","js-plugin-candidate","","false","2","15"
"library","style/no-floating-decimal","js-plugin-candidate","","false","2","15"
"library","style/no-mixed-operators","js-plugin-candidate","","false","2","15"
"library","style/no-mixed-spaces-and-tabs","js-plugin-candidate","","false","2","15"
"library","style/no-multi-spaces","js-plugin-candidate","","false","2","15"
"library","style/no-multiple-empty-lines","js-plugin-candidate","","false","2","15"
"library","style/no-tabs","js-plugin-candidate","","false","2","15"
"library","style/no-trailing-spaces","js-plugin-candidate","","false","2","15"
"library","style/no-whitespace-before-property","js-plugin-candidate","","false","2","15"
"library","style/object-curly-spacing","js-plugin-candidate","","false","2","15"
"library","style/operator-linebreak","js-plugin-candidate","","false","2","15"
"library","style/padded-blocks","js-plugin-candidate","","false","2","15"
"library","style/quote-props","js-plugin-candidate","","false","2","15"
"library","style/quotes","js-plugin-candidate","","false","2","15"
"library","style/rest-spread-spacing","js-plugin-candidate","","false","2","15"
"library","style/semi","js-plugin-candidate","","false","2","15"
"library","style/semi-spacing","js-plugin-candidate","","false","2","15"
"library","style/space-before-blocks","js-plugin-candidate","","false","2","15"
"library","style/space-before-function-paren","js-plugin-candidate","","false","2","15"
"library","style/space-in-parens","js-plugin-candidate","","false","2","15"
"library","style/space-infix-ops","js-plugin-candidate","","false","2","15"
"library","style/space-unary-ops","js-plugin-candidate","","false","2","15"
"library","style/spaced-comment","js-plugin-candidate","","false","2","13"
"library","style/template-curly-spacing","js-plugin-candidate","","false","2","15"
"library","style/template-tag-spacing","js-plugin-candidate","","false","2","15"
"library","style/type-annotation-spacing","js-plugin-candidate","","false","2","15"
"library","style/type-generic-spacing","js-plugin-candidate","","false","2","15"
"library","style/type-named-tuple-spacing","js-plugin-candidate","","false","2","15"
"library","style/wrap-iife","js-plugin-candidate","","false","2","15"
"library","style/yield-star-spacing","js-plugin-candidate","","false","2","15"
"library","symbol-description","native-candidate","eslint/symbol-description","false","2","15"
"library","test/consistent-test-it","native-candidate","vitest/consistent-test-it","false","1","1"
"library","test/no-identical-title","native-candidate","vitest/no-identical-title","false","1","1"
"library","test/no-import-node-test","native-candidate","vitest/no-import-node-test","false","1","1"
"library","test/no-only-tests","js-plugin-candidate","","false","1","1"
"library","test/prefer-hooks-in-order","native-candidate","vitest/prefer-hooks-in-order","false","1","1"
"library","test/prefer-lowercase-title","native-candidate","vitest/prefer-lowercase-title","false","1","1"
"library","toml/array-bracket-newline","eslint-fallback","","false","1","1"
"library","toml/array-bracket-spacing","eslint-fallback","","false","1","1"
"library","toml/array-element-newline","eslint-fallback","","false","1","1"
"library","toml/comma-style","eslint-fallback","","false","1","1"
"library","toml/indent","eslint-fallback","","false","1","1"
"library","toml/inline-table-curly-spacing","eslint-fallback","","false","1","1"
"library","toml/key-spacing","eslint-fallback","","false","1","1"
"library","toml/keys-order","eslint-fallback","","false","1","1"
"library","toml/no-space-dots","eslint-fallback","","false","1","1"
"library","toml/no-unreadable-number-separator","eslint-fallback","","false","1","1"
"library","toml/padding-line-between-pairs","eslint-fallback","","false","1","1"
"library","toml/padding-line-between-tables","eslint-fallback","","false","1","1"
"library","toml/precision-of-fractional-seconds","eslint-fallback","","false","1","1"
"library","toml/precision-of-integer","eslint-fallback","","false","1","1"
"library","toml/quoted-keys","eslint-fallback","","false","1","1"
"library","toml/spaced-comment","eslint-fallback","","false","1","1"
"library","toml/table-bracket-spacing","eslint-fallback","","false","1","1"
"library","toml/tables-order","eslint-fallback","","false","1","1"
"library","toml/vue-custom-block/no-parsing-error","eslint-fallback","","false","1","1"
"library","ts/ban-ts-comment","native-candidate","typescript/ban-ts-comment","false","1","5"
"library","ts/consistent-type-definitions","native-candidate","typescript/consistent-type-definitions","false","1","5"
"library","ts/consistent-type-imports","native-candidate","typescript/consistent-type-imports","false","1","5"
"library","ts/explicit-function-return-type","native-candidate","typescript/explicit-function-return-type","false","1","3"
"library","ts/method-signature-style","native-candidate","typescript/method-signature-style","false","1","5"
"library","ts/no-array-constructor","js-plugin-candidate","","false","1","5"
"library","ts/no-dupe-class-members","js-plugin-candidate","","false","1","5"
"library","ts/no-duplicate-enum-values","native-candidate","typescript/no-duplicate-enum-values","false","1","5"
"library","ts/no-empty-object-type","native-candidate","typescript/no-empty-object-type","false","1","5"
"library","ts/no-extra-non-null-assertion","native-candidate","typescript/no-extra-non-null-assertion","false","1","5"
"library","ts/no-import-type-side-effects","native-candidate","typescript/no-import-type-side-effects","false","1","5"
"library","ts/no-misused-new","native-candidate","typescript/no-misused-new","false","1","5"
"library","ts/no-namespace","native-candidate","typescript/no-namespace","false","1","5"
"library","ts/no-non-null-asserted-nullish-coalescing","native-candidate","typescript/no-non-null-asserted-nullish-coalescing","false","1","5"
"library","ts/no-non-null-asserted-optional-chain","native-candidate","typescript/no-non-null-asserted-optional-chain","false","1","5"
"library","ts/no-redeclare","js-plugin-candidate","","false","1","5"
"library","ts/no-require-imports","native-candidate","typescript/no-require-imports","false","1","5"
"library","ts/no-this-alias","native-candidate","typescript/no-this-alias","false","1","5"
"library","ts/no-unnecessary-type-constraint","native-candidate","typescript/no-unnecessary-type-constraint","false","1","5"
"library","ts/no-unsafe-declaration-merging","native-candidate","typescript/no-unsafe-declaration-merging","false","1","5"
"library","ts/no-unsafe-function-type","native-candidate","typescript/no-unsafe-function-type","false","1","5"
"library","ts/no-unused-expressions","js-plugin-candidate","","false","1","5"
"library","ts/no-use-before-define","js-plugin-candidate","","false","1","5"
"library","ts/no-wrapper-object-types","native-candidate","typescript/no-wrapper-object-types","false","1","5"
"library","ts/prefer-as-const","native-candidate","typescript/prefer-as-const","false","1","5"
"library","ts/prefer-literal-enum-member","native-candidate","typescript/prefer-literal-enum-member","false","1","5"
"library","ts/prefer-namespace-keyword","native-candidate","typescript/prefer-namespace-keyword","false","1","5"
"library","unicode-bom","native-candidate","eslint/unicode-bom","false","2","15"
"library","unicorn/consistent-empty-array-spread","native-candidate","unicorn/consistent-empty-array-spread","false","1","9"
"library","unicorn/error-message","native-candidate","unicorn/error-message","false","1","9"
"library","unicorn/escape-case","native-candidate","unicorn/escape-case","false","1","9"
"library","unicorn/new-for-builtins","native-candidate","unicorn/new-for-builtins","false","1","9"
"library","unicorn/no-instanceof-builtins","native-candidate","unicorn/no-instanceof-builtins","false","1","9"
"library","unicorn/no-new-array","native-candidate","unicorn/no-new-array","false","1","9"
"library","unicorn/no-new-buffer","native-candidate","unicorn/no-new-buffer","false","1","9"
"library","unicorn/number-literal-case","native-candidate","unicorn/number-literal-case","false","1","9"
"library","unicorn/prefer-dom-node-text-content","native-candidate","unicorn/prefer-dom-node-text-content","false","1","9"
"library","unicorn/prefer-includes","native-candidate","unicorn/prefer-includes","false","1","9"
"library","unicorn/prefer-node-protocol","native-candidate","unicorn/prefer-node-protocol","false","1","9"
"library","unicorn/prefer-number-properties","native-candidate","unicorn/prefer-number-properties","false","1","9"
"library","unicorn/prefer-string-starts-ends-with","native-candidate","unicorn/prefer-string-starts-ends-with","false","1","9"
"library","unicorn/prefer-type-error","native-candidate","unicorn/prefer-type-error","false","1","9"
"library","unicorn/throw-new-error","native-candidate","unicorn/throw-new-error","false","1","9"
"library","unused-imports/no-unused-imports","js-plugin-candidate","","false","2","15"
"library","unused-imports/no-unused-vars","js-plugin-candidate","","false","2","14"
"library","use-isnan","native-candidate","eslint/use-isnan","false","2","15"
"library","valid-typeof","native-candidate","eslint/valid-typeof","false","2","15"
"library","vars-on-top","native-candidate","eslint/vars-on-top","false","2","15"
"library","yaml/block-mapping","eslint-fallback","","false","1","1"
"library","yaml/block-mapping-question-indicator-newline","eslint-fallback","","false","1","1"
"library","yaml/block-sequence","eslint-fallback","","false","1","1"
"library","yaml/block-sequence-hyphen-indicator-newline","eslint-fallback","","false","1","1"
"library","yaml/flow-mapping-curly-newline","eslint-fallback","","false","1","1"
"library","yaml/flow-mapping-curly-spacing","eslint-fallback","","false","1","1"
"library","yaml/flow-sequence-bracket-newline","eslint-fallback","","false","1","1"
"library","yaml/flow-sequence-bracket-spacing","eslint-fallback","","false","1","1"
"library","yaml/indent","eslint-fallback","","false","1","1"
"library","yaml/key-spacing","eslint-fallback","","false","1","1"
"library","yaml/no-empty-key","eslint-fallback","","false","1","1"
"library","yaml/no-empty-sequence-entry","eslint-fallback","","false","1","1"
"library","yaml/no-irregular-whitespace","eslint-fallback","","false","1","1"
"library","yaml/no-multiple-empty-lines","eslint-fallback","","false","1","1"
"library","yaml/no-tab-indent","eslint-fallback","","false","1","1"
"library","yaml/plain-scalar","eslint-fallback","","false","1","1"
"library","yaml/quotes","eslint-fallback","","false","1","1"
"library","yaml/spaced-comment","eslint-fallback","","false","1","1"
"library","yaml/vue-custom-block/no-parsing-error","eslint-fallback","","false","1","1"
"library","yoda","native-candidate","eslint/yoda","false","2","15"
"typed","accessor-pairs","native-candidate","eslint/accessor-pairs","false","2","15"
"typed","antfu/consistent-chaining","js-plugin-candidate","","false","2","15"
"typed","antfu/consistent-list-newline","js-plugin-candidate","","false","2","15"
"typed","antfu/curly","js-plugin-candidate","","false","2","15"
"typed","antfu/if-newline","js-plugin-candidate","","false","2","15"
"typed","antfu/import-dedupe","js-plugin-candidate","","false","2","15"
"typed","antfu/no-import-dist","js-plugin-candidate","","false","2","14"
"typed","antfu/no-import-node-modules-by-path","js-plugin-candidate","","false","2","14"
"typed","antfu/no-top-level-await","js-plugin-candidate","","false","2","11"
"typed","antfu/top-level-function","js-plugin-candidate","","false","2","15"
"typed","array-callback-return","native-candidate","eslint/array-callback-return","false","2","15"
"typed","block-scoped-var","native-candidate","eslint/block-scoped-var","false","2","15"
"typed","command/command","js-plugin-candidate","","false","2","15"
"typed","constructor-super","native-candidate","eslint/constructor-super","false","2","10"
"typed","default-case-last","native-candidate","eslint/default-case-last","false","2","15"
"typed","dot-notation","js-plugin-candidate","","false","2","10"
"typed","e18e/prefer-array-fill","js-plugin-candidate","","false","2","15"
"typed","e18e/prefer-array-some","js-plugin-candidate","","false","2","15"
"typed","e18e/prefer-date-now","js-plugin-candidate","","false","2","15"
"typed","e18e/prefer-includes","js-plugin-candidate","","false","2","15"
"typed","e18e/prefer-nullish-coalescing","js-plugin-candidate","","false","2","15"
"typed","e18e/prefer-object-has-own","js-plugin-candidate","","false","2","15"
"typed","e18e/prefer-regex-test","js-plugin-candidate","","false","2","15"
"typed","e18e/prefer-string-fromcharcode","js-plugin-candidate","","false","2","15"
"typed","e18e/prefer-timer-args","js-plugin-candidate","","false","2","15"
"typed","e18e/prefer-url-canparse","js-plugin-candidate","","false","2","15"
"typed","eqeqeq","native-candidate","eslint/eqeqeq","false","2","15"
"typed","eslint-comments/no-aggregating-enable","js-plugin-candidate","","false","2","15"
"typed","eslint-comments/no-duplicate-disable","js-plugin-candidate","","false","2","15"
"typed","eslint-comments/no-unlimited-disable","js-plugin-candidate","","false","2","14"
"typed","eslint-comments/no-unused-enable","js-plugin-candidate","","false","2","15"
"typed","import/consistent-type-specifier-style","js-plugin-candidate","","false","2","15"
"typed","import/first","js-plugin-candidate","","false","2","15"
"typed","import/newline-after-import","js-plugin-candidate","","false","2","15"
"typed","import/no-duplicates","js-plugin-candidate","","false","2","15"
"typed","import/no-mutable-exports","js-plugin-candidate","","false","2","15"
"typed","import/no-named-default","js-plugin-candidate","","false","2","15"
"typed","jsdoc/check-access","native-candidate","jsdoc/check-access","false","1","9"
"typed","jsdoc/check-alignment","js-plugin-candidate","","false","1","9"
"typed","jsdoc/check-param-names","js-plugin-candidate","","false","1","9"
"typed","jsdoc/check-property-names","native-candidate","jsdoc/check-property-names","false","1","9"
"typed","jsdoc/check-types","js-plugin-candidate","","false","1","9"
"typed","jsdoc/empty-tags","native-candidate","jsdoc/empty-tags","false","1","9"
"typed","jsdoc/implements-on-classes","native-candidate","jsdoc/implements-on-classes","false","1","9"
"typed","jsdoc/multiline-blocks","js-plugin-candidate","","false","1","9"
"typed","jsdoc/no-defaults","native-candidate","jsdoc/no-defaults","false","1","9"
"typed","jsdoc/no-multi-asterisks","js-plugin-candidate","","false","1","9"
"typed","jsdoc/require-param-name","native-candidate","jsdoc/require-param-name","false","1","9"
"typed","jsdoc/require-property","native-candidate","jsdoc/require-property","false","1","9"
"typed","jsdoc/require-property-description","native-candidate","jsdoc/require-property-description","false","1","9"
"typed","jsdoc/require-property-name","native-candidate","jsdoc/require-property-name","false","1","9"
"typed","jsdoc/require-returns-check","js-plugin-candidate","","false","1","9"
"typed","jsdoc/require-returns-description","native-candidate","jsdoc/require-returns-description","false","1","9"
"typed","jsdoc/require-yields-check","js-plugin-candidate","","false","1","9"
"typed","jsonc/array-bracket-spacing","eslint-fallback","","false","1","4"
"typed","jsonc/comma-dangle","eslint-fallback","","false","1","4"
"typed","jsonc/comma-style","eslint-fallback","","false","1","4"
"typed","jsonc/indent","eslint-fallback","","false","1","4"
"typed","jsonc/key-spacing","eslint-fallback","","false","1","4"
"typed","jsonc/no-bigint-literals","eslint-fallback","","false","1","4"
"typed","jsonc/no-binary-expression","eslint-fallback","","false","1","4"
"typed","jsonc/no-binary-numeric-literals","eslint-fallback","","false","1","4"
"typed","jsonc/no-dupe-keys","eslint-fallback","","false","1","4"
"typed","jsonc/no-escape-sequence-in-identifier","eslint-fallback","","false","1","4"
"typed","jsonc/no-floating-decimal","eslint-fallback","","false","1","4"
"typed","jsonc/no-hexadecimal-numeric-literals","eslint-fallback","","false","1","4"
"typed","jsonc/no-infinity","eslint-fallback","","false","1","4"
"typed","jsonc/no-multi-str","eslint-fallback","","false","1","4"
"typed","jsonc/no-nan","eslint-fallback","","false","1","4"
"typed","jsonc/no-number-props","eslint-fallback","","false","1","4"
"typed","jsonc/no-numeric-separators","eslint-fallback","","false","1","4"
"typed","jsonc/no-octal","eslint-fallback","","false","1","4"
"typed","jsonc/no-octal-escape","eslint-fallback","","false","1","4"
"typed","jsonc/no-octal-numeric-literals","eslint-fallback","","false","1","4"
"typed","jsonc/no-parenthesized","eslint-fallback","","false","1","4"
"typed","jsonc/no-plus-sign","eslint-fallback","","false","1","4"
"typed","jsonc/no-regexp-literals","eslint-fallback","","false","1","4"
"typed","jsonc/no-sparse-arrays","eslint-fallback","","false","1","4"
"typed","jsonc/no-template-literals","eslint-fallback","","false","1","4"
"typed","jsonc/no-undefined-value","eslint-fallback","","false","1","4"
"typed","jsonc/no-unicode-codepoint-escapes","eslint-fallback","","false","1","4"
"typed","jsonc/no-useless-escape","eslint-fallback","","false","1","4"
"typed","jsonc/object-curly-newline","eslint-fallback","","false","1","4"
"typed","jsonc/object-curly-spacing","eslint-fallback","","false","1","4"
"typed","jsonc/object-property-newline","eslint-fallback","","false","1","4"
"typed","jsonc/quote-props","eslint-fallback","","false","1","4"
"typed","jsonc/quotes","eslint-fallback","","false","1","4"
"typed","jsonc/sort-array-values","eslint-fallback","","false","1","1"
"typed","jsonc/sort-keys","eslint-fallback","","false","2","2"
"typed","jsonc/space-unary-ops","eslint-fallback","","false","1","4"
"typed","jsonc/valid-json-number","eslint-fallback","","false","1","4"
"typed","jsonc/vue-custom-block/no-parsing-error","eslint-fallback","","false","1","4"
"typed","markdown/heading-increment","eslint-fallback","","false","1","1"
"typed","markdown/no-duplicate-definitions","eslint-fallback","","false","1","1"
"typed","markdown/no-empty-definitions","eslint-fallback","","false","1","1"
"typed","markdown/no-empty-images","eslint-fallback","","false","1","1"
"typed","markdown/no-empty-links","eslint-fallback","","false","1","1"
"typed","markdown/no-invalid-label-refs","eslint-fallback","","false","1","1"
"typed","markdown/no-missing-atx-heading-space","eslint-fallback","","false","1","1"
"typed","markdown/no-missing-link-fragments","eslint-fallback","","false","1","1"
"typed","markdown/no-multiple-h1","eslint-fallback","","false","1","1"
"typed","markdown/no-reference-like-urls","eslint-fallback","","false","1","1"
"typed","markdown/no-reversed-media-syntax","eslint-fallback","","false","1","1"
"typed","markdown/no-space-in-emphasis","eslint-fallback","","false","1","1"
"typed","markdown/no-unused-definitions","eslint-fallback","","false","1","1"
"typed","markdown/require-alt-text","eslint-fallback","","false","1","1"
"typed","markdown/table-column-count","eslint-fallback","","false","1","1"
"typed","new-cap","native-candidate","eslint/new-cap","false","2","15"
"typed","no-alert","native-candidate","eslint/no-alert","false","2","15"
"typed","no-array-constructor","native-candidate","eslint/no-array-constructor","false","2","10"
"typed","no-async-promise-executor","native-candidate","eslint/no-async-promise-executor","false","2","15"
"typed","no-caller","native-candidate","eslint/no-caller","false","2","15"
"typed","no-case-declarations","native-candidate","eslint/no-case-declarations","false","2","15"
"typed","no-class-assign","native-candidate","eslint/no-class-assign","false","2","10"
"typed","no-compare-neg-zero","native-candidate","eslint/no-compare-neg-zero","false","2","15"
"typed","no-cond-assign","native-candidate","eslint/no-cond-assign","false","2","15"
"typed","no-console","native-candidate","eslint/no-console","false","2","12"
"typed","no-const-assign","native-candidate","eslint/no-const-assign","false","2","10"
"typed","no-control-regex","native-candidate","eslint/no-control-regex","false","2","15"
"typed","no-debugger","native-candidate","eslint/no-debugger","false","2","15"
"typed","no-delete-var","native-candidate","eslint/no-delete-var","false","2","15"
"typed","no-dupe-args","js-plugin-candidate","","false","2","10"
"typed","no-dupe-class-members","native-candidate","eslint/no-dupe-class-members","false","2","10"
"typed","no-dupe-keys","native-candidate","eslint/no-dupe-keys","false","2","10"
"typed","no-duplicate-case","native-candidate","eslint/no-duplicate-case","false","2","15"
"typed","no-empty","native-candidate","eslint/no-empty","false","2","15"
"typed","no-empty-pattern","native-candidate","eslint/no-empty-pattern","false","2","15"
"typed","no-eval","native-candidate","eslint/no-eval","false","2","15"
"typed","no-ex-assign","native-candidate","eslint/no-ex-assign","false","2","15"
"typed","no-extend-native","native-candidate","eslint/no-extend-native","false","2","15"
"typed","no-extra-bind","native-candidate","eslint/no-extra-bind","false","2","15"
"typed","no-extra-boolean-cast","native-candidate","eslint/no-extra-boolean-cast","false","2","15"
"typed","no-fallthrough","native-candidate","eslint/no-fallthrough","false","2","15"
"typed","no-func-assign","native-candidate","eslint/no-func-assign","false","2","10"
"typed","no-global-assign","native-candidate","eslint/no-global-assign","false","2","15"
"typed","no-implied-eval","native-candidate","eslint/no-implied-eval","false","2","10"
"typed","no-import-assign","native-candidate","eslint/no-import-assign","false","2","10"
"typed","no-irregular-whitespace","native-candidate","eslint/no-irregular-whitespace","false","2","15"
"typed","no-iterator","native-candidate","eslint/no-iterator","false","2","15"
"typed","no-labels","native-candidate","eslint/no-labels","false","2","15"
"typed","no-lone-blocks","native-candidate","eslint/no-lone-blocks","false","2","15"
"typed","no-loss-of-precision","native-candidate","eslint/no-loss-of-precision","false","2","15"
"typed","no-misleading-character-class","native-candidate","eslint/no-misleading-character-class","false","2","15"
"typed","no-multi-str","native-candidate","eslint/no-multi-str","false","2","15"
"typed","no-new","native-candidate","eslint/no-new","false","2","15"
"typed","no-new-func","native-candidate","eslint/no-new-func","false","2","15"
"typed","no-new-native-nonconstructor","native-candidate","eslint/no-new-native-nonconstructor","false","2","10"
"typed","no-new-wrappers","native-candidate","eslint/no-new-wrappers","false","2","15"
"typed","no-obj-calls","native-candidate","eslint/no-obj-calls","false","2","10"
"typed","no-octal","js-plugin-candidate","","false","2","15"
"typed","no-octal-escape","js-plugin-candidate","","false","2","15"
"typed","no-proto","native-candidate","eslint/no-proto","false","2","15"
"typed","no-prototype-builtins","native-candidate","eslint/no-prototype-builtins","false","2","15"
"typed","no-redeclare","native-candidate","eslint/no-redeclare","false","2","10"
"typed","no-regex-spaces","native-candidate","eslint/no-regex-spaces","false","2","15"
"typed","no-restricted-globals","native-candidate","eslint/no-restricted-globals","false","2","15"
"typed","no-restricted-properties","native-candidate","eslint/no-restricted-properties","false","2","15"
"typed","no-restricted-syntax","js-plugin-candidate","","false","2","14"
"typed","no-self-assign","native-candidate","eslint/no-self-assign","false","2","15"
"typed","no-self-compare","native-candidate","eslint/no-self-compare","false","2","15"
"typed","no-sequences","native-candidate","eslint/no-sequences","false","2","15"
"typed","no-shadow-restricted-names","native-candidate","eslint/no-shadow-restricted-names","false","2","15"
"typed","no-sparse-arrays","native-candidate","eslint/no-sparse-arrays","false","2","15"
"typed","no-template-curly-in-string","native-candidate","eslint/no-template-curly-in-string","false","2","15"
"typed","no-this-before-super","native-candidate","eslint/no-this-before-super","false","2","10"
"typed","no-throw-literal","native-candidate","eslint/no-throw-literal","false","2","15"
"typed","no-undef","native-candidate","eslint/no-undef","false","2","10"
"typed","no-undef-init","js-plugin-candidate","","false","2","15"
"typed","no-unexpected-multiline","native-candidate","eslint/no-unexpected-multiline","false","2","15"
"typed","no-unmodified-loop-condition","native-candidate","eslint/no-unmodified-loop-condition","false","2","15"
"typed","no-unneeded-ternary","native-candidate","eslint/no-unneeded-ternary","false","2","15"
"typed","no-unreachable","native-candidate","eslint/no-unreachable","false","2","10"
"typed","no-unreachable-loop","native-candidate","eslint/no-unreachable-loop","false","2","15"
"typed","no-unsafe-finally","native-candidate","eslint/no-unsafe-finally","false","2","15"
"typed","no-unsafe-negation","native-candidate","eslint/no-unsafe-negation","false","2","10"
"typed","no-unused-expressions","native-candidate","eslint/no-unused-expressions","false","2","10"
"typed","no-unused-vars","native-candidate","eslint/no-unused-vars","false","2","10"
"typed","no-use-before-define","native-candidate","eslint/no-use-before-define","false","2","10"
"typed","no-useless-call","native-candidate","eslint/no-useless-call","false","2","15"
"typed","no-useless-catch","native-candidate","eslint/no-useless-catch","false","2","15"
"typed","no-useless-computed-key","native-candidate","eslint/no-useless-computed-key","false","2","15"
"typed","no-useless-constructor","native-candidate","eslint/no-useless-constructor","false","2","10"
"typed","no-useless-rename","native-candidate","eslint/no-useless-rename","false","2","15"
"typed","no-useless-return","native-candidate","eslint/no-useless-return","false","2","15"
"typed","no-var","native-candidate","eslint/no-var","false","2","15"
"typed","no-with","native-candidate","eslint/no-with","false","2","10"
"typed","node/handle-callback-err","native-candidate","node/handle-callback-err","false","1","9"
"typed","node/no-deprecated-api","js-plugin-candidate","","false","1","9"
"typed","node/no-exports-assign","native-candidate","node/no-exports-assign","false","1","9"
"typed","node/no-new-require","native-candidate","node/no-new-require","false","1","9"
"typed","node/no-path-concat","native-candidate","node/no-path-concat","false","1","9"
"typed","node/prefer-global/buffer","js-plugin-candidate","","false","1","9"
"typed","node/prefer-global/process","js-plugin-candidate","","false","1","8"
"typed","node/process-exit-as-throw","js-plugin-candidate","","false","1","9"
"typed","object-shorthand","native-candidate","eslint/object-shorthand","false","2","15"
"typed","one-var","native-candidate","eslint/one-var","false","2","15"
"typed","perfectionist/sort-exports","js-plugin-candidate","","false","2","15"
"typed","perfectionist/sort-imports","js-plugin-candidate","","false","2","15"
"typed","perfectionist/sort-named-exports","js-plugin-candidate","","false","2","15"
"typed","perfectionist/sort-named-imports","js-plugin-candidate","","false","2","15"
"typed","prefer-arrow-callback","native-candidate","eslint/prefer-arrow-callback","false","2","15"
"typed","prefer-const","native-candidate","eslint/prefer-const","false","2","15"
"typed","prefer-exponentiation-operator","native-candidate","eslint/prefer-exponentiation-operator","false","2","15"
"typed","prefer-promise-reject-errors","native-candidate","eslint/prefer-promise-reject-errors","false","2","15"
"typed","prefer-regex-literals","native-candidate","eslint/prefer-regex-literals","false","2","15"
"typed","prefer-rest-params","native-candidate","eslint/prefer-rest-params","false","2","15"
"typed","prefer-spread","native-candidate","eslint/prefer-spread","false","2","15"
"typed","prefer-template","native-candidate","eslint/prefer-template","false","2","15"
"typed","regexp/confusing-quantifier","js-plugin-candidate","","false","2","15"
"typed","regexp/control-character-escape","js-plugin-candidate","","false","2","15"
"typed","regexp/match-any","js-plugin-candidate","","false","2","15"
"typed","regexp/negation","js-plugin-candidate","","false","2","15"
"typed","regexp/no-contradiction-with-assertion","js-plugin-candidate","","false","2","15"
"typed","regexp/no-dupe-characters-character-class","js-plugin-candidate","","false","2","15"
"typed","regexp/no-dupe-disjunctions","js-plugin-candidate","","false","2","15"
"typed","regexp/no-empty-alternative","js-plugin-candidate","","false","2","15"
"typed","regexp/no-empty-capturing-group","js-plugin-candidate","","false","2","15"
"typed","regexp/no-empty-character-class","js-plugin-candidate","","false","2","15"
"typed","regexp/no-empty-group","js-plugin-candidate","","false","2","15"
"typed","regexp/no-empty-lookarounds-assertion","js-plugin-candidate","","false","2","15"
"typed","regexp/no-empty-string-literal","js-plugin-candidate","","false","2","15"
"typed","regexp/no-escape-backspace","js-plugin-candidate","","false","2","15"
"typed","regexp/no-extra-lookaround-assertions","js-plugin-candidate","","false","2","15"
"typed","regexp/no-invalid-regexp","js-plugin-candidate","","false","2","15"
"typed","regexp/no-invisible-character","js-plugin-candidate","","false","2","15"
"typed","regexp/no-lazy-ends","js-plugin-candidate","","false","2","15"
"typed","regexp/no-legacy-features","js-plugin-candidate","","false","2","15"
"typed","regexp/no-misleading-capturing-group","js-plugin-candidate","","false","2","15"
"typed","regexp/no-misleading-unicode-character","js-plugin-candidate","","false","2","15"
"typed","regexp/no-missing-g-flag","js-plugin-candidate","","false","2","15"
"typed","regexp/no-non-standard-flag","js-plugin-candidate","","false","2","15"
"typed","regexp/no-obscure-range","js-plugin-candidate","","false","2","15"
"typed","regexp/no-optional-assertion","js-plugin-candidate","","false","2","15"
"typed","regexp/no-potentially-useless-backreference","js-plugin-candidate","","false","2","15"
"typed","regexp/no-super-linear-backtracking","js-plugin-candidate","","false","2","15"
"typed","regexp/no-trivially-nested-assertion","js-plugin-candidate","","false","2","15"
"typed","regexp/no-trivially-nested-quantifier","js-plugin-candidate","","false","2","15"
"typed","regexp/no-unused-capturing-group","js-plugin-candidate","","false","2","15"
"typed","regexp/no-useless-assertions","js-plugin-candidate","","false","2","15"
"typed","regexp/no-useless-backreference","js-plugin-candidate","","false","2","15"
"typed","regexp/no-useless-character-class","js-plugin-candidate","","false","2","15"
"typed","regexp/no-useless-dollar-replacements","js-plugin-candidate","","false","2","15"
"typed","regexp/no-useless-escape","js-plugin-candidate","","false","2","15"
"typed","regexp/no-useless-flag","js-plugin-candidate","","false","2","15"
"typed","regexp/no-useless-lazy","js-plugin-candidate","","false","2","15"
"typed","regexp/no-useless-non-capturing-group","js-plugin-candidate","","false","2","15"
"typed","regexp/no-useless-quantifier","js-plugin-candidate","","false","2","15"
"typed","regexp/no-useless-range","js-plugin-candidate","","false","2","15"
"typed","regexp/no-useless-set-operand","js-plugin-candidate","","false","2","15"
"typed","regexp/no-useless-string-literal","js-plugin-candidate","","false","2","15"
"typed","regexp/no-useless-two-nums-quantifier","js-plugin-candidate","","false","2","15"
"typed","regexp/no-zero-quantifier","js-plugin-candidate","","false","2","15"
"typed","regexp/optimal-lookaround-quantifier","js-plugin-candidate","","false","2","15"
"typed","regexp/optimal-quantifier-concatenation","js-plugin-candidate","","false","2","15"
"typed","regexp/prefer-character-class","js-plugin-candidate","","false","2","15"
"typed","regexp/prefer-d","js-plugin-candidate","","false","2","15"
"typed","regexp/prefer-plus-quantifier","js-plugin-candidate","","false","2","15"
"typed","regexp/prefer-predefined-assertion","js-plugin-candidate","","false","2","15"
"typed","regexp/prefer-question-quantifier","js-plugin-candidate","","false","2","15"
"typed","regexp/prefer-range","js-plugin-candidate","","false","2","15"
"typed","regexp/prefer-set-operation","js-plugin-candidate","","false","2","15"
"typed","regexp/prefer-star-quantifier","js-plugin-candidate","","false","2","15"
"typed","regexp/prefer-unicode-codepoint-escapes","js-plugin-candidate","","false","2","15"
"typed","regexp/prefer-w","js-plugin-candidate","","false","2","15"
"typed","regexp/simplify-set-operations","js-plugin-candidate","","false","2","15"
"typed","regexp/sort-flags","js-plugin-candidate","","false","2","15"
"typed","regexp/strict","js-plugin-candidate","","false","2","15"
"typed","regexp/use-ignore-case","js-plugin-candidate","","false","2","15"
"typed","style/array-bracket-spacing","js-plugin-candidate","","false","2","15"
"typed","style/arrow-parens","js-plugin-candidate","","false","2","15"
"typed","style/arrow-spacing","js-plugin-candidate","","false","2","15"
"typed","style/block-spacing","js-plugin-candidate","","false","2","15"
"typed","style/brace-style","js-plugin-candidate","","false","2","15"
"typed","style/comma-dangle","js-plugin-candidate","","false","2","15"
"typed","style/comma-spacing","js-plugin-candidate","","false","2","15"
"typed","style/comma-style","js-plugin-candidate","","false","2","15"
"typed","style/computed-property-spacing","js-plugin-candidate","","false","2","15"
"typed","style/dot-location","js-plugin-candidate","","false","2","15"
"typed","style/eol-last","js-plugin-candidate","","false","2","15"
"typed","style/generator-star-spacing","js-plugin-candidate","","false","2","15"
"typed","style/indent","js-plugin-candidate","","false","2","15"
"typed","style/indent-binary-ops","js-plugin-candidate","","false","2","15"
"typed","style/jsx-closing-bracket-location","js-plugin-candidate","","false","2","15"
"typed","style/jsx-closing-tag-location","js-plugin-candidate","","false","2","15"
"typed","style/jsx-curly-brace-presence","js-plugin-candidate","","false","2","15"
"typed","style/jsx-curly-newline","js-plugin-candidate","","false","2","15"
"typed","style/jsx-curly-spacing","js-plugin-candidate","","false","2","15"
"typed","style/jsx-equals-spacing","js-plugin-candidate","","false","2","15"
"typed","style/jsx-first-prop-new-line","js-plugin-candidate","","false","2","15"
"typed","style/jsx-function-call-newline","js-plugin-candidate","","false","2","15"
"typed","style/jsx-indent-props","js-plugin-candidate","","false","2","15"
"typed","style/jsx-max-props-per-line","js-plugin-candidate","","false","2","15"
"typed","style/jsx-one-expression-per-line","js-plugin-candidate","","false","2","15"
"typed","style/jsx-quotes","js-plugin-candidate","","false","2","15"
"typed","style/jsx-tag-spacing","js-plugin-candidate","","false","2","15"
"typed","style/jsx-wrap-multilines","js-plugin-candidate","","false","2","15"
"typed","style/key-spacing","js-plugin-candidate","","false","2","15"
"typed","style/keyword-spacing","js-plugin-candidate","","false","2","15"
"typed","style/lines-between-class-members","js-plugin-candidate","","false","2","15"
"typed","style/max-statements-per-line","js-plugin-candidate","","false","2","15"
"typed","style/member-delimiter-style","js-plugin-candidate","","false","2","15"
"typed","style/multiline-ternary","js-plugin-candidate","","false","2","15"
"typed","style/new-parens","js-plugin-candidate","","false","2","15"
"typed","style/no-extra-parens","js-plugin-candidate","","false","2","15"
"typed","style/no-floating-decimal","js-plugin-candidate","","false","2","15"
"typed","style/no-mixed-operators","js-plugin-candidate","","false","2","15"
"typed","style/no-mixed-spaces-and-tabs","js-plugin-candidate","","false","2","15"
"typed","style/no-multi-spaces","js-plugin-candidate","","false","2","15"
"typed","style/no-multiple-empty-lines","js-plugin-candidate","","false","2","15"
"typed","style/no-tabs","js-plugin-candidate","","false","2","15"
"typed","style/no-trailing-spaces","js-plugin-candidate","","false","2","15"
"typed","style/no-whitespace-before-property","js-plugin-candidate","","false","2","15"
"typed","style/object-curly-spacing","js-plugin-candidate","","false","2","15"
"typed","style/operator-linebreak","js-plugin-candidate","","false","2","15"
"typed","style/padded-blocks","js-plugin-candidate","","false","2","15"
"typed","style/quote-props","js-plugin-candidate","","false","2","15"
"typed","style/quotes","js-plugin-candidate","","false","2","15"
"typed","style/rest-spread-spacing","js-plugin-candidate","","false","2","15"
"typed","style/semi","js-plugin-candidate","","false","2","15"
"typed","style/semi-spacing","js-plugin-candidate","","false","2","15"
"typed","style/space-before-blocks","js-plugin-candidate","","false","2","15"
"typed","style/space-before-function-paren","js-plugin-candidate","","false","2","15"
"typed","style/space-in-parens","js-plugin-candidate","","false","2","15"
"typed","style/space-infix-ops","js-plugin-candidate","","false","2","15"
"typed","style/space-unary-ops","js-plugin-candidate","","false","2","15"
"typed","style/spaced-comment","js-plugin-candidate","","false","2","13"
"typed","style/template-curly-spacing","js-plugin-candidate","","false","2","15"
"typed","style/template-tag-spacing","js-plugin-candidate","","false","2","15"
"typed","style/type-annotation-spacing","js-plugin-candidate","","false","2","15"
"typed","style/type-generic-spacing","js-plugin-candidate","","false","2","15"
"typed","style/type-named-tuple-spacing","js-plugin-candidate","","false","2","15"
"typed","style/wrap-iife","js-plugin-candidate","","false","2","15"
"typed","style/yield-star-spacing","js-plugin-candidate","","false","2","15"
"typed","symbol-description","native-candidate","eslint/symbol-description","false","2","15"
"typed","test/consistent-test-it","native-candidate","vitest/consistent-test-it","false","1","1"
"typed","test/no-identical-title","native-candidate","vitest/no-identical-title","false","1","1"
"typed","test/no-import-node-test","native-candidate","vitest/no-import-node-test","false","1","1"
"typed","test/no-only-tests","js-plugin-candidate","","false","1","1"
"typed","test/prefer-hooks-in-order","native-candidate","vitest/prefer-hooks-in-order","false","1","1"
"typed","test/prefer-lowercase-title","native-candidate","vitest/prefer-lowercase-title","false","1","1"
"typed","toml/array-bracket-newline","eslint-fallback","","false","1","1"
"typed","toml/array-bracket-spacing","eslint-fallback","","false","1","1"
"typed","toml/array-element-newline","eslint-fallback","","false","1","1"
"typed","toml/comma-style","eslint-fallback","","false","1","1"
"typed","toml/indent","eslint-fallback","","false","1","1"
"typed","toml/inline-table-curly-spacing","eslint-fallback","","false","1","1"
"typed","toml/key-spacing","eslint-fallback","","false","1","1"
"typed","toml/keys-order","eslint-fallback","","false","1","1"
"typed","toml/no-space-dots","eslint-fallback","","false","1","1"
"typed","toml/no-unreadable-number-separator","eslint-fallback","","false","1","1"
"typed","toml/padding-line-between-pairs","eslint-fallback","","false","1","1"
"typed","toml/padding-line-between-tables","eslint-fallback","","false","1","1"
"typed","toml/precision-of-fractional-seconds","eslint-fallback","","false","1","1"
"typed","toml/precision-of-integer","eslint-fallback","","false","1","1"
"typed","toml/quoted-keys","eslint-fallback","","false","1","1"
"typed","toml/spaced-comment","eslint-fallback","","false","1","1"
"typed","toml/table-bracket-spacing","eslint-fallback","","false","1","1"
"typed","toml/tables-order","eslint-fallback","","false","1","1"
"typed","toml/vue-custom-block/no-parsing-error","eslint-fallback","","false","1","1"
"typed","ts/await-thenable","native-candidate","typescript/await-thenable","true","1","5"
"typed","ts/ban-ts-comment","native-candidate","typescript/ban-ts-comment","false","1","5"
"typed","ts/consistent-type-definitions","native-candidate","typescript/consistent-type-definitions","false","1","5"
"typed","ts/consistent-type-imports","native-candidate","typescript/consistent-type-imports","false","1","5"
"typed","ts/dot-notation","native-candidate","typescript/dot-notation","true","1","5"
"typed","ts/method-signature-style","native-candidate","typescript/method-signature-style","false","1","5"
"typed","ts/no-array-constructor","js-plugin-candidate","","false","1","5"
"typed","ts/no-dupe-class-members","js-plugin-candidate","","false","1","5"
"typed","ts/no-duplicate-enum-values","native-candidate","typescript/no-duplicate-enum-values","false","1","5"
"typed","ts/no-empty-object-type","native-candidate","typescript/no-empty-object-type","false","1","5"
"typed","ts/no-extra-non-null-assertion","native-candidate","typescript/no-extra-non-null-assertion","false","1","5"
"typed","ts/no-floating-promises","native-candidate","typescript/no-floating-promises","true","1","5"
"typed","ts/no-for-in-array","native-candidate","typescript/no-for-in-array","true","1","5"
"typed","ts/no-implied-eval","native-candidate","typescript/no-implied-eval","true","1","5"
"typed","ts/no-import-type-side-effects","native-candidate","typescript/no-import-type-side-effects","false","1","5"
"typed","ts/no-misused-new","native-candidate","typescript/no-misused-new","false","1","5"
"typed","ts/no-misused-promises","native-candidate","typescript/no-misused-promises","true","1","5"
"typed","ts/no-namespace","native-candidate","typescript/no-namespace","false","1","5"
"typed","ts/no-non-null-asserted-nullish-coalescing","native-candidate","typescript/no-non-null-asserted-nullish-coalescing","false","1","5"
"typed","ts/no-non-null-asserted-optional-chain","native-candidate","typescript/no-non-null-asserted-optional-chain","false","1","5"
"typed","ts/no-redeclare","js-plugin-candidate","","false","1","5"
"typed","ts/no-require-imports","native-candidate","typescript/no-require-imports","false","1","5"
"typed","ts/no-this-alias","native-candidate","typescript/no-this-alias","false","1","5"
"typed","ts/no-unnecessary-type-assertion","native-candidate","typescript/no-unnecessary-type-assertion","true","1","5"
"typed","ts/no-unnecessary-type-constraint","native-candidate","typescript/no-unnecessary-type-constraint","false","1","5"
"typed","ts/no-unsafe-argument","native-candidate","typescript/no-unsafe-argument","true","1","5"
"typed","ts/no-unsafe-assignment","native-candidate","typescript/no-unsafe-assignment","true","1","5"
"typed","ts/no-unsafe-call","native-candidate","typescript/no-unsafe-call","true","1","5"
"typed","ts/no-unsafe-declaration-merging","native-candidate","typescript/no-unsafe-declaration-merging","false","1","5"
"typed","ts/no-unsafe-function-type","native-candidate","typescript/no-unsafe-function-type","false","1","5"
"typed","ts/no-unsafe-member-access","native-candidate","typescript/no-unsafe-member-access","true","1","5"
"typed","ts/no-unsafe-return","native-candidate","typescript/no-unsafe-return","true","1","5"
"typed","ts/no-unused-expressions","js-plugin-candidate","","false","1","5"
"typed","ts/no-use-before-define","js-plugin-candidate","","false","1","5"
"typed","ts/no-wrapper-object-types","native-candidate","typescript/no-wrapper-object-types","false","1","5"
"typed","ts/prefer-as-const","native-candidate","typescript/prefer-as-const","false","1","5"
"typed","ts/prefer-literal-enum-member","native-candidate","typescript/prefer-literal-enum-member","false","1","5"
"typed","ts/prefer-namespace-keyword","native-candidate","typescript/prefer-namespace-keyword","false","1","5"
"typed","ts/promise-function-async","native-candidate","typescript/promise-function-async","true","1","5"
"typed","ts/restrict-plus-operands","native-candidate","typescript/restrict-plus-operands","true","1","5"
"typed","ts/restrict-template-expressions","native-candidate","typescript/restrict-template-expressions","true","1","5"
"typed","ts/return-await","native-candidate","typescript/return-await","true","1","5"
"typed","ts/strict-boolean-expressions","native-candidate","typescript/strict-boolean-expressions","true","1","5"
"typed","ts/switch-exhaustiveness-check","native-candidate","typescript/switch-exhaustiveness-check","true","1","5"
"typed","ts/unbound-method","native-candidate","typescript/unbound-method","true","1","5"
"typed","unicode-bom","native-candidate","eslint/unicode-bom","false","2","15"
"typed","unicorn/consistent-empty-array-spread","native-candidate","unicorn/consistent-empty-array-spread","false","1","9"
"typed","unicorn/error-message","native-candidate","unicorn/error-message","false","1","9"
"typed","unicorn/escape-case","native-candidate","unicorn/escape-case","false","1","9"
"typed","unicorn/new-for-builtins","native-candidate","unicorn/new-for-builtins","false","1","9"
"typed","unicorn/no-instanceof-builtins","native-candidate","unicorn/no-instanceof-builtins","false","1","9"
"typed","unicorn/no-new-array","native-candidate","unicorn/no-new-array","false","1","9"
"typed","unicorn/no-new-buffer","native-candidate","unicorn/no-new-buffer","false","1","9"
"typed","unicorn/number-literal-case","native-candidate","unicorn/number-literal-case","false","1","9"
"typed","unicorn/prefer-dom-node-text-content","native-candidate","unicorn/prefer-dom-node-text-content","false","1","9"
"typed","unicorn/prefer-includes","native-candidate","unicorn/prefer-includes","false","1","9"
"typed","unicorn/prefer-node-protocol","native-candidate","unicorn/prefer-node-protocol","false","1","9"
"typed","unicorn/prefer-number-properties","native-candidate","unicorn/prefer-number-properties","false","1","9"
"typed","unicorn/prefer-string-starts-ends-with","native-candidate","unicorn/prefer-string-starts-ends-with","false","1","9"
"typed","unicorn/prefer-type-error","native-candidate","unicorn/prefer-type-error","false","1","9"
"typed","unicorn/throw-new-error","native-candidate","unicorn/throw-new-error","false","1","9"
"typed","unused-imports/no-unused-imports","js-plugin-candidate","","false","2","15"
"typed","unused-imports/no-unused-vars","js-plugin-candidate","","false","2","14"
"typed","use-isnan","native-candidate","eslint/use-isnan","false","2","15"
"typed","valid-typeof","native-candidate","eslint/valid-typeof","false","2","15"
"typed","vars-on-top","native-candidate","eslint/vars-on-top","false","2","15"
"typed","yaml/block-mapping","eslint-fallback","","false","1","1"
"typed","yaml/block-mapping-question-indicator-newline","eslint-fallback","","false","1","1"
"typed","yaml/block-sequence","eslint-fallback","","false","1","1"
"typed","yaml/block-sequence-hyphen-indicator-newline","eslint-fallback","","false","1","1"
"typed","yaml/flow-mapping-curly-newline","eslint-fallback","","false","1","1"
"typed","yaml/flow-mapping-curly-spacing","eslint-fallback","","false","1","1"
"typed","yaml/flow-sequence-bracket-newline","eslint-fallback","","false","1","1"
"typed","yaml/flow-sequence-bracket-spacing","eslint-fallback","","false","1","1"
"typed","yaml/indent","eslint-fallback","","false","1","1"
"typed","yaml/key-spacing","eslint-fallback","","false","1","1"
"typed","yaml/no-empty-key","eslint-fallback","","false","1","1"
"typed","yaml/no-empty-sequence-entry","eslint-fallback","","false","1","1"
"typed","yaml/no-irregular-whitespace","eslint-fallback","","false","1","1"
"typed","yaml/no-multiple-empty-lines","eslint-fallback","","false","1","1"
"typed","yaml/no-tab-indent","eslint-fallback","","false","1","1"
"typed","yaml/plain-scalar","eslint-fallback","","false","1","1"
"typed","yaml/quotes","eslint-fallback","","false","1","1"
"typed","yaml/spaced-comment","eslint-fallback","","false","1","1"
"typed","yaml/vue-custom-block/no-parsing-error","eslint-fallback","","false","1","1"
"typed","yoda","native-candidate","eslint/yoda","false","2","15"
"react","accessor-pairs","native-candidate","eslint/accessor-pairs","false","2","15"
"react","antfu/consistent-chaining","js-plugin-candidate","","false","2","15"
"react","antfu/consistent-list-newline","js-plugin-candidate","","false","2","15"
"react","antfu/curly","js-plugin-candidate","","false","2","15"
"react","antfu/if-newline","js-plugin-candidate","","false","2","15"
"react","antfu/import-dedupe","js-plugin-candidate","","false","2","15"
"react","antfu/no-import-dist","js-plugin-candidate","","false","2","14"
"react","antfu/no-import-node-modules-by-path","js-plugin-candidate","","false","2","14"
"react","antfu/no-top-level-await","js-plugin-candidate","","false","2","11"
"react","antfu/top-level-function","js-plugin-candidate","","false","2","15"
"react","array-callback-return","native-candidate","eslint/array-callback-return","false","2","15"
"react","block-scoped-var","native-candidate","eslint/block-scoped-var","false","2","15"
"react","command/command","js-plugin-candidate","","false","2","15"
"react","constructor-super","native-candidate","eslint/constructor-super","false","2","10"
"react","default-case-last","native-candidate","eslint/default-case-last","false","2","15"
"react","dot-notation","js-plugin-candidate","","false","2","10"
"react","e18e/prefer-array-fill","js-plugin-candidate","","false","2","15"
"react","e18e/prefer-array-some","js-plugin-candidate","","false","2","15"
"react","e18e/prefer-date-now","js-plugin-candidate","","false","2","15"
"react","e18e/prefer-includes","js-plugin-candidate","","false","2","15"
"react","e18e/prefer-nullish-coalescing","js-plugin-candidate","","false","2","15"
"react","e18e/prefer-object-has-own","js-plugin-candidate","","false","2","15"
"react","e18e/prefer-regex-test","js-plugin-candidate","","false","2","15"
"react","e18e/prefer-string-fromcharcode","js-plugin-candidate","","false","2","15"
"react","e18e/prefer-timer-args","js-plugin-candidate","","false","2","15"
"react","e18e/prefer-url-canparse","js-plugin-candidate","","false","2","15"
"react","eqeqeq","native-candidate","eslint/eqeqeq","false","2","15"
"react","eslint-comments/no-aggregating-enable","js-plugin-candidate","","false","2","15"
"react","eslint-comments/no-duplicate-disable","js-plugin-candidate","","false","2","15"
"react","eslint-comments/no-unlimited-disable","js-plugin-candidate","","false","2","14"
"react","eslint-comments/no-unused-enable","js-plugin-candidate","","false","2","15"
"react","import/consistent-type-specifier-style","js-plugin-candidate","","false","2","15"
"react","import/first","js-plugin-candidate","","false","2","15"
"react","import/newline-after-import","js-plugin-candidate","","false","2","15"
"react","import/no-duplicates","js-plugin-candidate","","false","2","15"
"react","import/no-mutable-exports","js-plugin-candidate","","false","2","15"
"react","import/no-named-default","js-plugin-candidate","","false","2","15"
"react","jsdoc/check-access","native-candidate","jsdoc/check-access","false","1","9"
"react","jsdoc/check-alignment","js-plugin-candidate","","false","1","9"
"react","jsdoc/check-param-names","js-plugin-candidate","","false","1","9"
"react","jsdoc/check-property-names","native-candidate","jsdoc/check-property-names","false","1","9"
"react","jsdoc/check-types","js-plugin-candidate","","false","1","9"
"react","jsdoc/empty-tags","native-candidate","jsdoc/empty-tags","false","1","9"
"react","jsdoc/implements-on-classes","native-candidate","jsdoc/implements-on-classes","false","1","9"
"react","jsdoc/multiline-blocks","js-plugin-candidate","","false","1","9"
"react","jsdoc/no-defaults","native-candidate","jsdoc/no-defaults","false","1","9"
"react","jsdoc/no-multi-asterisks","js-plugin-candidate","","false","1","9"
"react","jsdoc/require-param-name","native-candidate","jsdoc/require-param-name","false","1","9"
"react","jsdoc/require-property","native-candidate","jsdoc/require-property","false","1","9"
"react","jsdoc/require-property-description","native-candidate","jsdoc/require-property-description","false","1","9"
"react","jsdoc/require-property-name","native-candidate","jsdoc/require-property-name","false","1","9"
"react","jsdoc/require-returns-check","js-plugin-candidate","","false","1","9"
"react","jsdoc/require-returns-description","native-candidate","jsdoc/require-returns-description","false","1","9"
"react","jsdoc/require-yields-check","js-plugin-candidate","","false","1","9"
"react","jsonc/array-bracket-spacing","eslint-fallback","","false","1","4"
"react","jsonc/comma-dangle","eslint-fallback","","false","1","4"
"react","jsonc/comma-style","eslint-fallback","","false","1","4"
"react","jsonc/indent","eslint-fallback","","false","1","4"
"react","jsonc/key-spacing","eslint-fallback","","false","1","4"
"react","jsonc/no-bigint-literals","eslint-fallback","","false","1","4"
"react","jsonc/no-binary-expression","eslint-fallback","","false","1","4"
"react","jsonc/no-binary-numeric-literals","eslint-fallback","","false","1","4"
"react","jsonc/no-dupe-keys","eslint-fallback","","false","1","4"
"react","jsonc/no-escape-sequence-in-identifier","eslint-fallback","","false","1","4"
"react","jsonc/no-floating-decimal","eslint-fallback","","false","1","4"
"react","jsonc/no-hexadecimal-numeric-literals","eslint-fallback","","false","1","4"
"react","jsonc/no-infinity","eslint-fallback","","false","1","4"
"react","jsonc/no-multi-str","eslint-fallback","","false","1","4"
"react","jsonc/no-nan","eslint-fallback","","false","1","4"
"react","jsonc/no-number-props","eslint-fallback","","false","1","4"
"react","jsonc/no-numeric-separators","eslint-fallback","","false","1","4"
"react","jsonc/no-octal","eslint-fallback","","false","1","4"
"react","jsonc/no-octal-escape","eslint-fallback","","false","1","4"
"react","jsonc/no-octal-numeric-literals","eslint-fallback","","false","1","4"
"react","jsonc/no-parenthesized","eslint-fallback","","false","1","4"
"react","jsonc/no-plus-sign","eslint-fallback","","false","1","4"
"react","jsonc/no-regexp-literals","eslint-fallback","","false","1","4"
"react","jsonc/no-sparse-arrays","eslint-fallback","","false","1","4"
"react","jsonc/no-template-literals","eslint-fallback","","false","1","4"
"react","jsonc/no-undefined-value","eslint-fallback","","false","1","4"
"react","jsonc/no-unicode-codepoint-escapes","eslint-fallback","","false","1","4"
"react","jsonc/no-useless-escape","eslint-fallback","","false","1","4"
"react","jsonc/object-curly-newline","eslint-fallback","","false","1","4"
"react","jsonc/object-curly-spacing","eslint-fallback","","false","1","4"
"react","jsonc/object-property-newline","eslint-fallback","","false","1","4"
"react","jsonc/quote-props","eslint-fallback","","false","1","4"
"react","jsonc/quotes","eslint-fallback","","false","1","4"
"react","jsonc/sort-array-values","eslint-fallback","","false","1","1"
"react","jsonc/sort-keys","eslint-fallback","","false","2","2"
"react","jsonc/space-unary-ops","eslint-fallback","","false","1","4"
"react","jsonc/valid-json-number","eslint-fallback","","false","1","4"
"react","jsonc/vue-custom-block/no-parsing-error","eslint-fallback","","false","1","4"
"react","markdown/heading-increment","eslint-fallback","","false","1","1"
"react","markdown/no-duplicate-definitions","eslint-fallback","","false","1","1"
"react","markdown/no-empty-definitions","eslint-fallback","","false","1","1"
"react","markdown/no-empty-images","eslint-fallback","","false","1","1"
"react","markdown/no-empty-links","eslint-fallback","","false","1","1"
"react","markdown/no-invalid-label-refs","eslint-fallback","","false","1","1"
"react","markdown/no-missing-atx-heading-space","eslint-fallback","","false","1","1"
"react","markdown/no-missing-link-fragments","eslint-fallback","","false","1","1"
"react","markdown/no-multiple-h1","eslint-fallback","","false","1","1"
"react","markdown/no-reference-like-urls","eslint-fallback","","false","1","1"
"react","markdown/no-reversed-media-syntax","eslint-fallback","","false","1","1"
"react","markdown/no-space-in-emphasis","eslint-fallback","","false","1","1"
"react","markdown/no-unused-definitions","eslint-fallback","","false","1","1"
"react","markdown/require-alt-text","eslint-fallback","","false","1","1"
"react","markdown/table-column-count","eslint-fallback","","false","1","1"
"react","new-cap","native-candidate","eslint/new-cap","false","2","15"
"react","no-alert","native-candidate","eslint/no-alert","false","2","15"
"react","no-array-constructor","native-candidate","eslint/no-array-constructor","false","2","10"
"react","no-async-promise-executor","native-candidate","eslint/no-async-promise-executor","false","2","15"
"react","no-caller","native-candidate","eslint/no-caller","false","2","15"
"react","no-case-declarations","native-candidate","eslint/no-case-declarations","false","2","15"
"react","no-class-assign","native-candidate","eslint/no-class-assign","false","2","10"
"react","no-compare-neg-zero","native-candidate","eslint/no-compare-neg-zero","false","2","15"
"react","no-cond-assign","native-candidate","eslint/no-cond-assign","false","2","15"
"react","no-console","native-candidate","eslint/no-console","false","2","12"
"react","no-const-assign","native-candidate","eslint/no-const-assign","false","2","10"
"react","no-control-regex","native-candidate","eslint/no-control-regex","false","2","15"
"react","no-debugger","native-candidate","eslint/no-debugger","false","2","15"
"react","no-delete-var","native-candidate","eslint/no-delete-var","false","2","15"
"react","no-dupe-args","js-plugin-candidate","","false","2","10"
"react","no-dupe-class-members","native-candidate","eslint/no-dupe-class-members","false","2","10"
"react","no-dupe-keys","native-candidate","eslint/no-dupe-keys","false","2","10"
"react","no-duplicate-case","native-candidate","eslint/no-duplicate-case","false","2","15"
"react","no-empty","native-candidate","eslint/no-empty","false","2","15"
"react","no-empty-pattern","native-candidate","eslint/no-empty-pattern","false","2","15"
"react","no-eval","native-candidate","eslint/no-eval","false","2","15"
"react","no-ex-assign","native-candidate","eslint/no-ex-assign","false","2","15"
"react","no-extend-native","native-candidate","eslint/no-extend-native","false","2","15"
"react","no-extra-bind","native-candidate","eslint/no-extra-bind","false","2","15"
"react","no-extra-boolean-cast","native-candidate","eslint/no-extra-boolean-cast","false","2","15"
"react","no-fallthrough","native-candidate","eslint/no-fallthrough","false","2","15"
"react","no-func-assign","native-candidate","eslint/no-func-assign","false","2","10"
"react","no-global-assign","native-candidate","eslint/no-global-assign","false","2","15"
"react","no-implied-eval","native-candidate","eslint/no-implied-eval","false","2","10"
"react","no-import-assign","native-candidate","eslint/no-import-assign","false","2","10"
"react","no-irregular-whitespace","native-candidate","eslint/no-irregular-whitespace","false","2","15"
"react","no-iterator","native-candidate","eslint/no-iterator","false","2","15"
"react","no-labels","native-candidate","eslint/no-labels","false","2","15"
"react","no-lone-blocks","native-candidate","eslint/no-lone-blocks","false","2","15"
"react","no-loss-of-precision","native-candidate","eslint/no-loss-of-precision","false","2","15"
"react","no-misleading-character-class","native-candidate","eslint/no-misleading-character-class","false","2","15"
"react","no-multi-str","native-candidate","eslint/no-multi-str","false","2","15"
"react","no-new","native-candidate","eslint/no-new","false","2","15"
"react","no-new-func","native-candidate","eslint/no-new-func","false","2","15"
"react","no-new-native-nonconstructor","native-candidate","eslint/no-new-native-nonconstructor","false","2","10"
"react","no-new-wrappers","native-candidate","eslint/no-new-wrappers","false","2","15"
"react","no-obj-calls","native-candidate","eslint/no-obj-calls","false","2","10"
"react","no-octal","js-plugin-candidate","","false","2","15"
"react","no-octal-escape","js-plugin-candidate","","false","2","15"
"react","no-proto","native-candidate","eslint/no-proto","false","2","15"
"react","no-prototype-builtins","native-candidate","eslint/no-prototype-builtins","false","2","15"
"react","no-redeclare","native-candidate","eslint/no-redeclare","false","2","10"
"react","no-regex-spaces","native-candidate","eslint/no-regex-spaces","false","2","15"
"react","no-restricted-globals","native-candidate","eslint/no-restricted-globals","false","2","15"
"react","no-restricted-properties","native-candidate","eslint/no-restricted-properties","false","2","15"
"react","no-restricted-syntax","js-plugin-candidate","","false","2","14"
"react","no-self-assign","native-candidate","eslint/no-self-assign","false","2","15"
"react","no-self-compare","native-candidate","eslint/no-self-compare","false","2","15"
"react","no-sequences","native-candidate","eslint/no-sequences","false","2","15"
"react","no-shadow-restricted-names","native-candidate","eslint/no-shadow-restricted-names","false","2","15"
"react","no-sparse-arrays","native-candidate","eslint/no-sparse-arrays","false","2","15"
"react","no-template-curly-in-string","native-candidate","eslint/no-template-curly-in-string","false","2","15"
"react","no-this-before-super","native-candidate","eslint/no-this-before-super","false","2","10"
"react","no-throw-literal","native-candidate","eslint/no-throw-literal","false","2","15"
"react","no-undef","native-candidate","eslint/no-undef","false","2","10"
"react","no-undef-init","js-plugin-candidate","","false","2","15"
"react","no-unexpected-multiline","native-candidate","eslint/no-unexpected-multiline","false","2","15"
"react","no-unmodified-loop-condition","native-candidate","eslint/no-unmodified-loop-condition","false","2","15"
"react","no-unneeded-ternary","native-candidate","eslint/no-unneeded-ternary","false","2","15"
"react","no-unreachable","native-candidate","eslint/no-unreachable","false","2","10"
"react","no-unreachable-loop","native-candidate","eslint/no-unreachable-loop","false","2","15"
"react","no-unsafe-finally","native-candidate","eslint/no-unsafe-finally","false","2","15"
"react","no-unsafe-negation","native-candidate","eslint/no-unsafe-negation","false","2","10"
"react","no-unused-expressions","native-candidate","eslint/no-unused-expressions","false","2","10"
"react","no-unused-vars","native-candidate","eslint/no-unused-vars","false","2","10"
"react","no-use-before-define","native-candidate","eslint/no-use-before-define","false","2","10"
"react","no-useless-call","native-candidate","eslint/no-useless-call","false","2","15"
"react","no-useless-catch","native-candidate","eslint/no-useless-catch","false","2","15"
"react","no-useless-computed-key","native-candidate","eslint/no-useless-computed-key","false","2","15"
"react","no-useless-constructor","native-candidate","eslint/no-useless-constructor","false","2","10"
"react","no-useless-rename","native-candidate","eslint/no-useless-rename","false","2","15"
"react","no-useless-return","native-candidate","eslint/no-useless-return","false","2","15"
"react","no-var","native-candidate","eslint/no-var","false","2","15"
"react","no-with","native-candidate","eslint/no-with","false","2","10"
"react","node/handle-callback-err","native-candidate","node/handle-callback-err","false","1","9"
"react","node/no-deprecated-api","js-plugin-candidate","","false","1","9"
"react","node/no-exports-assign","native-candidate","node/no-exports-assign","false","1","9"
"react","node/no-new-require","native-candidate","node/no-new-require","false","1","9"
"react","node/no-path-concat","native-candidate","node/no-path-concat","false","1","9"
"react","node/prefer-global/buffer","js-plugin-candidate","","false","1","9"
"react","node/prefer-global/process","js-plugin-candidate","","false","1","8"
"react","node/process-exit-as-throw","js-plugin-candidate","","false","1","9"
"react","object-shorthand","native-candidate","eslint/object-shorthand","false","2","15"
"react","one-var","native-candidate","eslint/one-var","false","2","15"
"react","perfectionist/sort-exports","js-plugin-candidate","","false","2","15"
"react","perfectionist/sort-imports","js-plugin-candidate","","false","2","15"
"react","perfectionist/sort-named-exports","js-plugin-candidate","","false","2","15"
"react","perfectionist/sort-named-imports","js-plugin-candidate","","false","2","15"
"react","prefer-arrow-callback","native-candidate","eslint/prefer-arrow-callback","false","2","15"
"react","prefer-const","native-candidate","eslint/prefer-const","false","2","15"
"react","prefer-exponentiation-operator","native-candidate","eslint/prefer-exponentiation-operator","false","2","15"
"react","prefer-promise-reject-errors","native-candidate","eslint/prefer-promise-reject-errors","false","2","15"
"react","prefer-regex-literals","native-candidate","eslint/prefer-regex-literals","false","2","15"
"react","prefer-rest-params","native-candidate","eslint/prefer-rest-params","false","2","15"
"react","prefer-spread","native-candidate","eslint/prefer-spread","false","2","15"
"react","prefer-template","native-candidate","eslint/prefer-template","false","2","15"
"react","react-refresh/only-export-components","native-candidate","react/only-export-components","false","1","9"
"react","react/dom-no-dangerously-set-innerhtml","js-plugin-candidate","","false","1","9"
"react","react/dom-no-dangerously-set-innerhtml-with-children","js-plugin-candidate","","false","1","9"
"react","react/dom-no-find-dom-node","js-plugin-candidate","","false","1","9"
"react","react/dom-no-flush-sync","js-plugin-candidate","","false","1","9"
"react","react/dom-no-hydrate","js-plugin-candidate","","false","1","9"
"react","react/dom-no-render","js-plugin-candidate","","false","1","9"
"react","react/dom-no-render-return-value","js-plugin-candidate","","false","1","9"
"react","react/dom-no-script-url","js-plugin-candidate","","false","1","9"
"react","react/dom-no-unsafe-iframe-sandbox","js-plugin-candidate","","false","1","9"
"react","react/dom-no-use-form-state","js-plugin-candidate","","false","1","9"
"react","react/dom-no-void-elements-with-children","js-plugin-candidate","","false","1","9"
"react","react/error-boundaries","js-plugin-candidate","","false","1","9"
"react","react/exhaustive-deps","js-plugin-candidate","","false","1","9"
"react","react/jsx-no-children-prop","js-plugin-candidate","","false","1","9"
"react","react/jsx-no-children-prop-with-children","js-plugin-candidate","","false","1","9"
"react","react/jsx-no-comment-textnodes","js-plugin-candidate","","false","1","9"
"react","react/jsx-no-key-after-spread","js-plugin-candidate","","false","1","9"
"react","react/jsx-no-leaked-dollar","js-plugin-candidate","","false","1","9"
"react","react/jsx-no-leaked-semicolon","js-plugin-candidate","","false","1","9"
"react","react/jsx-no-namespace","js-plugin-candidate","","false","1","9"
"react","react/naming-convention-context-name","js-plugin-candidate","","false","1","9"
"react","react/naming-convention-id-name","js-plugin-candidate","","false","1","9"
"react","react/naming-convention-ref-name","js-plugin-candidate","","false","1","9"
"react","react/no-access-state-in-setstate","js-plugin-candidate","","false","1","9"
"react","react/no-array-index-key","js-plugin-candidate","","false","1","9"
"react","react/no-children-count","js-plugin-candidate","","false","1","9"
"react","react/no-children-for-each","js-plugin-candidate","","false","1","9"
"react","react/no-children-map","js-plugin-candidate","","false","1","9"
"react","react/no-children-only","js-plugin-candidate","","false","1","9"
"react","react/no-children-to-array","js-plugin-candidate","","false","1","9"
"react","react/no-clone-element","js-plugin-candidate","","false","1","9"
"react","react/no-component-will-mount","js-plugin-candidate","","false","1","9"
"react","react/no-component-will-receive-props","js-plugin-candidate","","false","1","9"
"react","react/no-component-will-update","js-plugin-candidate","","false","1","9"
"react","react/no-context-provider","js-plugin-candidate","","false","1","9"
"react","react/no-create-ref","js-plugin-candidate","","false","1","9"
"react","react/no-direct-mutation-state","js-plugin-candidate","","false","1","9"
"react","react/no-forward-ref","js-plugin-candidate","","false","1","9"
"react","react/no-leaked-conditional-rendering","eslint-fallback","","true","1","5"
"react","react/no-missing-key","js-plugin-candidate","","false","1","9"
"react","react/no-nested-component-definitions","js-plugin-candidate","","false","1","9"
"react","react/no-nested-lazy-component-declarations","js-plugin-candidate","","false","1","9"
"react","react/no-set-state-in-component-did-mount","js-plugin-candidate","","false","1","9"
"react","react/no-set-state-in-component-did-update","js-plugin-candidate","","false","1","9"
"react","react/no-set-state-in-component-will-update","js-plugin-candidate","","false","1","9"
"react","react/no-unnecessary-use-prefix","js-plugin-candidate","","false","1","9"
"react","react/no-unsafe-component-will-mount","js-plugin-candidate","","false","1","9"
"react","react/no-unsafe-component-will-receive-props","js-plugin-candidate","","false","1","9"
"react","react/no-unsafe-component-will-update","js-plugin-candidate","","false","1","9"
"react","react/no-unused-class-component-members","js-plugin-candidate","","false","1","9"
"react","react/no-use-context","js-plugin-candidate","","false","1","9"
"react","react/purity","js-plugin-candidate","","false","1","9"
"react","react/rsc-function-definition","js-plugin-candidate","","false","1","9"
"react","react/rules-of-hooks","js-plugin-candidate","","false","1","9"
"react","react/set-state-in-effect","js-plugin-candidate","","false","1","9"
"react","react/set-state-in-render","js-plugin-candidate","","false","1","9"
"react","react/static-components","js-plugin-candidate","","false","1","9"
"react","react/unsupported-syntax","js-plugin-candidate","","false","1","9"
"react","react/use-memo","js-plugin-candidate","","false","1","9"
"react","react/use-state","js-plugin-candidate","","false","1","9"
"react","react/web-api-no-leaked-event-listener","js-plugin-candidate","","false","1","9"
"react","react/web-api-no-leaked-fetch","js-plugin-candidate","","false","1","9"
"react","react/web-api-no-leaked-intersection-observer","js-plugin-candidate","","false","1","9"
"react","react/web-api-no-leaked-interval","js-plugin-candidate","","false","1","9"
"react","react/web-api-no-leaked-resize-observer","js-plugin-candidate","","false","1","9"
"react","react/web-api-no-leaked-timeout","js-plugin-candidate","","false","1","9"
"react","regexp/confusing-quantifier","js-plugin-candidate","","false","2","15"
"react","regexp/control-character-escape","js-plugin-candidate","","false","2","15"
"react","regexp/match-any","js-plugin-candidate","","false","2","15"
"react","regexp/negation","js-plugin-candidate","","false","2","15"
"react","regexp/no-contradiction-with-assertion","js-plugin-candidate","","false","2","15"
"react","regexp/no-dupe-characters-character-class","js-plugin-candidate","","false","2","15"
"react","regexp/no-dupe-disjunctions","js-plugin-candidate","","false","2","15"
"react","regexp/no-empty-alternative","js-plugin-candidate","","false","2","15"
"react","regexp/no-empty-capturing-group","js-plugin-candidate","","false","2","15"
"react","regexp/no-empty-character-class","js-plugin-candidate","","false","2","15"
"react","regexp/no-empty-group","js-plugin-candidate","","false","2","15"
"react","regexp/no-empty-lookarounds-assertion","js-plugin-candidate","","false","2","15"
"react","regexp/no-empty-string-literal","js-plugin-candidate","","false","2","15"
"react","regexp/no-escape-backspace","js-plugin-candidate","","false","2","15"
"react","regexp/no-extra-lookaround-assertions","js-plugin-candidate","","false","2","15"
"react","regexp/no-invalid-regexp","js-plugin-candidate","","false","2","15"
"react","regexp/no-invisible-character","js-plugin-candidate","","false","2","15"
"react","regexp/no-lazy-ends","js-plugin-candidate","","false","2","15"
"react","regexp/no-legacy-features","js-plugin-candidate","","false","2","15"
"react","regexp/no-misleading-capturing-group","js-plugin-candidate","","false","2","15"
"react","regexp/no-misleading-unicode-character","js-plugin-candidate","","false","2","15"
"react","regexp/no-missing-g-flag","js-plugin-candidate","","false","2","15"
"react","regexp/no-non-standard-flag","js-plugin-candidate","","false","2","15"
"react","regexp/no-obscure-range","js-plugin-candidate","","false","2","15"
"react","regexp/no-optional-assertion","js-plugin-candidate","","false","2","15"
"react","regexp/no-potentially-useless-backreference","js-plugin-candidate","","false","2","15"
"react","regexp/no-super-linear-backtracking","js-plugin-candidate","","false","2","15"
"react","regexp/no-trivially-nested-assertion","js-plugin-candidate","","false","2","15"
"react","regexp/no-trivially-nested-quantifier","js-plugin-candidate","","false","2","15"
"react","regexp/no-unused-capturing-group","js-plugin-candidate","","false","2","15"
"react","regexp/no-useless-assertions","js-plugin-candidate","","false","2","15"
"react","regexp/no-useless-backreference","js-plugin-candidate","","false","2","15"
"react","regexp/no-useless-character-class","js-plugin-candidate","","false","2","15"
"react","regexp/no-useless-dollar-replacements","js-plugin-candidate","","false","2","15"
"react","regexp/no-useless-escape","js-plugin-candidate","","false","2","15"
"react","regexp/no-useless-flag","js-plugin-candidate","","false","2","15"
"react","regexp/no-useless-lazy","js-plugin-candidate","","false","2","15"
"react","regexp/no-useless-non-capturing-group","js-plugin-candidate","","false","2","15"
"react","regexp/no-useless-quantifier","js-plugin-candidate","","false","2","15"
"react","regexp/no-useless-range","js-plugin-candidate","","false","2","15"
"react","regexp/no-useless-set-operand","js-plugin-candidate","","false","2","15"
"react","regexp/no-useless-string-literal","js-plugin-candidate","","false","2","15"
"react","regexp/no-useless-two-nums-quantifier","js-plugin-candidate","","false","2","15"
"react","regexp/no-zero-quantifier","js-plugin-candidate","","false","2","15"
"react","regexp/optimal-lookaround-quantifier","js-plugin-candidate","","false","2","15"
"react","regexp/optimal-quantifier-concatenation","js-plugin-candidate","","false","2","15"
"react","regexp/prefer-character-class","js-plugin-candidate","","false","2","15"
"react","regexp/prefer-d","js-plugin-candidate","","false","2","15"
"react","regexp/prefer-plus-quantifier","js-plugin-candidate","","false","2","15"
"react","regexp/prefer-predefined-assertion","js-plugin-candidate","","false","2","15"
"react","regexp/prefer-question-quantifier","js-plugin-candidate","","false","2","15"
"react","regexp/prefer-range","js-plugin-candidate","","false","2","15"
"react","regexp/prefer-set-operation","js-plugin-candidate","","false","2","15"
"react","regexp/prefer-star-quantifier","js-plugin-candidate","","false","2","15"
"react","regexp/prefer-unicode-codepoint-escapes","js-plugin-candidate","","false","2","15"
"react","regexp/prefer-w","js-plugin-candidate","","false","2","15"
"react","regexp/simplify-set-operations","js-plugin-candidate","","false","2","15"
"react","regexp/sort-flags","js-plugin-candidate","","false","2","15"
"react","regexp/strict","js-plugin-candidate","","false","2","15"
"react","regexp/use-ignore-case","js-plugin-candidate","","false","2","15"
"react","style/array-bracket-spacing","js-plugin-candidate","","false","2","15"
"react","style/arrow-parens","js-plugin-candidate","","false","2","15"
"react","style/arrow-spacing","js-plugin-candidate","","false","2","15"
"react","style/block-spacing","js-plugin-candidate","","false","2","15"
"react","style/brace-style","js-plugin-candidate","","false","2","15"
"react","style/comma-dangle","js-plugin-candidate","","false","2","15"
"react","style/comma-spacing","js-plugin-candidate","","false","2","15"
"react","style/comma-style","js-plugin-candidate","","false","2","15"
"react","style/computed-property-spacing","js-plugin-candidate","","false","2","15"
"react","style/dot-location","js-plugin-candidate","","false","2","15"
"react","style/eol-last","js-plugin-candidate","","false","2","15"
"react","style/generator-star-spacing","js-plugin-candidate","","false","2","15"
"react","style/indent","js-plugin-candidate","","false","2","15"
"react","style/indent-binary-ops","js-plugin-candidate","","false","2","15"
"react","style/jsx-closing-bracket-location","js-plugin-candidate","","false","2","15"
"react","style/jsx-closing-tag-location","js-plugin-candidate","","false","2","15"
"react","style/jsx-curly-brace-presence","js-plugin-candidate","","false","2","15"
"react","style/jsx-curly-newline","js-plugin-candidate","","false","2","15"
"react","style/jsx-curly-spacing","js-plugin-candidate","","false","2","15"
"react","style/jsx-equals-spacing","js-plugin-candidate","","false","2","15"
"react","style/jsx-first-prop-new-line","js-plugin-candidate","","false","2","15"
"react","style/jsx-function-call-newline","js-plugin-candidate","","false","2","15"
"react","style/jsx-indent-props","js-plugin-candidate","","false","2","15"
"react","style/jsx-max-props-per-line","js-plugin-candidate","","false","2","15"
"react","style/jsx-one-expression-per-line","js-plugin-candidate","","false","2","15"
"react","style/jsx-quotes","js-plugin-candidate","","false","2","15"
"react","style/jsx-tag-spacing","js-plugin-candidate","","false","2","15"
"react","style/jsx-wrap-multilines","js-plugin-candidate","","false","2","15"
"react","style/key-spacing","js-plugin-candidate","","false","2","15"
"react","style/keyword-spacing","js-plugin-candidate","","false","2","15"
"react","style/lines-between-class-members","js-plugin-candidate","","false","2","15"
"react","style/max-statements-per-line","js-plugin-candidate","","false","2","15"
"react","style/member-delimiter-style","js-plugin-candidate","","false","2","15"
"react","style/multiline-ternary","js-plugin-candidate","","false","2","15"
"react","style/new-parens","js-plugin-candidate","","false","2","15"
"react","style/no-extra-parens","js-plugin-candidate","","false","2","15"
"react","style/no-floating-decimal","js-plugin-candidate","","false","2","15"
"react","style/no-mixed-operators","js-plugin-candidate","","false","2","15"
"react","style/no-mixed-spaces-and-tabs","js-plugin-candidate","","false","2","15"
"react","style/no-multi-spaces","js-plugin-candidate","","false","2","15"
"react","style/no-multiple-empty-lines","js-plugin-candidate","","false","2","15"
"react","style/no-tabs","js-plugin-candidate","","false","2","15"
"react","style/no-trailing-spaces","js-plugin-candidate","","false","2","15"
"react","style/no-whitespace-before-property","js-plugin-candidate","","false","2","15"
"react","style/object-curly-spacing","js-plugin-candidate","","false","2","15"
"react","style/operator-linebreak","js-plugin-candidate","","false","2","15"
"react","style/padded-blocks","js-plugin-candidate","","false","2","15"
"react","style/quote-props","js-plugin-candidate","","false","2","15"
"react","style/quotes","js-plugin-candidate","","false","2","15"
"react","style/rest-spread-spacing","js-plugin-candidate","","false","2","15"
"react","style/semi","js-plugin-candidate","","false","2","15"
"react","style/semi-spacing","js-plugin-candidate","","false","2","15"
"react","style/space-before-blocks","js-plugin-candidate","","false","2","15"
"react","style/space-before-function-paren","js-plugin-candidate","","false","2","15"
"react","style/space-in-parens","js-plugin-candidate","","false","2","15"
"react","style/space-infix-ops","js-plugin-candidate","","false","2","15"
"react","style/space-unary-ops","js-plugin-candidate","","false","2","15"
"react","style/spaced-comment","js-plugin-candidate","","false","2","13"
"react","style/template-curly-spacing","js-plugin-candidate","","false","2","15"
"react","style/template-tag-spacing","js-plugin-candidate","","false","2","15"
"react","style/type-annotation-spacing","js-plugin-candidate","","false","2","15"
"react","style/type-generic-spacing","js-plugin-candidate","","false","2","15"
"react","style/type-named-tuple-spacing","js-plugin-candidate","","false","2","15"
"react","style/wrap-iife","js-plugin-candidate","","false","2","15"
"react","style/yield-star-spacing","js-plugin-candidate","","false","2","15"
"react","symbol-description","native-candidate","eslint/symbol-description","false","2","15"
"react","test/consistent-test-it","native-candidate","vitest/consistent-test-it","false","1","1"
"react","test/no-identical-title","native-candidate","vitest/no-identical-title","false","1","1"
"react","test/no-import-node-test","native-candidate","vitest/no-import-node-test","false","1","1"
"react","test/no-only-tests","js-plugin-candidate","","false","1","1"
"react","test/prefer-hooks-in-order","native-candidate","vitest/prefer-hooks-in-order","false","1","1"
"react","test/prefer-lowercase-title","native-candidate","vitest/prefer-lowercase-title","false","1","1"
"react","toml/array-bracket-newline","eslint-fallback","","false","1","1"
"react","toml/array-bracket-spacing","eslint-fallback","","false","1","1"
"react","toml/array-element-newline","eslint-fallback","","false","1","1"
"react","toml/comma-style","eslint-fallback","","false","1","1"
"react","toml/indent","eslint-fallback","","false","1","1"
"react","toml/inline-table-curly-spacing","eslint-fallback","","false","1","1"
"react","toml/key-spacing","eslint-fallback","","false","1","1"
"react","toml/keys-order","eslint-fallback","","false","1","1"
"react","toml/no-space-dots","eslint-fallback","","false","1","1"
"react","toml/no-unreadable-number-separator","eslint-fallback","","false","1","1"
"react","toml/padding-line-between-pairs","eslint-fallback","","false","1","1"
"react","toml/padding-line-between-tables","eslint-fallback","","false","1","1"
"react","toml/precision-of-fractional-seconds","eslint-fallback","","false","1","1"
"react","toml/precision-of-integer","eslint-fallback","","false","1","1"
"react","toml/quoted-keys","eslint-fallback","","false","1","1"
"react","toml/spaced-comment","eslint-fallback","","false","1","1"
"react","toml/table-bracket-spacing","eslint-fallback","","false","1","1"
"react","toml/tables-order","eslint-fallback","","false","1","1"
"react","toml/vue-custom-block/no-parsing-error","eslint-fallback","","false","1","1"
"react","ts/await-thenable","native-candidate","typescript/await-thenable","true","1","5"
"react","ts/ban-ts-comment","native-candidate","typescript/ban-ts-comment","false","1","5"
"react","ts/consistent-type-definitions","native-candidate","typescript/consistent-type-definitions","false","1","5"
"react","ts/consistent-type-imports","native-candidate","typescript/consistent-type-imports","false","1","5"
"react","ts/dot-notation","native-candidate","typescript/dot-notation","true","1","5"
"react","ts/method-signature-style","native-candidate","typescript/method-signature-style","false","1","5"
"react","ts/no-array-constructor","js-plugin-candidate","","false","1","5"
"react","ts/no-dupe-class-members","js-plugin-candidate","","false","1","5"
"react","ts/no-duplicate-enum-values","native-candidate","typescript/no-duplicate-enum-values","false","1","5"
"react","ts/no-empty-object-type","native-candidate","typescript/no-empty-object-type","false","1","5"
"react","ts/no-extra-non-null-assertion","native-candidate","typescript/no-extra-non-null-assertion","false","1","5"
"react","ts/no-floating-promises","native-candidate","typescript/no-floating-promises","true","1","5"
"react","ts/no-for-in-array","native-candidate","typescript/no-for-in-array","true","1","5"
"react","ts/no-implied-eval","native-candidate","typescript/no-implied-eval","true","1","5"
"react","ts/no-import-type-side-effects","native-candidate","typescript/no-import-type-side-effects","false","1","5"
"react","ts/no-misused-new","native-candidate","typescript/no-misused-new","false","1","5"
"react","ts/no-misused-promises","native-candidate","typescript/no-misused-promises","true","1","5"
"react","ts/no-namespace","native-candidate","typescript/no-namespace","false","1","5"
"react","ts/no-non-null-asserted-nullish-coalescing","native-candidate","typescript/no-non-null-asserted-nullish-coalescing","false","1","5"
"react","ts/no-non-null-asserted-optional-chain","native-candidate","typescript/no-non-null-asserted-optional-chain","false","1","5"
"react","ts/no-redeclare","js-plugin-candidate","","false","1","5"
"react","ts/no-require-imports","native-candidate","typescript/no-require-imports","false","1","5"
"react","ts/no-this-alias","native-candidate","typescript/no-this-alias","false","1","5"
"react","ts/no-unnecessary-type-assertion","native-candidate","typescript/no-unnecessary-type-assertion","true","1","5"
"react","ts/no-unnecessary-type-constraint","native-candidate","typescript/no-unnecessary-type-constraint","false","1","5"
"react","ts/no-unsafe-argument","native-candidate","typescript/no-unsafe-argument","true","1","5"
"react","ts/no-unsafe-assignment","native-candidate","typescript/no-unsafe-assignment","true","1","5"
"react","ts/no-unsafe-call","native-candidate","typescript/no-unsafe-call","true","1","5"
"react","ts/no-unsafe-declaration-merging","native-candidate","typescript/no-unsafe-declaration-merging","false","1","5"
"react","ts/no-unsafe-function-type","native-candidate","typescript/no-unsafe-function-type","false","1","5"
"react","ts/no-unsafe-member-access","native-candidate","typescript/no-unsafe-member-access","true","1","5"
"react","ts/no-unsafe-return","native-candidate","typescript/no-unsafe-return","true","1","5"
"react","ts/no-unused-expressions","js-plugin-candidate","","false","1","5"
"react","ts/no-use-before-define","js-plugin-candidate","","false","1","5"
"react","ts/no-wrapper-object-types","native-candidate","typescript/no-wrapper-object-types","false","1","5"
"react","ts/prefer-as-const","native-candidate","typescript/prefer-as-const","false","1","5"
"react","ts/prefer-literal-enum-member","native-candidate","typescript/prefer-literal-enum-member","false","1","5"
"react","ts/prefer-namespace-keyword","native-candidate","typescript/prefer-namespace-keyword","false","1","5"
"react","ts/promise-function-async","native-candidate","typescript/promise-function-async","true","1","5"
"react","ts/restrict-plus-operands","native-candidate","typescript/restrict-plus-operands","true","1","5"
"react","ts/restrict-template-expressions","native-candidate","typescript/restrict-template-expressions","true","1","5"
"react","ts/return-await","native-candidate","typescript/return-await","true","1","5"
"react","ts/strict-boolean-expressions","native-candidate","typescript/strict-boolean-expressions","true","1","5"
"react","ts/switch-exhaustiveness-check","native-candidate","typescript/switch-exhaustiveness-check","true","1","5"
"react","ts/unbound-method","native-candidate","typescript/unbound-method","true","1","5"
"react","unicode-bom","native-candidate","eslint/unicode-bom","false","2","15"
"react","unicorn/consistent-empty-array-spread","native-candidate","unicorn/consistent-empty-array-spread","false","1","9"
"react","unicorn/error-message","native-candidate","unicorn/error-message","false","1","9"
"react","unicorn/escape-case","native-candidate","unicorn/escape-case","false","1","9"
"react","unicorn/new-for-builtins","native-candidate","unicorn/new-for-builtins","false","1","9"
"react","unicorn/no-instanceof-builtins","native-candidate","unicorn/no-instanceof-builtins","false","1","9"
"react","unicorn/no-new-array","native-candidate","unicorn/no-new-array","false","1","9"
"react","unicorn/no-new-buffer","native-candidate","unicorn/no-new-buffer","false","1","9"
"react","unicorn/number-literal-case","native-candidate","unicorn/number-literal-case","false","1","9"
"react","unicorn/prefer-dom-node-text-content","native-candidate","unicorn/prefer-dom-node-text-content","false","1","9"
"react","unicorn/prefer-includes","native-candidate","unicorn/prefer-includes","false","1","9"
"react","unicorn/prefer-node-protocol","native-candidate","unicorn/prefer-node-protocol","false","1","9"
"react","unicorn/prefer-number-properties","native-candidate","unicorn/prefer-number-properties","false","1","9"
"react","unicorn/prefer-string-starts-ends-with","native-candidate","unicorn/prefer-string-starts-ends-with","false","1","9"
"react","unicorn/prefer-type-error","native-candidate","unicorn/prefer-type-error","false","1","9"
"react","unicorn/throw-new-error","native-candidate","unicorn/throw-new-error","false","1","9"
"react","unused-imports/no-unused-imports","js-plugin-candidate","","false","2","15"
"react","unused-imports/no-unused-vars","js-plugin-candidate","","false","2","14"
"react","use-isnan","native-candidate","eslint/use-isnan","false","2","15"
"react","valid-typeof","native-candidate","eslint/valid-typeof","false","2","15"
"react","vars-on-top","native-candidate","eslint/vars-on-top","false","2","15"
"react","yaml/block-mapping","eslint-fallback","","false","1","1"
"react","yaml/block-mapping-question-indicator-newline","eslint-fallback","","false","1","1"
"react","yaml/block-sequence","eslint-fallback","","false","1","1"
"react","yaml/block-sequence-hyphen-indicator-newline","eslint-fallback","","false","1","1"
"react","yaml/flow-mapping-curly-newline","eslint-fallback","","false","1","1"
"react","yaml/flow-mapping-curly-spacing","eslint-fallback","","false","1","1"
"react","yaml/flow-sequence-bracket-newline","eslint-fallback","","false","1","1"
"react","yaml/flow-sequence-bracket-spacing","eslint-fallback","","false","1","1"
"react","yaml/indent","eslint-fallback","","false","1","1"
"react","yaml/key-spacing","eslint-fallback","","false","1","1"
"react","yaml/no-empty-key","eslint-fallback","","false","1","1"
"react","yaml/no-empty-sequence-entry","eslint-fallback","","false","1","1"
"react","yaml/no-irregular-whitespace","eslint-fallback","","false","1","1"
"react","yaml/no-multiple-empty-lines","eslint-fallback","","false","1","1"
"react","yaml/no-tab-indent","eslint-fallback","","false","1","1"
"react","yaml/plain-scalar","eslint-fallback","","false","1","1"
"react","yaml/quotes","eslint-fallback","","false","1","1"
"react","yaml/spaced-comment","eslint-fallback","","false","1","1"
"react","yaml/vue-custom-block/no-parsing-error","eslint-fallback","","false","1","1"
"react","yoda","native-candidate","eslint/yoda","false","2","15"
"vue","accessor-pairs","native-candidate","eslint/accessor-pairs","false","2","16"
"vue","antfu/consistent-chaining","js-plugin-candidate","","false","2","16"
"vue","antfu/consistent-list-newline","js-plugin-candidate","","false","2","16"
"vue","antfu/curly","js-plugin-candidate","","false","2","16"
"vue","antfu/if-newline","js-plugin-candidate","","false","2","16"
"vue","antfu/import-dedupe","js-plugin-candidate","","false","2","16"
"vue","antfu/no-import-dist","js-plugin-candidate","","false","2","15"
"vue","antfu/no-import-node-modules-by-path","js-plugin-candidate","","false","2","15"
"vue","antfu/no-top-level-await","js-plugin-candidate","","false","2","11"
"vue","antfu/top-level-function","js-plugin-candidate","","false","2","16"
"vue","array-callback-return","native-candidate","eslint/array-callback-return","false","2","16"
"vue","block-scoped-var","native-candidate","eslint/block-scoped-var","false","2","16"
"vue","command/command","js-plugin-candidate","","false","2","16"
"vue","constructor-super","native-candidate","eslint/constructor-super","false","2","10"
"vue","default-case-last","native-candidate","eslint/default-case-last","false","2","16"
"vue","dot-notation","js-plugin-candidate","","false","2","16"
"vue","e18e/prefer-array-fill","js-plugin-candidate","","false","2","16"
"vue","e18e/prefer-array-some","js-plugin-candidate","","false","2","16"
"vue","e18e/prefer-date-now","js-plugin-candidate","","false","2","16"
"vue","e18e/prefer-includes","js-plugin-candidate","","false","2","16"
"vue","e18e/prefer-nullish-coalescing","js-plugin-candidate","","false","2","16"
"vue","e18e/prefer-object-has-own","js-plugin-candidate","","false","2","16"
"vue","e18e/prefer-regex-test","js-plugin-candidate","","false","2","16"
"vue","e18e/prefer-string-fromcharcode","js-plugin-candidate","","false","2","16"
"vue","e18e/prefer-timer-args","js-plugin-candidate","","false","2","16"
"vue","e18e/prefer-url-canparse","js-plugin-candidate","","false","2","16"
"vue","eqeqeq","native-candidate","eslint/eqeqeq","false","2","16"
"vue","eslint-comments/no-aggregating-enable","js-plugin-candidate","","false","2","16"
"vue","eslint-comments/no-duplicate-disable","js-plugin-candidate","","false","2","16"
"vue","eslint-comments/no-unlimited-disable","js-plugin-candidate","","false","2","15"
"vue","eslint-comments/no-unused-enable","js-plugin-candidate","","false","2","16"
"vue","import/consistent-type-specifier-style","js-plugin-candidate","","false","2","16"
"vue","import/first","js-plugin-candidate","","false","2","16"
"vue","import/newline-after-import","js-plugin-candidate","","false","2","16"
"vue","import/no-duplicates","js-plugin-candidate","","false","2","16"
"vue","import/no-mutable-exports","js-plugin-candidate","","false","2","16"
"vue","import/no-named-default","js-plugin-candidate","","false","2","16"
"vue","jsdoc/check-access","native-candidate","jsdoc/check-access","false","1","9"
"vue","jsdoc/check-alignment","js-plugin-candidate","","false","1","9"
"vue","jsdoc/check-param-names","js-plugin-candidate","","false","1","9"
"vue","jsdoc/check-property-names","native-candidate","jsdoc/check-property-names","false","1","9"
"vue","jsdoc/check-types","js-plugin-candidate","","false","1","9"
"vue","jsdoc/empty-tags","native-candidate","jsdoc/empty-tags","false","1","9"
"vue","jsdoc/implements-on-classes","native-candidate","jsdoc/implements-on-classes","false","1","9"
"vue","jsdoc/multiline-blocks","js-plugin-candidate","","false","1","9"
"vue","jsdoc/no-defaults","native-candidate","jsdoc/no-defaults","false","1","9"
"vue","jsdoc/no-multi-asterisks","js-plugin-candidate","","false","1","9"
"vue","jsdoc/require-param-name","native-candidate","jsdoc/require-param-name","false","1","9"
"vue","jsdoc/require-property","native-candidate","jsdoc/require-property","false","1","9"
"vue","jsdoc/require-property-description","native-candidate","jsdoc/require-property-description","false","1","9"
"vue","jsdoc/require-property-name","native-candidate","jsdoc/require-property-name","false","1","9"
"vue","jsdoc/require-returns-check","js-plugin-candidate","","false","1","9"
"vue","jsdoc/require-returns-description","native-candidate","jsdoc/require-returns-description","false","1","9"
"vue","jsdoc/require-yields-check","js-plugin-candidate","","false","1","9"
"vue","jsonc/array-bracket-spacing","eslint-fallback","","false","1","4"
"vue","jsonc/comma-dangle","eslint-fallback","","false","1","4"
"vue","jsonc/comma-style","eslint-fallback","","false","1","4"
"vue","jsonc/indent","eslint-fallback","","false","1","4"
"vue","jsonc/key-spacing","eslint-fallback","","false","1","4"
"vue","jsonc/no-bigint-literals","eslint-fallback","","false","1","4"
"vue","jsonc/no-binary-expression","eslint-fallback","","false","1","4"
"vue","jsonc/no-binary-numeric-literals","eslint-fallback","","false","1","4"
"vue","jsonc/no-dupe-keys","eslint-fallback","","false","1","4"
"vue","jsonc/no-escape-sequence-in-identifier","eslint-fallback","","false","1","4"
"vue","jsonc/no-floating-decimal","eslint-fallback","","false","1","4"
"vue","jsonc/no-hexadecimal-numeric-literals","eslint-fallback","","false","1","4"
"vue","jsonc/no-infinity","eslint-fallback","","false","1","4"
"vue","jsonc/no-multi-str","eslint-fallback","","false","1","4"
"vue","jsonc/no-nan","eslint-fallback","","false","1","4"
"vue","jsonc/no-number-props","eslint-fallback","","false","1","4"
"vue","jsonc/no-numeric-separators","eslint-fallback","","false","1","4"
"vue","jsonc/no-octal","eslint-fallback","","false","1","4"
"vue","jsonc/no-octal-escape","eslint-fallback","","false","1","4"
"vue","jsonc/no-octal-numeric-literals","eslint-fallback","","false","1","4"
"vue","jsonc/no-parenthesized","eslint-fallback","","false","1","4"
"vue","jsonc/no-plus-sign","eslint-fallback","","false","1","4"
"vue","jsonc/no-regexp-literals","eslint-fallback","","false","1","4"
"vue","jsonc/no-sparse-arrays","eslint-fallback","","false","1","4"
"vue","jsonc/no-template-literals","eslint-fallback","","false","1","4"
"vue","jsonc/no-undefined-value","eslint-fallback","","false","1","4"
"vue","jsonc/no-unicode-codepoint-escapes","eslint-fallback","","false","1","4"
"vue","jsonc/no-useless-escape","eslint-fallback","","false","1","4"
"vue","jsonc/object-curly-newline","eslint-fallback","","false","1","4"
"vue","jsonc/object-curly-spacing","eslint-fallback","","false","1","4"
"vue","jsonc/object-property-newline","eslint-fallback","","false","1","4"
"vue","jsonc/quote-props","eslint-fallback","","false","1","4"
"vue","jsonc/quotes","eslint-fallback","","false","1","4"
"vue","jsonc/sort-array-values","eslint-fallback","","false","1","1"
"vue","jsonc/sort-keys","eslint-fallback","","false","2","2"
"vue","jsonc/space-unary-ops","eslint-fallback","","false","1","4"
"vue","jsonc/valid-json-number","eslint-fallback","","false","1","4"
"vue","jsonc/vue-custom-block/no-parsing-error","eslint-fallback","","false","1","4"
"vue","markdown/heading-increment","eslint-fallback","","false","1","1"
"vue","markdown/no-duplicate-definitions","eslint-fallback","","false","1","1"
"vue","markdown/no-empty-definitions","eslint-fallback","","false","1","1"
"vue","markdown/no-empty-images","eslint-fallback","","false","1","1"
"vue","markdown/no-empty-links","eslint-fallback","","false","1","1"
"vue","markdown/no-invalid-label-refs","eslint-fallback","","false","1","1"
"vue","markdown/no-missing-atx-heading-space","eslint-fallback","","false","1","1"
"vue","markdown/no-missing-link-fragments","eslint-fallback","","false","1","1"
"vue","markdown/no-multiple-h1","eslint-fallback","","false","1","1"
"vue","markdown/no-reference-like-urls","eslint-fallback","","false","1","1"
"vue","markdown/no-reversed-media-syntax","eslint-fallback","","false","1","1"
"vue","markdown/no-space-in-emphasis","eslint-fallback","","false","1","1"
"vue","markdown/no-unused-definitions","eslint-fallback","","false","1","1"
"vue","markdown/require-alt-text","eslint-fallback","","false","1","1"
"vue","markdown/table-column-count","eslint-fallback","","false","1","1"
"vue","new-cap","native-candidate","eslint/new-cap","false","2","16"
"vue","no-alert","native-candidate","eslint/no-alert","false","2","16"
"vue","no-array-constructor","native-candidate","eslint/no-array-constructor","false","2","10"
"vue","no-async-promise-executor","native-candidate","eslint/no-async-promise-executor","false","2","16"
"vue","no-caller","native-candidate","eslint/no-caller","false","2","16"
"vue","no-case-declarations","native-candidate","eslint/no-case-declarations","false","2","16"
"vue","no-class-assign","native-candidate","eslint/no-class-assign","false","2","10"
"vue","no-compare-neg-zero","native-candidate","eslint/no-compare-neg-zero","false","2","16"
"vue","no-cond-assign","native-candidate","eslint/no-cond-assign","false","2","16"
"vue","no-console","native-candidate","eslint/no-console","false","2","13"
"vue","no-const-assign","native-candidate","eslint/no-const-assign","false","2","10"
"vue","no-control-regex","native-candidate","eslint/no-control-regex","false","2","16"
"vue","no-debugger","native-candidate","eslint/no-debugger","false","2","16"
"vue","no-delete-var","native-candidate","eslint/no-delete-var","false","2","16"
"vue","no-dupe-args","js-plugin-candidate","","false","2","10"
"vue","no-dupe-class-members","native-candidate","eslint/no-dupe-class-members","false","2","10"
"vue","no-dupe-keys","native-candidate","eslint/no-dupe-keys","false","2","10"
"vue","no-duplicate-case","native-candidate","eslint/no-duplicate-case","false","2","16"
"vue","no-empty","native-candidate","eslint/no-empty","false","2","16"
"vue","no-empty-pattern","native-candidate","eslint/no-empty-pattern","false","2","16"
"vue","no-eval","native-candidate","eslint/no-eval","false","2","16"
"vue","no-ex-assign","native-candidate","eslint/no-ex-assign","false","2","16"
"vue","no-extend-native","native-candidate","eslint/no-extend-native","false","2","16"
"vue","no-extra-bind","native-candidate","eslint/no-extra-bind","false","2","16"
"vue","no-extra-boolean-cast","native-candidate","eslint/no-extra-boolean-cast","false","2","16"
"vue","no-fallthrough","native-candidate","eslint/no-fallthrough","false","2","16"
"vue","no-func-assign","native-candidate","eslint/no-func-assign","false","2","10"
"vue","no-global-assign","native-candidate","eslint/no-global-assign","false","2","16"
"vue","no-implied-eval","native-candidate","eslint/no-implied-eval","false","2","16"
"vue","no-import-assign","native-candidate","eslint/no-import-assign","false","2","10"
"vue","no-irregular-whitespace","native-candidate","eslint/no-irregular-whitespace","false","2","16"
"vue","no-iterator","native-candidate","eslint/no-iterator","false","2","16"
"vue","no-labels","native-candidate","eslint/no-labels","false","2","16"
"vue","no-lone-blocks","native-candidate","eslint/no-lone-blocks","false","2","16"
"vue","no-loss-of-precision","native-candidate","eslint/no-loss-of-precision","false","2","16"
"vue","no-misleading-character-class","native-candidate","eslint/no-misleading-character-class","false","2","16"
"vue","no-multi-str","native-candidate","eslint/no-multi-str","false","2","16"
"vue","no-new","native-candidate","eslint/no-new","false","2","16"
"vue","no-new-func","native-candidate","eslint/no-new-func","false","2","16"
"vue","no-new-native-nonconstructor","native-candidate","eslint/no-new-native-nonconstructor","false","2","10"
"vue","no-new-wrappers","native-candidate","eslint/no-new-wrappers","false","2","16"
"vue","no-obj-calls","native-candidate","eslint/no-obj-calls","false","2","10"
"vue","no-octal","js-plugin-candidate","","false","2","16"
"vue","no-octal-escape","js-plugin-candidate","","false","2","16"
"vue","no-proto","native-candidate","eslint/no-proto","false","2","16"
"vue","no-prototype-builtins","native-candidate","eslint/no-prototype-builtins","false","2","16"
"vue","no-redeclare","native-candidate","eslint/no-redeclare","false","2","10"
"vue","no-regex-spaces","native-candidate","eslint/no-regex-spaces","false","2","16"
"vue","no-restricted-globals","native-candidate","eslint/no-restricted-globals","false","2","16"
"vue","no-restricted-properties","native-candidate","eslint/no-restricted-properties","false","2","16"
"vue","no-restricted-syntax","js-plugin-candidate","","false","2","15"
"vue","no-self-assign","native-candidate","eslint/no-self-assign","false","2","16"
"vue","no-self-compare","native-candidate","eslint/no-self-compare","false","2","16"
"vue","no-sequences","native-candidate","eslint/no-sequences","false","2","16"
"vue","no-shadow-restricted-names","native-candidate","eslint/no-shadow-restricted-names","false","2","16"
"vue","no-sparse-arrays","native-candidate","eslint/no-sparse-arrays","false","2","16"
"vue","no-template-curly-in-string","native-candidate","eslint/no-template-curly-in-string","false","2","16"
"vue","no-this-before-super","native-candidate","eslint/no-this-before-super","false","2","10"
"vue","no-throw-literal","native-candidate","eslint/no-throw-literal","false","2","16"
"vue","no-undef","native-candidate","eslint/no-undef","false","2","10"
"vue","no-undef-init","js-plugin-candidate","","false","2","16"
"vue","no-unexpected-multiline","native-candidate","eslint/no-unexpected-multiline","false","2","16"
"vue","no-unmodified-loop-condition","native-candidate","eslint/no-unmodified-loop-condition","false","2","16"
"vue","no-unneeded-ternary","native-candidate","eslint/no-unneeded-ternary","false","2","16"
"vue","no-unreachable","native-candidate","eslint/no-unreachable","false","2","10"
"vue","no-unreachable-loop","native-candidate","eslint/no-unreachable-loop","false","2","16"
"vue","no-unsafe-finally","native-candidate","eslint/no-unsafe-finally","false","2","16"
"vue","no-unsafe-negation","native-candidate","eslint/no-unsafe-negation","false","2","10"
"vue","no-unused-expressions","native-candidate","eslint/no-unused-expressions","false","2","10"
"vue","no-unused-vars","native-candidate","eslint/no-unused-vars","false","2","10"
"vue","no-use-before-define","native-candidate","eslint/no-use-before-define","false","2","10"
"vue","no-useless-call","native-candidate","eslint/no-useless-call","false","2","16"
"vue","no-useless-catch","native-candidate","eslint/no-useless-catch","false","2","16"
"vue","no-useless-computed-key","native-candidate","eslint/no-useless-computed-key","false","2","16"
"vue","no-useless-constructor","native-candidate","eslint/no-useless-constructor","false","2","10"
"vue","no-useless-rename","native-candidate","eslint/no-useless-rename","false","2","16"
"vue","no-useless-return","native-candidate","eslint/no-useless-return","false","2","16"
"vue","no-var","native-candidate","eslint/no-var","false","2","16"
"vue","no-with","native-candidate","eslint/no-with","false","2","10"
"vue","node/handle-callback-err","native-candidate","node/handle-callback-err","false","1","9"
"vue","node/no-deprecated-api","js-plugin-candidate","","false","1","9"
"vue","node/no-exports-assign","native-candidate","node/no-exports-assign","false","1","9"
"vue","node/no-new-require","native-candidate","node/no-new-require","false","1","9"
"vue","node/no-path-concat","native-candidate","node/no-path-concat","false","1","9"
"vue","node/prefer-global/buffer","js-plugin-candidate","","false","1","9"
"vue","node/prefer-global/process","js-plugin-candidate","","false","1","8"
"vue","node/process-exit-as-throw","js-plugin-candidate","","false","1","9"
"vue","object-shorthand","native-candidate","eslint/object-shorthand","false","2","16"
"vue","one-var","native-candidate","eslint/one-var","false","2","16"
"vue","perfectionist/sort-exports","js-plugin-candidate","","false","2","16"
"vue","perfectionist/sort-imports","js-plugin-candidate","","false","2","16"
"vue","perfectionist/sort-named-exports","js-plugin-candidate","","false","2","16"
"vue","perfectionist/sort-named-imports","js-plugin-candidate","","false","2","16"
"vue","prefer-arrow-callback","native-candidate","eslint/prefer-arrow-callback","false","2","16"
"vue","prefer-const","native-candidate","eslint/prefer-const","false","2","16"
"vue","prefer-exponentiation-operator","native-candidate","eslint/prefer-exponentiation-operator","false","2","16"
"vue","prefer-promise-reject-errors","native-candidate","eslint/prefer-promise-reject-errors","false","2","16"
"vue","prefer-regex-literals","native-candidate","eslint/prefer-regex-literals","false","2","16"
"vue","prefer-rest-params","native-candidate","eslint/prefer-rest-params","false","2","16"
"vue","prefer-spread","native-candidate","eslint/prefer-spread","false","2","16"
"vue","prefer-template","native-candidate","eslint/prefer-template","false","2","16"
"vue","regexp/confusing-quantifier","js-plugin-candidate","","false","2","16"
"vue","regexp/control-character-escape","js-plugin-candidate","","false","2","16"
"vue","regexp/match-any","js-plugin-candidate","","false","2","16"
"vue","regexp/negation","js-plugin-candidate","","false","2","16"
"vue","regexp/no-contradiction-with-assertion","js-plugin-candidate","","false","2","16"
"vue","regexp/no-dupe-characters-character-class","js-plugin-candidate","","false","2","16"
"vue","regexp/no-dupe-disjunctions","js-plugin-candidate","","false","2","16"
"vue","regexp/no-empty-alternative","js-plugin-candidate","","false","2","16"
"vue","regexp/no-empty-capturing-group","js-plugin-candidate","","false","2","16"
"vue","regexp/no-empty-character-class","js-plugin-candidate","","false","2","16"
"vue","regexp/no-empty-group","js-plugin-candidate","","false","2","16"
"vue","regexp/no-empty-lookarounds-assertion","js-plugin-candidate","","false","2","16"
"vue","regexp/no-empty-string-literal","js-plugin-candidate","","false","2","16"
"vue","regexp/no-escape-backspace","js-plugin-candidate","","false","2","16"
"vue","regexp/no-extra-lookaround-assertions","js-plugin-candidate","","false","2","16"
"vue","regexp/no-invalid-regexp","js-plugin-candidate","","false","2","16"
"vue","regexp/no-invisible-character","js-plugin-candidate","","false","2","16"
"vue","regexp/no-lazy-ends","js-plugin-candidate","","false","2","16"
"vue","regexp/no-legacy-features","js-plugin-candidate","","false","2","16"
"vue","regexp/no-misleading-capturing-group","js-plugin-candidate","","false","2","16"
"vue","regexp/no-misleading-unicode-character","js-plugin-candidate","","false","2","16"
"vue","regexp/no-missing-g-flag","js-plugin-candidate","","false","2","16"
"vue","regexp/no-non-standard-flag","js-plugin-candidate","","false","2","16"
"vue","regexp/no-obscure-range","js-plugin-candidate","","false","2","16"
"vue","regexp/no-optional-assertion","js-plugin-candidate","","false","2","16"
"vue","regexp/no-potentially-useless-backreference","js-plugin-candidate","","false","2","16"
"vue","regexp/no-super-linear-backtracking","js-plugin-candidate","","false","2","16"
"vue","regexp/no-trivially-nested-assertion","js-plugin-candidate","","false","2","16"
"vue","regexp/no-trivially-nested-quantifier","js-plugin-candidate","","false","2","16"
"vue","regexp/no-unused-capturing-group","js-plugin-candidate","","false","2","16"
"vue","regexp/no-useless-assertions","js-plugin-candidate","","false","2","16"
"vue","regexp/no-useless-backreference","js-plugin-candidate","","false","2","16"
"vue","regexp/no-useless-character-class","js-plugin-candidate","","false","2","16"
"vue","regexp/no-useless-dollar-replacements","js-plugin-candidate","","false","2","16"
"vue","regexp/no-useless-escape","js-plugin-candidate","","false","2","16"
"vue","regexp/no-useless-flag","js-plugin-candidate","","false","2","16"
"vue","regexp/no-useless-lazy","js-plugin-candidate","","false","2","16"
"vue","regexp/no-useless-non-capturing-group","js-plugin-candidate","","false","2","16"
"vue","regexp/no-useless-quantifier","js-plugin-candidate","","false","2","16"
"vue","regexp/no-useless-range","js-plugin-candidate","","false","2","16"
"vue","regexp/no-useless-set-operand","js-plugin-candidate","","false","2","16"
"vue","regexp/no-useless-string-literal","js-plugin-candidate","","false","2","16"
"vue","regexp/no-useless-two-nums-quantifier","js-plugin-candidate","","false","2","16"
"vue","regexp/no-zero-quantifier","js-plugin-candidate","","false","2","16"
"vue","regexp/optimal-lookaround-quantifier","js-plugin-candidate","","false","2","16"
"vue","regexp/optimal-quantifier-concatenation","js-plugin-candidate","","false","2","16"
"vue","regexp/prefer-character-class","js-plugin-candidate","","false","2","16"
"vue","regexp/prefer-d","js-plugin-candidate","","false","2","16"
"vue","regexp/prefer-plus-quantifier","js-plugin-candidate","","false","2","16"
"vue","regexp/prefer-predefined-assertion","js-plugin-candidate","","false","2","16"
"vue","regexp/prefer-question-quantifier","js-plugin-candidate","","false","2","16"
"vue","regexp/prefer-range","js-plugin-candidate","","false","2","16"
"vue","regexp/prefer-set-operation","js-plugin-candidate","","false","2","16"
"vue","regexp/prefer-star-quantifier","js-plugin-candidate","","false","2","16"
"vue","regexp/prefer-unicode-codepoint-escapes","js-plugin-candidate","","false","2","16"
"vue","regexp/prefer-w","js-plugin-candidate","","false","2","16"
"vue","regexp/simplify-set-operations","js-plugin-candidate","","false","2","16"
"vue","regexp/sort-flags","js-plugin-candidate","","false","2","16"
"vue","regexp/strict","js-plugin-candidate","","false","2","16"
"vue","regexp/use-ignore-case","js-plugin-candidate","","false","2","16"
"vue","style/array-bracket-spacing","js-plugin-candidate","","false","2","16"
"vue","style/arrow-parens","js-plugin-candidate","","false","2","16"
"vue","style/arrow-spacing","js-plugin-candidate","","false","2","16"
"vue","style/block-spacing","js-plugin-candidate","","false","2","16"
"vue","style/brace-style","js-plugin-candidate","","false","2","16"
"vue","style/comma-dangle","js-plugin-candidate","","false","2","16"
"vue","style/comma-spacing","js-plugin-candidate","","false","2","16"
"vue","style/comma-style","js-plugin-candidate","","false","2","16"
"vue","style/computed-property-spacing","js-plugin-candidate","","false","2","16"
"vue","style/dot-location","js-plugin-candidate","","false","2","16"
"vue","style/eol-last","js-plugin-candidate","","false","2","16"
"vue","style/generator-star-spacing","js-plugin-candidate","","false","2","16"
"vue","style/indent","js-plugin-candidate","","false","2","16"
"vue","style/indent-binary-ops","js-plugin-candidate","","false","2","16"
"vue","style/jsx-closing-bracket-location","js-plugin-candidate","","false","2","16"
"vue","style/jsx-closing-tag-location","js-plugin-candidate","","false","2","16"
"vue","style/jsx-curly-brace-presence","js-plugin-candidate","","false","2","16"
"vue","style/jsx-curly-newline","js-plugin-candidate","","false","2","16"
"vue","style/jsx-curly-spacing","js-plugin-candidate","","false","2","16"
"vue","style/jsx-equals-spacing","js-plugin-candidate","","false","2","16"
"vue","style/jsx-first-prop-new-line","js-plugin-candidate","","false","2","16"
"vue","style/jsx-function-call-newline","js-plugin-candidate","","false","2","16"
"vue","style/jsx-indent-props","js-plugin-candidate","","false","2","16"
"vue","style/jsx-max-props-per-line","js-plugin-candidate","","false","2","16"
"vue","style/jsx-one-expression-per-line","js-plugin-candidate","","false","2","16"
"vue","style/jsx-quotes","js-plugin-candidate","","false","2","16"
"vue","style/jsx-tag-spacing","js-plugin-candidate","","false","2","16"
"vue","style/jsx-wrap-multilines","js-plugin-candidate","","false","2","16"
"vue","style/key-spacing","js-plugin-candidate","","false","2","16"
"vue","style/keyword-spacing","js-plugin-candidate","","false","2","16"
"vue","style/lines-between-class-members","js-plugin-candidate","","false","2","16"
"vue","style/max-statements-per-line","js-plugin-candidate","","false","2","16"
"vue","style/member-delimiter-style","js-plugin-candidate","","false","2","16"
"vue","style/multiline-ternary","js-plugin-candidate","","false","2","16"
"vue","style/new-parens","js-plugin-candidate","","false","2","16"
"vue","style/no-extra-parens","js-plugin-candidate","","false","2","16"
"vue","style/no-floating-decimal","js-plugin-candidate","","false","2","16"
"vue","style/no-mixed-operators","js-plugin-candidate","","false","2","16"
"vue","style/no-mixed-spaces-and-tabs","js-plugin-candidate","","false","2","16"
"vue","style/no-multi-spaces","js-plugin-candidate","","false","2","16"
"vue","style/no-multiple-empty-lines","js-plugin-candidate","","false","2","16"
"vue","style/no-tabs","js-plugin-candidate","","false","2","16"
"vue","style/no-trailing-spaces","js-plugin-candidate","","false","2","16"
"vue","style/no-whitespace-before-property","js-plugin-candidate","","false","2","16"
"vue","style/object-curly-spacing","js-plugin-candidate","","false","2","16"
"vue","style/operator-linebreak","js-plugin-candidate","","false","2","16"
"vue","style/padded-blocks","js-plugin-candidate","","false","2","16"
"vue","style/quote-props","js-plugin-candidate","","false","2","16"
"vue","style/quotes","js-plugin-candidate","","false","2","16"
"vue","style/rest-spread-spacing","js-plugin-candidate","","false","2","16"
"vue","style/semi","js-plugin-candidate","","false","2","16"
"vue","style/semi-spacing","js-plugin-candidate","","false","2","16"
"vue","style/space-before-blocks","js-plugin-candidate","","false","2","16"
"vue","style/space-before-function-paren","js-plugin-candidate","","false","2","16"
"vue","style/space-in-parens","js-plugin-candidate","","false","2","16"
"vue","style/space-infix-ops","js-plugin-candidate","","false","2","16"
"vue","style/space-unary-ops","js-plugin-candidate","","false","2","16"
"vue","style/spaced-comment","js-plugin-candidate","","false","2","14"
"vue","style/template-curly-spacing","js-plugin-candidate","","false","2","16"
"vue","style/template-tag-spacing","js-plugin-candidate","","false","2","16"
"vue","style/type-annotation-spacing","js-plugin-candidate","","false","2","16"
"vue","style/type-generic-spacing","js-plugin-candidate","","false","2","16"
"vue","style/type-named-tuple-spacing","js-plugin-candidate","","false","2","16"
"vue","style/wrap-iife","js-plugin-candidate","","false","2","16"
"vue","style/yield-star-spacing","js-plugin-candidate","","false","2","16"
"vue","symbol-description","native-candidate","eslint/symbol-description","false","2","16"
"vue","test/consistent-test-it","native-candidate","vitest/consistent-test-it","false","1","1"
"vue","test/no-identical-title","native-candidate","vitest/no-identical-title","false","1","1"
"vue","test/no-import-node-test","native-candidate","vitest/no-import-node-test","false","1","1"
"vue","test/no-only-tests","js-plugin-candidate","","false","1","1"
"vue","test/prefer-hooks-in-order","native-candidate","vitest/prefer-hooks-in-order","false","1","1"
"vue","test/prefer-lowercase-title","native-candidate","vitest/prefer-lowercase-title","false","1","1"
"vue","toml/array-bracket-newline","eslint-fallback","","false","1","1"
"vue","toml/array-bracket-spacing","eslint-fallback","","false","1","1"
"vue","toml/array-element-newline","eslint-fallback","","false","1","1"
"vue","toml/comma-style","eslint-fallback","","false","1","1"
"vue","toml/indent","eslint-fallback","","false","1","1"
"vue","toml/inline-table-curly-spacing","eslint-fallback","","false","1","1"
"vue","toml/key-spacing","eslint-fallback","","false","1","1"
"vue","toml/keys-order","eslint-fallback","","false","1","1"
"vue","toml/no-space-dots","eslint-fallback","","false","1","1"
"vue","toml/no-unreadable-number-separator","eslint-fallback","","false","1","1"
"vue","toml/padding-line-between-pairs","eslint-fallback","","false","1","1"
"vue","toml/padding-line-between-tables","eslint-fallback","","false","1","1"
"vue","toml/precision-of-fractional-seconds","eslint-fallback","","false","1","1"
"vue","toml/precision-of-integer","eslint-fallback","","false","1","1"
"vue","toml/quoted-keys","eslint-fallback","","false","1","1"
"vue","toml/spaced-comment","eslint-fallback","","false","1","1"
"vue","toml/table-bracket-spacing","eslint-fallback","","false","1","1"
"vue","toml/tables-order","eslint-fallback","","false","1","1"
"vue","toml/vue-custom-block/no-parsing-error","eslint-fallback","","false","1","1"
"vue","ts/ban-ts-comment","native-candidate","typescript/ban-ts-comment","false","2","6"
"vue","ts/consistent-type-definitions","native-candidate","typescript/consistent-type-definitions","false","2","6"
"vue","ts/consistent-type-imports","native-candidate","typescript/consistent-type-imports","false","2","6"
"vue","ts/method-signature-style","native-candidate","typescript/method-signature-style","false","2","6"
"vue","ts/no-array-constructor","js-plugin-candidate","","false","2","6"
"vue","ts/no-dupe-class-members","js-plugin-candidate","","false","2","6"
"vue","ts/no-duplicate-enum-values","native-candidate","typescript/no-duplicate-enum-values","false","2","6"
"vue","ts/no-empty-object-type","native-candidate","typescript/no-empty-object-type","false","2","6"
"vue","ts/no-extra-non-null-assertion","native-candidate","typescript/no-extra-non-null-assertion","false","2","6"
"vue","ts/no-import-type-side-effects","native-candidate","typescript/no-import-type-side-effects","false","2","6"
"vue","ts/no-misused-new","native-candidate","typescript/no-misused-new","false","2","6"
"vue","ts/no-namespace","native-candidate","typescript/no-namespace","false","2","6"
"vue","ts/no-non-null-asserted-nullish-coalescing","native-candidate","typescript/no-non-null-asserted-nullish-coalescing","false","2","6"
"vue","ts/no-non-null-asserted-optional-chain","native-candidate","typescript/no-non-null-asserted-optional-chain","false","2","6"
"vue","ts/no-redeclare","js-plugin-candidate","","false","2","6"
"vue","ts/no-require-imports","native-candidate","typescript/no-require-imports","false","2","6"
"vue","ts/no-this-alias","native-candidate","typescript/no-this-alias","false","2","6"
"vue","ts/no-unnecessary-type-constraint","native-candidate","typescript/no-unnecessary-type-constraint","false","2","6"
"vue","ts/no-unsafe-declaration-merging","native-candidate","typescript/no-unsafe-declaration-merging","false","2","6"
"vue","ts/no-unsafe-function-type","native-candidate","typescript/no-unsafe-function-type","false","2","6"
"vue","ts/no-unused-expressions","js-plugin-candidate","","false","2","6"
"vue","ts/no-use-before-define","js-plugin-candidate","","false","2","6"
"vue","ts/no-wrapper-object-types","native-candidate","typescript/no-wrapper-object-types","false","2","6"
"vue","ts/prefer-as-const","native-candidate","typescript/prefer-as-const","false","2","6"
"vue","ts/prefer-literal-enum-member","native-candidate","typescript/prefer-literal-enum-member","false","2","6"
"vue","ts/prefer-namespace-keyword","native-candidate","typescript/prefer-namespace-keyword","false","2","6"
"vue","unicode-bom","native-candidate","eslint/unicode-bom","false","2","16"
"vue","unicorn/consistent-empty-array-spread","native-candidate","unicorn/consistent-empty-array-spread","false","1","9"
"vue","unicorn/error-message","native-candidate","unicorn/error-message","false","1","9"
"vue","unicorn/escape-case","native-candidate","unicorn/escape-case","false","1","9"
"vue","unicorn/new-for-builtins","native-candidate","unicorn/new-for-builtins","false","1","9"
"vue","unicorn/no-instanceof-builtins","native-candidate","unicorn/no-instanceof-builtins","false","1","9"
"vue","unicorn/no-new-array","native-candidate","unicorn/no-new-array","false","1","9"
"vue","unicorn/no-new-buffer","native-candidate","unicorn/no-new-buffer","false","1","9"
"vue","unicorn/number-literal-case","native-candidate","unicorn/number-literal-case","false","1","9"
"vue","unicorn/prefer-dom-node-text-content","native-candidate","unicorn/prefer-dom-node-text-content","false","1","9"
"vue","unicorn/prefer-includes","native-candidate","unicorn/prefer-includes","false","1","9"
"vue","unicorn/prefer-node-protocol","native-candidate","unicorn/prefer-node-protocol","false","1","9"
"vue","unicorn/prefer-number-properties","native-candidate","unicorn/prefer-number-properties","false","1","9"
"vue","unicorn/prefer-string-starts-ends-with","native-candidate","unicorn/prefer-string-starts-ends-with","false","1","9"
"vue","unicorn/prefer-type-error","native-candidate","unicorn/prefer-type-error","false","1","9"
"vue","unicorn/throw-new-error","native-candidate","unicorn/throw-new-error","false","1","9"
"vue","unused-imports/no-unused-imports","js-plugin-candidate","","false","2","16"
"vue","unused-imports/no-unused-vars","js-plugin-candidate","","false","2","15"
"vue","use-isnan","native-candidate","eslint/use-isnan","false","2","16"
"vue","valid-typeof","native-candidate","eslint/valid-typeof","false","2","16"
"vue","vars-on-top","native-candidate","eslint/vars-on-top","false","2","16"
"vue","vue/array-bracket-spacing","eslint-fallback","","false","1","1"
"vue","vue/arrow-spacing","eslint-fallback","","false","1","1"
"vue","vue/attribute-hyphenation","eslint-fallback","","false","1","1"
"vue","vue/attributes-order","eslint-fallback","","false","1","1"
"vue","vue/block-order","eslint-fallback","","false","1","1"
"vue","vue/block-spacing","eslint-fallback","","false","1","1"
"vue","vue/block-tag-newline","eslint-fallback","","false","1","1"
"vue","vue/brace-style","eslint-fallback","","false","1","1"
"vue","vue/comma-dangle","eslint-fallback","","false","1","1"
"vue","vue/comma-spacing","eslint-fallback","","false","1","1"
"vue","vue/comma-style","eslint-fallback","","false","1","1"
"vue","vue/comment-directive","eslint-fallback","","false","1","1"
"vue","vue/component-definition-name-casing","eslint-fallback","vue/component-definition-name-casing","false","1","1"
"vue","vue/component-name-in-template-casing","eslint-fallback","","false","1","1"
"vue","vue/component-options-name-casing","eslint-fallback","","false","1","1"
"vue","vue/custom-event-name-casing","eslint-fallback","","false","1","1"
"vue","vue/define-macros-order","eslint-fallback","","false","1","1"
"vue","vue/dot-location","eslint-fallback","","false","1","1"
"vue","vue/dot-notation","eslint-fallback","","false","1","1"
"vue","vue/eqeqeq","eslint-fallback","","false","1","1"
"vue","vue/first-attribute-linebreak","eslint-fallback","","false","1","1"
"vue","vue/html-closing-bracket-newline","eslint-fallback","","false","1","1"
"vue","vue/html-closing-bracket-spacing","eslint-fallback","","false","1","1"
"vue","vue/html-comment-content-spacing","eslint-fallback","","false","1","1"
"vue","vue/html-end-tags","eslint-fallback","","false","1","1"
"vue","vue/html-indent","eslint-fallback","","false","1","1"
"vue","vue/html-quotes","eslint-fallback","","false","1","1"
"vue","vue/html-self-closing","eslint-fallback","","false","1","1"
"vue","vue/jsx-uses-vars","eslint-fallback","","false","1","1"
"vue","vue/key-spacing","eslint-fallback","","false","1","1"
"vue","vue/keyword-spacing","eslint-fallback","","false","1","1"
"vue","vue/multiline-html-element-content-newline","eslint-fallback","","false","1","1"
"vue","vue/mustache-interpolation-spacing","eslint-fallback","","false","1","1"
"vue","vue/no-arrow-functions-in-watch","eslint-fallback","vue/no-arrow-functions-in-watch","false","1","1"
"vue","vue/no-async-in-computed-properties","eslint-fallback","vue/no-async-in-computed-properties","false","1","1"
"vue","vue/no-child-content","eslint-fallback","","false","1","1"
"vue","vue/no-computed-properties-in-data","eslint-fallback","vue/no-computed-properties-in-data","false","1","1"
"vue","vue/no-deprecated-data-object-declaration","eslint-fallback","vue/no-deprecated-data-object-declaration","false","1","1"
"vue","vue/no-deprecated-delete-set","eslint-fallback","vue/no-deprecated-delete-set","false","1","1"
"vue","vue/no-deprecated-destroyed-lifecycle","eslint-fallback","vue/no-deprecated-destroyed-lifecycle","false","1","1"
"vue","vue/no-deprecated-dollar-listeners-api","eslint-fallback","","false","1","1"
"vue","vue/no-deprecated-dollar-scopedslots-api","eslint-fallback","","false","1","1"
"vue","vue/no-deprecated-events-api","eslint-fallback","vue/no-deprecated-events-api","false","1","1"
"vue","vue/no-deprecated-filter","eslint-fallback","","false","1","1"
"vue","vue/no-deprecated-functional-template","eslint-fallback","","false","1","1"
"vue","vue/no-deprecated-html-element-is","eslint-fallback","","false","1","1"
"vue","vue/no-deprecated-inline-template","eslint-fallback","","false","1","1"
"vue","vue/no-deprecated-model-definition","eslint-fallback","vue/no-deprecated-model-definition","false","1","1"
"vue","vue/no-deprecated-props-default-this","eslint-fallback","vue/no-deprecated-props-default-this","false","1","1"
"vue","vue/no-deprecated-router-link-tag-prop","eslint-fallback","","false","1","1"
"vue","vue/no-deprecated-scope-attribute","eslint-fallback","","false","1","1"
"vue","vue/no-deprecated-slot-attribute","eslint-fallback","","false","1","1"
"vue","vue/no-deprecated-slot-scope-attribute","eslint-fallback","","false","1","1"
"vue","vue/no-deprecated-v-bind-sync","eslint-fallback","","false","1","1"
"vue","vue/no-deprecated-v-is","eslint-fallback","","false","1","1"
"vue","vue/no-deprecated-v-on-native-modifier","eslint-fallback","","false","1","1"
"vue","vue/no-deprecated-v-on-number-modifiers","eslint-fallback","","false","1","1"
"vue","vue/no-deprecated-vue-config-keycodes","eslint-fallback","vue/no-deprecated-vue-config-keycodes","false","1","1"
"vue","vue/no-dupe-v-else-if","eslint-fallback","","false","1","1"
"vue","vue/no-duplicate-attributes","eslint-fallback","","false","1","1"
"vue","vue/no-empty-pattern","eslint-fallback","","false","1","1"
"vue","vue/no-export-in-script-setup","eslint-fallback","vue/no-export-in-script-setup","false","1","1"
"vue","vue/no-expose-after-await","eslint-fallback","vue/no-expose-after-await","false","1","1"
"vue","vue/no-irregular-whitespace","eslint-fallback","","false","1","1"
"vue","vue/no-lifecycle-after-await","eslint-fallback","vue/no-lifecycle-after-await","false","1","1"
"vue","vue/no-lone-template","eslint-fallback","","false","1","1"
"vue","vue/no-loss-of-precision","eslint-fallback","","false","1","1"
"vue","vue/no-multi-spaces","eslint-fallback","","false","1","1"
"vue","vue/no-multiple-slot-args","eslint-fallback","vue/no-multiple-slot-args","false","1","1"
"vue","vue/no-mutating-props","eslint-fallback","","false","1","1"
"vue","vue/no-parsing-error","eslint-fallback","","false","1","1"
"vue","vue/no-ref-as-operand","eslint-fallback","","false","1","1"
"vue","vue/no-required-prop-with-default","eslint-fallback","vue/no-required-prop-with-default","false","1","1"
"vue","vue/no-reserved-component-names","eslint-fallback","vue/no-reserved-component-names","false","1","1"
"vue","vue/no-reserved-keys","eslint-fallback","vue/no-reserved-keys","false","1","1"
"vue","vue/no-reserved-props","eslint-fallback","vue/no-reserved-props","false","1","1"
"vue","vue/no-restricted-syntax","eslint-fallback","","false","1","1"
"vue","vue/no-restricted-v-bind","eslint-fallback","","false","1","1"
"vue","vue/no-shared-component-data","eslint-fallback","vue/no-shared-component-data","false","1","1"
"vue","vue/no-side-effects-in-computed-properties","eslint-fallback","vue/no-side-effects-in-computed-properties","false","1","1"
"vue","vue/no-spaces-around-equal-signs-in-attribute","eslint-fallback","","false","1","1"
"vue","vue/no-sparse-arrays","eslint-fallback","","false","1","1"
"vue","vue/no-template-key","eslint-fallback","","false","1","1"
"vue","vue/no-template-shadow","eslint-fallback","","false","1","1"
"vue","vue/no-textarea-mustache","eslint-fallback","","false","1","1"
"vue","vue/no-unused-components","eslint-fallback","","false","1","1"
"vue","vue/no-unused-refs","eslint-fallback","","false","1","1"
"vue","vue/no-unused-vars","eslint-fallback","","false","1","1"
"vue","vue/no-use-computed-property-like-method","eslint-fallback","","false","1","1"
"vue","vue/no-use-v-if-with-v-for","eslint-fallback","","false","1","1"
"vue","vue/no-useless-template-attributes","eslint-fallback","","false","1","1"
"vue","vue/no-useless-v-bind","eslint-fallback","","false","1","1"
"vue","vue/no-v-for-template-key-on-child","eslint-fallback","","false","1","1"
"vue","vue/no-v-text-v-html-on-component","eslint-fallback","","false","1","1"
"vue","vue/no-watch-after-await","eslint-fallback","vue/no-watch-after-await","false","1","1"
"vue","vue/object-curly-spacing","eslint-fallback","","false","1","1"
"vue","vue/object-property-newline","eslint-fallback","","false","1","1"
"vue","vue/object-shorthand","eslint-fallback","","false","1","1"
"vue","vue/one-component-per-file","eslint-fallback","","false","1","1"
"vue","vue/operator-linebreak","eslint-fallback","","false","1","1"
"vue","vue/order-in-components","eslint-fallback","","false","1","1"
"vue","vue/padding-line-between-blocks","eslint-fallback","","false","1","1"
"vue","vue/prefer-import-from-vue","eslint-fallback","vue/prefer-import-from-vue","false","1","1"
"vue","vue/prefer-separate-static-class","eslint-fallback","","false","1","1"
"vue","vue/prefer-template","eslint-fallback","","false","1","1"
"vue","vue/prop-name-casing","eslint-fallback","vue/prop-name-casing","false","1","1"
"vue","vue/quote-props","eslint-fallback","","false","1","1"
"vue","vue/require-component-is","eslint-fallback","","false","1","1"
"vue","vue/require-explicit-emits","eslint-fallback","","false","1","1"
"vue","vue/require-prop-type-constructor","eslint-fallback","vue/require-prop-type-constructor","false","1","1"
"vue","vue/require-render-return","eslint-fallback","vue/require-render-return","false","1","1"
"vue","vue/require-slots-as-functions","eslint-fallback","vue/require-slots-as-functions","false","1","1"
"vue","vue/require-toggle-inside-transition","eslint-fallback","","false","1","1"
"vue","vue/require-v-for-key","eslint-fallback","","false","1","1"
"vue","vue/require-valid-default-prop","eslint-fallback","","false","1","1"
"vue","vue/return-in-computed-property","eslint-fallback","vue/return-in-computed-property","false","1","1"
"vue","vue/return-in-emits-validator","eslint-fallback","vue/return-in-emits-validator","false","1","1"
"vue","vue/singleline-html-element-content-newline","eslint-fallback","","false","1","1"
"vue","vue/space-in-parens","eslint-fallback","","false","1","1"
"vue","vue/space-infix-ops","eslint-fallback","","false","1","1"
"vue","vue/space-unary-ops","eslint-fallback","","false","1","1"
"vue","vue/template-curly-spacing","eslint-fallback","","false","1","1"
"vue","vue/this-in-template","eslint-fallback","","false","1","1"
"vue","vue/use-v-on-exact","eslint-fallback","","false","1","1"
"vue","vue/v-bind-style","eslint-fallback","","false","1","1"
"vue","vue/v-on-event-hyphenation","eslint-fallback","","false","1","1"
"vue","vue/v-on-style","eslint-fallback","","false","1","1"
"vue","vue/v-slot-style","eslint-fallback","","false","1","1"
"vue","vue/valid-attribute-name","eslint-fallback","","false","1","1"
"vue","vue/valid-define-emits","eslint-fallback","vue/valid-define-emits","false","1","1"
"vue","vue/valid-define-options","eslint-fallback","vue/valid-define-options","false","1","1"
"vue","vue/valid-define-props","eslint-fallback","vue/valid-define-props","false","1","1"
"vue","vue/valid-next-tick","eslint-fallback","vue/valid-next-tick","false","1","1"
"vue","vue/valid-template-root","eslint-fallback","","false","1","1"
"vue","vue/valid-v-bind","eslint-fallback","","false","1","1"
"vue","vue/valid-v-cloak","eslint-fallback","","false","1","1"
"vue","vue/valid-v-else","eslint-fallback","","false","1","1"
"vue","vue/valid-v-else-if","eslint-fallback","","false","1","1"
"vue","vue/valid-v-for","eslint-fallback","","false","1","1"
"vue","vue/valid-v-html","eslint-fallback","","false","1","1"
"vue","vue/valid-v-if","eslint-fallback","","false","1","1"
"vue","vue/valid-v-is","eslint-fallback","","false","1","1"
"vue","vue/valid-v-memo","eslint-fallback","","false","1","1"
"vue","vue/valid-v-model","eslint-fallback","","false","1","1"
"vue","vue/valid-v-on","eslint-fallback","","false","1","1"
"vue","vue/valid-v-once","eslint-fallback","","false","1","1"
"vue","vue/valid-v-pre","eslint-fallback","","false","1","1"
"vue","vue/valid-v-show","eslint-fallback","","false","1","1"
"vue","vue/valid-v-slot","eslint-fallback","","false","1","1"
"vue","vue/valid-v-text","eslint-fallback","","false","1","1"
"vue","yaml/block-mapping","eslint-fallback","","false","1","1"
"vue","yaml/block-mapping-question-indicator-newline","eslint-fallback","","false","1","1"
"vue","yaml/block-sequence","eslint-fallback","","false","1","1"
"vue","yaml/block-sequence-hyphen-indicator-newline","eslint-fallback","","false","1","1"
"vue","yaml/flow-mapping-curly-newline","eslint-fallback","","false","1","1"
"vue","yaml/flow-mapping-curly-spacing","eslint-fallback","","false","1","1"
"vue","yaml/flow-sequence-bracket-newline","eslint-fallback","","false","1","1"
"vue","yaml/flow-sequence-bracket-spacing","eslint-fallback","","false","1","1"
"vue","yaml/indent","eslint-fallback","","false","1","1"
"vue","yaml/key-spacing","eslint-fallback","","false","1","1"
"vue","yaml/no-empty-key","eslint-fallback","","false","1","1"
"vue","yaml/no-empty-sequence-entry","eslint-fallback","","false","1","1"
"vue","yaml/no-irregular-whitespace","eslint-fallback","","false","1","1"
"vue","yaml/no-multiple-empty-lines","eslint-fallback","","false","1","1"
"vue","yaml/no-tab-indent","eslint-fallback","","false","1","1"
"vue","yaml/plain-scalar","eslint-fallback","","false","1","1"
"vue","yaml/quotes","eslint-fallback","","false","1","1"
"vue","yaml/spaced-comment","eslint-fallback","","false","1","1"
"vue","yaml/vue-custom-block/no-parsing-error","eslint-fallback","","false","1","1"
"vue","yoda","native-candidate","eslint/yoda","false","2","16"
"svelte","accessor-pairs","native-candidate","eslint/accessor-pairs","false","2","16"
"svelte","antfu/consistent-chaining","js-plugin-candidate","","false","2","16"
"svelte","antfu/consistent-list-newline","js-plugin-candidate","","false","2","16"
"svelte","antfu/curly","js-plugin-candidate","","false","2","16"
"svelte","antfu/if-newline","js-plugin-candidate","","false","2","16"
"svelte","antfu/import-dedupe","js-plugin-candidate","","false","2","16"
"svelte","antfu/no-import-dist","js-plugin-candidate","","false","2","15"
"svelte","antfu/no-import-node-modules-by-path","js-plugin-candidate","","false","2","15"
"svelte","antfu/no-top-level-await","js-plugin-candidate","","false","2","12"
"svelte","antfu/top-level-function","js-plugin-candidate","","false","2","16"
"svelte","array-callback-return","native-candidate","eslint/array-callback-return","false","2","16"
"svelte","block-scoped-var","native-candidate","eslint/block-scoped-var","false","2","16"
"svelte","command/command","js-plugin-candidate","","false","2","16"
"svelte","constructor-super","native-candidate","eslint/constructor-super","false","2","11"
"svelte","default-case-last","native-candidate","eslint/default-case-last","false","2","16"
"svelte","dot-notation","js-plugin-candidate","","false","2","16"
"svelte","e18e/prefer-array-fill","js-plugin-candidate","","false","2","16"
"svelte","e18e/prefer-array-some","js-plugin-candidate","","false","2","16"
"svelte","e18e/prefer-date-now","js-plugin-candidate","","false","2","16"
"svelte","e18e/prefer-includes","js-plugin-candidate","","false","2","16"
"svelte","e18e/prefer-nullish-coalescing","js-plugin-candidate","","false","2","16"
"svelte","e18e/prefer-object-has-own","js-plugin-candidate","","false","2","16"
"svelte","e18e/prefer-regex-test","js-plugin-candidate","","false","2","16"
"svelte","e18e/prefer-string-fromcharcode","js-plugin-candidate","","false","2","16"
"svelte","e18e/prefer-timer-args","js-plugin-candidate","","false","2","16"
"svelte","e18e/prefer-url-canparse","js-plugin-candidate","","false","2","16"
"svelte","eqeqeq","native-candidate","eslint/eqeqeq","false","2","16"
"svelte","eslint-comments/no-aggregating-enable","js-plugin-candidate","","false","2","16"
"svelte","eslint-comments/no-duplicate-disable","js-plugin-candidate","","false","2","16"
"svelte","eslint-comments/no-unlimited-disable","js-plugin-candidate","","false","2","15"
"svelte","eslint-comments/no-unused-enable","js-plugin-candidate","","false","2","16"
"svelte","import/consistent-type-specifier-style","js-plugin-candidate","","false","2","16"
"svelte","import/first","js-plugin-candidate","","false","2","16"
"svelte","import/newline-after-import","js-plugin-candidate","","false","2","16"
"svelte","import/no-duplicates","js-plugin-candidate","","false","2","16"
"svelte","import/no-mutable-exports","js-plugin-candidate","","false","2","16"
"svelte","import/no-named-default","js-plugin-candidate","","false","2","16"
"svelte","jsdoc/check-access","native-candidate","jsdoc/check-access","false","1","9"
"svelte","jsdoc/check-alignment","js-plugin-candidate","","false","1","9"
"svelte","jsdoc/check-param-names","js-plugin-candidate","","false","1","9"
"svelte","jsdoc/check-property-names","native-candidate","jsdoc/check-property-names","false","1","9"
"svelte","jsdoc/check-types","js-plugin-candidate","","false","1","9"
"svelte","jsdoc/empty-tags","native-candidate","jsdoc/empty-tags","false","1","9"
"svelte","jsdoc/implements-on-classes","native-candidate","jsdoc/implements-on-classes","false","1","9"
"svelte","jsdoc/multiline-blocks","js-plugin-candidate","","false","1","9"
"svelte","jsdoc/no-defaults","native-candidate","jsdoc/no-defaults","false","1","9"
"svelte","jsdoc/no-multi-asterisks","js-plugin-candidate","","false","1","9"
"svelte","jsdoc/require-param-name","native-candidate","jsdoc/require-param-name","false","1","9"
"svelte","jsdoc/require-property","native-candidate","jsdoc/require-property","false","1","9"
"svelte","jsdoc/require-property-description","native-candidate","jsdoc/require-property-description","false","1","9"
"svelte","jsdoc/require-property-name","native-candidate","jsdoc/require-property-name","false","1","9"
"svelte","jsdoc/require-returns-check","js-plugin-candidate","","false","1","9"
"svelte","jsdoc/require-returns-description","native-candidate","jsdoc/require-returns-description","false","1","9"
"svelte","jsdoc/require-yields-check","js-plugin-candidate","","false","1","9"
"svelte","jsonc/array-bracket-spacing","eslint-fallback","","false","1","4"
"svelte","jsonc/comma-dangle","eslint-fallback","","false","1","4"
"svelte","jsonc/comma-style","eslint-fallback","","false","1","4"
"svelte","jsonc/indent","eslint-fallback","","false","1","4"
"svelte","jsonc/key-spacing","eslint-fallback","","false","1","4"
"svelte","jsonc/no-bigint-literals","eslint-fallback","","false","1","4"
"svelte","jsonc/no-binary-expression","eslint-fallback","","false","1","4"
"svelte","jsonc/no-binary-numeric-literals","eslint-fallback","","false","1","4"
"svelte","jsonc/no-dupe-keys","eslint-fallback","","false","1","4"
"svelte","jsonc/no-escape-sequence-in-identifier","eslint-fallback","","false","1","4"
"svelte","jsonc/no-floating-decimal","eslint-fallback","","false","1","4"
"svelte","jsonc/no-hexadecimal-numeric-literals","eslint-fallback","","false","1","4"
"svelte","jsonc/no-infinity","eslint-fallback","","false","1","4"
"svelte","jsonc/no-multi-str","eslint-fallback","","false","1","4"
"svelte","jsonc/no-nan","eslint-fallback","","false","1","4"
"svelte","jsonc/no-number-props","eslint-fallback","","false","1","4"
"svelte","jsonc/no-numeric-separators","eslint-fallback","","false","1","4"
"svelte","jsonc/no-octal","eslint-fallback","","false","1","4"
"svelte","jsonc/no-octal-escape","eslint-fallback","","false","1","4"
"svelte","jsonc/no-octal-numeric-literals","eslint-fallback","","false","1","4"
"svelte","jsonc/no-parenthesized","eslint-fallback","","false","1","4"
"svelte","jsonc/no-plus-sign","eslint-fallback","","false","1","4"
"svelte","jsonc/no-regexp-literals","eslint-fallback","","false","1","4"
"svelte","jsonc/no-sparse-arrays","eslint-fallback","","false","1","4"
"svelte","jsonc/no-template-literals","eslint-fallback","","false","1","4"
"svelte","jsonc/no-undefined-value","eslint-fallback","","false","1","4"
"svelte","jsonc/no-unicode-codepoint-escapes","eslint-fallback","","false","1","4"
"svelte","jsonc/no-useless-escape","eslint-fallback","","false","1","4"
"svelte","jsonc/object-curly-newline","eslint-fallback","","false","1","4"
"svelte","jsonc/object-curly-spacing","eslint-fallback","","false","1","4"
"svelte","jsonc/object-property-newline","eslint-fallback","","false","1","4"
"svelte","jsonc/quote-props","eslint-fallback","","false","1","4"
"svelte","jsonc/quotes","eslint-fallback","","false","1","4"
"svelte","jsonc/sort-array-values","eslint-fallback","","false","1","1"
"svelte","jsonc/sort-keys","eslint-fallback","","false","2","2"
"svelte","jsonc/space-unary-ops","eslint-fallback","","false","1","4"
"svelte","jsonc/valid-json-number","eslint-fallback","","false","1","4"
"svelte","jsonc/vue-custom-block/no-parsing-error","eslint-fallback","","false","1","4"
"svelte","markdown/heading-increment","eslint-fallback","","false","1","1"
"svelte","markdown/no-duplicate-definitions","eslint-fallback","","false","1","1"
"svelte","markdown/no-empty-definitions","eslint-fallback","","false","1","1"
"svelte","markdown/no-empty-images","eslint-fallback","","false","1","1"
"svelte","markdown/no-empty-links","eslint-fallback","","false","1","1"
"svelte","markdown/no-invalid-label-refs","eslint-fallback","","false","1","1"
"svelte","markdown/no-missing-atx-heading-space","eslint-fallback","","false","1","1"
"svelte","markdown/no-missing-link-fragments","eslint-fallback","","false","1","1"
"svelte","markdown/no-multiple-h1","eslint-fallback","","false","1","1"
"svelte","markdown/no-reference-like-urls","eslint-fallback","","false","1","1"
"svelte","markdown/no-reversed-media-syntax","eslint-fallback","","false","1","1"
"svelte","markdown/no-space-in-emphasis","eslint-fallback","","false","1","1"
"svelte","markdown/no-unused-definitions","eslint-fallback","","false","1","1"
"svelte","markdown/require-alt-text","eslint-fallback","","false","1","1"
"svelte","markdown/table-column-count","eslint-fallback","","false","1","1"
"svelte","new-cap","native-candidate","eslint/new-cap","false","2","16"
"svelte","no-alert","native-candidate","eslint/no-alert","false","2","16"
"svelte","no-array-constructor","native-candidate","eslint/no-array-constructor","false","2","11"
"svelte","no-async-promise-executor","native-candidate","eslint/no-async-promise-executor","false","2","16"
"svelte","no-caller","native-candidate","eslint/no-caller","false","2","16"
"svelte","no-case-declarations","native-candidate","eslint/no-case-declarations","false","2","16"
"svelte","no-class-assign","native-candidate","eslint/no-class-assign","false","2","11"
"svelte","no-compare-neg-zero","native-candidate","eslint/no-compare-neg-zero","false","2","16"
"svelte","no-cond-assign","native-candidate","eslint/no-cond-assign","false","2","16"
"svelte","no-console","native-candidate","eslint/no-console","false","2","13"
"svelte","no-const-assign","native-candidate","eslint/no-const-assign","false","2","11"
"svelte","no-control-regex","native-candidate","eslint/no-control-regex","false","2","16"
"svelte","no-debugger","native-candidate","eslint/no-debugger","false","2","16"
"svelte","no-delete-var","native-candidate","eslint/no-delete-var","false","2","16"
"svelte","no-dupe-args","js-plugin-candidate","","false","2","11"
"svelte","no-dupe-class-members","native-candidate","eslint/no-dupe-class-members","false","2","11"
"svelte","no-dupe-keys","native-candidate","eslint/no-dupe-keys","false","2","11"
"svelte","no-duplicate-case","native-candidate","eslint/no-duplicate-case","false","2","16"
"svelte","no-empty","native-candidate","eslint/no-empty","false","2","16"
"svelte","no-empty-pattern","native-candidate","eslint/no-empty-pattern","false","2","16"
"svelte","no-eval","native-candidate","eslint/no-eval","false","2","16"
"svelte","no-ex-assign","native-candidate","eslint/no-ex-assign","false","2","16"
"svelte","no-extend-native","native-candidate","eslint/no-extend-native","false","2","16"
"svelte","no-extra-bind","native-candidate","eslint/no-extra-bind","false","2","16"
"svelte","no-extra-boolean-cast","native-candidate","eslint/no-extra-boolean-cast","false","2","16"
"svelte","no-fallthrough","native-candidate","eslint/no-fallthrough","false","2","16"
"svelte","no-func-assign","native-candidate","eslint/no-func-assign","false","2","11"
"svelte","no-global-assign","native-candidate","eslint/no-global-assign","false","2","16"
"svelte","no-implied-eval","native-candidate","eslint/no-implied-eval","false","2","16"
"svelte","no-import-assign","native-candidate","eslint/no-import-assign","false","2","11"
"svelte","no-irregular-whitespace","native-candidate","eslint/no-irregular-whitespace","false","2","16"
"svelte","no-iterator","native-candidate","eslint/no-iterator","false","2","16"
"svelte","no-labels","native-candidate","eslint/no-labels","false","2","16"
"svelte","no-lone-blocks","native-candidate","eslint/no-lone-blocks","false","2","16"
"svelte","no-loss-of-precision","native-candidate","eslint/no-loss-of-precision","false","2","16"
"svelte","no-misleading-character-class","native-candidate","eslint/no-misleading-character-class","false","2","16"
"svelte","no-multi-str","native-candidate","eslint/no-multi-str","false","2","16"
"svelte","no-new","native-candidate","eslint/no-new","false","2","16"
"svelte","no-new-func","native-candidate","eslint/no-new-func","false","2","16"
"svelte","no-new-native-nonconstructor","native-candidate","eslint/no-new-native-nonconstructor","false","2","11"
"svelte","no-new-wrappers","native-candidate","eslint/no-new-wrappers","false","2","16"
"svelte","no-obj-calls","native-candidate","eslint/no-obj-calls","false","2","11"
"svelte","no-octal","js-plugin-candidate","","false","2","16"
"svelte","no-octal-escape","js-plugin-candidate","","false","2","16"
"svelte","no-proto","native-candidate","eslint/no-proto","false","2","16"
"svelte","no-prototype-builtins","native-candidate","eslint/no-prototype-builtins","false","2","16"
"svelte","no-redeclare","native-candidate","eslint/no-redeclare","false","2","11"
"svelte","no-regex-spaces","native-candidate","eslint/no-regex-spaces","false","2","16"
"svelte","no-restricted-globals","native-candidate","eslint/no-restricted-globals","false","2","16"
"svelte","no-restricted-properties","native-candidate","eslint/no-restricted-properties","false","2","16"
"svelte","no-restricted-syntax","js-plugin-candidate","","false","2","15"
"svelte","no-self-assign","native-candidate","eslint/no-self-assign","false","2","15"
"svelte","no-self-compare","native-candidate","eslint/no-self-compare","false","2","16"
"svelte","no-sequences","native-candidate","eslint/no-sequences","false","2","16"
"svelte","no-shadow-restricted-names","native-candidate","eslint/no-shadow-restricted-names","false","2","16"
"svelte","no-sparse-arrays","native-candidate","eslint/no-sparse-arrays","false","2","16"
"svelte","no-template-curly-in-string","native-candidate","eslint/no-template-curly-in-string","false","2","16"
"svelte","no-this-before-super","native-candidate","eslint/no-this-before-super","false","2","11"
"svelte","no-throw-literal","native-candidate","eslint/no-throw-literal","false","2","16"
"svelte","no-undef","native-candidate","eslint/no-undef","false","2","10"
"svelte","no-undef-init","js-plugin-candidate","","false","2","16"
"svelte","no-unexpected-multiline","native-candidate","eslint/no-unexpected-multiline","false","2","16"
"svelte","no-unmodified-loop-condition","native-candidate","eslint/no-unmodified-loop-condition","false","2","16"
"svelte","no-unneeded-ternary","native-candidate","eslint/no-unneeded-ternary","false","2","16"
"svelte","no-unreachable","native-candidate","eslint/no-unreachable","false","2","11"
"svelte","no-unreachable-loop","native-candidate","eslint/no-unreachable-loop","false","2","16"
"svelte","no-unsafe-finally","native-candidate","eslint/no-unsafe-finally","false","2","16"
"svelte","no-unsafe-negation","native-candidate","eslint/no-unsafe-negation","false","2","11"
"svelte","no-unused-expressions","native-candidate","eslint/no-unused-expressions","false","2","11"
"svelte","no-unused-vars","native-candidate","eslint/no-unused-vars","false","3","11"
"svelte","no-use-before-define","native-candidate","eslint/no-use-before-define","false","2","11"
"svelte","no-useless-call","native-candidate","eslint/no-useless-call","false","2","16"
"svelte","no-useless-catch","native-candidate","eslint/no-useless-catch","false","2","16"
"svelte","no-useless-computed-key","native-candidate","eslint/no-useless-computed-key","false","2","16"
"svelte","no-useless-constructor","native-candidate","eslint/no-useless-constructor","false","2","11"
"svelte","no-useless-rename","native-candidate","eslint/no-useless-rename","false","2","16"
"svelte","no-useless-return","native-candidate","eslint/no-useless-return","false","2","16"
"svelte","no-var","native-candidate","eslint/no-var","false","2","16"
"svelte","no-with","native-candidate","eslint/no-with","false","2","11"
"svelte","node/handle-callback-err","native-candidate","node/handle-callback-err","false","1","9"
"svelte","node/no-deprecated-api","js-plugin-candidate","","false","1","9"
"svelte","node/no-exports-assign","native-candidate","node/no-exports-assign","false","1","9"
"svelte","node/no-new-require","native-candidate","node/no-new-require","false","1","9"
"svelte","node/no-path-concat","native-candidate","node/no-path-concat","false","1","9"
"svelte","node/prefer-global/buffer","js-plugin-candidate","","false","1","9"
"svelte","node/prefer-global/process","js-plugin-candidate","","false","1","8"
"svelte","node/process-exit-as-throw","js-plugin-candidate","","false","1","9"
"svelte","object-shorthand","native-candidate","eslint/object-shorthand","false","2","16"
"svelte","one-var","native-candidate","eslint/one-var","false","2","16"
"svelte","perfectionist/sort-exports","js-plugin-candidate","","false","2","16"
"svelte","perfectionist/sort-imports","js-plugin-candidate","","false","2","16"
"svelte","perfectionist/sort-named-exports","js-plugin-candidate","","false","2","16"
"svelte","perfectionist/sort-named-imports","js-plugin-candidate","","false","2","16"
"svelte","prefer-arrow-callback","native-candidate","eslint/prefer-arrow-callback","false","2","16"
"svelte","prefer-const","native-candidate","eslint/prefer-const","false","2","16"
"svelte","prefer-exponentiation-operator","native-candidate","eslint/prefer-exponentiation-operator","false","2","16"
"svelte","prefer-promise-reject-errors","native-candidate","eslint/prefer-promise-reject-errors","false","2","16"
"svelte","prefer-regex-literals","native-candidate","eslint/prefer-regex-literals","false","2","16"
"svelte","prefer-rest-params","native-candidate","eslint/prefer-rest-params","false","2","16"
"svelte","prefer-spread","native-candidate","eslint/prefer-spread","false","2","16"
"svelte","prefer-template","native-candidate","eslint/prefer-template","false","2","16"
"svelte","regexp/confusing-quantifier","js-plugin-candidate","","false","2","16"
"svelte","regexp/control-character-escape","js-plugin-candidate","","false","2","16"
"svelte","regexp/match-any","js-plugin-candidate","","false","2","16"
"svelte","regexp/negation","js-plugin-candidate","","false","2","16"
"svelte","regexp/no-contradiction-with-assertion","js-plugin-candidate","","false","2","16"
"svelte","regexp/no-dupe-characters-character-class","js-plugin-candidate","","false","2","16"
"svelte","regexp/no-dupe-disjunctions","js-plugin-candidate","","false","2","16"
"svelte","regexp/no-empty-alternative","js-plugin-candidate","","false","2","16"
"svelte","regexp/no-empty-capturing-group","js-plugin-candidate","","false","2","16"
"svelte","regexp/no-empty-character-class","js-plugin-candidate","","false","2","16"
"svelte","regexp/no-empty-group","js-plugin-candidate","","false","2","16"
"svelte","regexp/no-empty-lookarounds-assertion","js-plugin-candidate","","false","2","16"
"svelte","regexp/no-empty-string-literal","js-plugin-candidate","","false","2","16"
"svelte","regexp/no-escape-backspace","js-plugin-candidate","","false","2","16"
"svelte","regexp/no-extra-lookaround-assertions","js-plugin-candidate","","false","2","16"
"svelte","regexp/no-invalid-regexp","js-plugin-candidate","","false","2","16"
"svelte","regexp/no-invisible-character","js-plugin-candidate","","false","2","16"
"svelte","regexp/no-lazy-ends","js-plugin-candidate","","false","2","16"
"svelte","regexp/no-legacy-features","js-plugin-candidate","","false","2","16"
"svelte","regexp/no-misleading-capturing-group","js-plugin-candidate","","false","2","16"
"svelte","regexp/no-misleading-unicode-character","js-plugin-candidate","","false","2","16"
"svelte","regexp/no-missing-g-flag","js-plugin-candidate","","false","2","16"
"svelte","regexp/no-non-standard-flag","js-plugin-candidate","","false","2","16"
"svelte","regexp/no-obscure-range","js-plugin-candidate","","false","2","16"
"svelte","regexp/no-optional-assertion","js-plugin-candidate","","false","2","16"
"svelte","regexp/no-potentially-useless-backreference","js-plugin-candidate","","false","2","16"
"svelte","regexp/no-super-linear-backtracking","js-plugin-candidate","","false","2","16"
"svelte","regexp/no-trivially-nested-assertion","js-plugin-candidate","","false","2","16"
"svelte","regexp/no-trivially-nested-quantifier","js-plugin-candidate","","false","2","16"
"svelte","regexp/no-unused-capturing-group","js-plugin-candidate","","false","2","16"
"svelte","regexp/no-useless-assertions","js-plugin-candidate","","false","2","16"
"svelte","regexp/no-useless-backreference","js-plugin-candidate","","false","2","16"
"svelte","regexp/no-useless-character-class","js-plugin-candidate","","false","2","16"
"svelte","regexp/no-useless-dollar-replacements","js-plugin-candidate","","false","2","16"
"svelte","regexp/no-useless-escape","js-plugin-candidate","","false","2","16"
"svelte","regexp/no-useless-flag","js-plugin-candidate","","false","2","16"
"svelte","regexp/no-useless-lazy","js-plugin-candidate","","false","2","16"
"svelte","regexp/no-useless-non-capturing-group","js-plugin-candidate","","false","2","16"
"svelte","regexp/no-useless-quantifier","js-plugin-candidate","","false","2","16"
"svelte","regexp/no-useless-range","js-plugin-candidate","","false","2","16"
"svelte","regexp/no-useless-set-operand","js-plugin-candidate","","false","2","16"
"svelte","regexp/no-useless-string-literal","js-plugin-candidate","","false","2","16"
"svelte","regexp/no-useless-two-nums-quantifier","js-plugin-candidate","","false","2","16"
"svelte","regexp/no-zero-quantifier","js-plugin-candidate","","false","2","16"
"svelte","regexp/optimal-lookaround-quantifier","js-plugin-candidate","","false","2","16"
"svelte","regexp/optimal-quantifier-concatenation","js-plugin-candidate","","false","2","16"
"svelte","regexp/prefer-character-class","js-plugin-candidate","","false","2","16"
"svelte","regexp/prefer-d","js-plugin-candidate","","false","2","16"
"svelte","regexp/prefer-plus-quantifier","js-plugin-candidate","","false","2","16"
"svelte","regexp/prefer-predefined-assertion","js-plugin-candidate","","false","2","16"
"svelte","regexp/prefer-question-quantifier","js-plugin-candidate","","false","2","16"
"svelte","regexp/prefer-range","js-plugin-candidate","","false","2","16"
"svelte","regexp/prefer-set-operation","js-plugin-candidate","","false","2","16"
"svelte","regexp/prefer-star-quantifier","js-plugin-candidate","","false","2","16"
"svelte","regexp/prefer-unicode-codepoint-escapes","js-plugin-candidate","","false","2","16"
"svelte","regexp/prefer-w","js-plugin-candidate","","false","2","16"
"svelte","regexp/simplify-set-operations","js-plugin-candidate","","false","2","16"
"svelte","regexp/sort-flags","js-plugin-candidate","","false","2","16"
"svelte","regexp/strict","js-plugin-candidate","","false","2","16"
"svelte","regexp/use-ignore-case","js-plugin-candidate","","false","2","16"
"svelte","style/array-bracket-spacing","js-plugin-candidate","","false","2","16"
"svelte","style/arrow-parens","js-plugin-candidate","","false","2","16"
"svelte","style/arrow-spacing","js-plugin-candidate","","false","2","16"
"svelte","style/block-spacing","js-plugin-candidate","","false","2","16"
"svelte","style/brace-style","js-plugin-candidate","","false","2","16"
"svelte","style/comma-dangle","js-plugin-candidate","","false","2","16"
"svelte","style/comma-spacing","js-plugin-candidate","","false","2","16"
"svelte","style/comma-style","js-plugin-candidate","","false","2","16"
"svelte","style/computed-property-spacing","js-plugin-candidate","","false","2","16"
"svelte","style/dot-location","js-plugin-candidate","","false","2","16"
"svelte","style/eol-last","js-plugin-candidate","","false","2","16"
"svelte","style/generator-star-spacing","js-plugin-candidate","","false","2","16"
"svelte","style/indent","js-plugin-candidate","","false","2","15"
"svelte","style/indent-binary-ops","js-plugin-candidate","","false","2","16"
"svelte","style/jsx-closing-bracket-location","js-plugin-candidate","","false","2","16"
"svelte","style/jsx-closing-tag-location","js-plugin-candidate","","false","2","16"
"svelte","style/jsx-curly-brace-presence","js-plugin-candidate","","false","2","16"
"svelte","style/jsx-curly-newline","js-plugin-candidate","","false","2","16"
"svelte","style/jsx-curly-spacing","js-plugin-candidate","","false","2","16"
"svelte","style/jsx-equals-spacing","js-plugin-candidate","","false","2","16"
"svelte","style/jsx-first-prop-new-line","js-plugin-candidate","","false","2","16"
"svelte","style/jsx-function-call-newline","js-plugin-candidate","","false","2","16"
"svelte","style/jsx-indent-props","js-plugin-candidate","","false","2","16"
"svelte","style/jsx-max-props-per-line","js-plugin-candidate","","false","2","16"
"svelte","style/jsx-one-expression-per-line","js-plugin-candidate","","false","2","16"
"svelte","style/jsx-quotes","js-plugin-candidate","","false","2","16"
"svelte","style/jsx-tag-spacing","js-plugin-candidate","","false","2","16"
"svelte","style/jsx-wrap-multilines","js-plugin-candidate","","false","2","16"
"svelte","style/key-spacing","js-plugin-candidate","","false","2","16"
"svelte","style/keyword-spacing","js-plugin-candidate","","false","2","16"
"svelte","style/lines-between-class-members","js-plugin-candidate","","false","2","16"
"svelte","style/max-statements-per-line","js-plugin-candidate","","false","2","16"
"svelte","style/member-delimiter-style","js-plugin-candidate","","false","2","16"
"svelte","style/multiline-ternary","js-plugin-candidate","","false","2","16"
"svelte","style/new-parens","js-plugin-candidate","","false","2","16"
"svelte","style/no-extra-parens","js-plugin-candidate","","false","2","16"
"svelte","style/no-floating-decimal","js-plugin-candidate","","false","2","16"
"svelte","style/no-mixed-operators","js-plugin-candidate","","false","2","16"
"svelte","style/no-mixed-spaces-and-tabs","js-plugin-candidate","","false","2","16"
"svelte","style/no-multi-spaces","js-plugin-candidate","","false","2","16"
"svelte","style/no-multiple-empty-lines","js-plugin-candidate","","false","2","16"
"svelte","style/no-tabs","js-plugin-candidate","","false","2","16"
"svelte","style/no-trailing-spaces","js-plugin-candidate","","false","2","15"
"svelte","style/no-whitespace-before-property","js-plugin-candidate","","false","2","16"
"svelte","style/object-curly-spacing","js-plugin-candidate","","false","2","16"
"svelte","style/operator-linebreak","js-plugin-candidate","","false","2","16"
"svelte","style/padded-blocks","js-plugin-candidate","","false","2","16"
"svelte","style/quote-props","js-plugin-candidate","","false","2","16"
"svelte","style/quotes","js-plugin-candidate","","false","2","16"
"svelte","style/rest-spread-spacing","js-plugin-candidate","","false","2","16"
"svelte","style/semi","js-plugin-candidate","","false","2","16"
"svelte","style/semi-spacing","js-plugin-candidate","","false","2","16"
"svelte","style/space-before-blocks","js-plugin-candidate","","false","2","16"
"svelte","style/space-before-function-paren","js-plugin-candidate","","false","2","16"
"svelte","style/space-in-parens","js-plugin-candidate","","false","2","16"
"svelte","style/space-infix-ops","js-plugin-candidate","","false","2","16"
"svelte","style/space-unary-ops","js-plugin-candidate","","false","2","16"
"svelte","style/spaced-comment","js-plugin-candidate","","false","2","14"
"svelte","style/template-curly-spacing","js-plugin-candidate","","false","2","16"
"svelte","style/template-tag-spacing","js-plugin-candidate","","false","2","16"
"svelte","style/type-annotation-spacing","js-plugin-candidate","","false","2","16"
"svelte","style/type-generic-spacing","js-plugin-candidate","","false","2","16"
"svelte","style/type-named-tuple-spacing","js-plugin-candidate","","false","2","16"
"svelte","style/wrap-iife","js-plugin-candidate","","false","2","16"
"svelte","style/yield-star-spacing","js-plugin-candidate","","false","2","16"
"svelte","svelte/comment-directive","eslint-fallback","","false","1","1"
"svelte","svelte/derived-has-same-inputs-outputs","eslint-fallback","","false","1","1"
"svelte","svelte/html-closing-bracket-spacing","eslint-fallback","","false","1","1"
"svelte","svelte/html-quotes","eslint-fallback","","false","1","1"
"svelte","svelte/indent","eslint-fallback","","false","1","1"
"svelte","svelte/infinite-reactive-loop","eslint-fallback","","false","1","1"
"svelte","svelte/mustache-spacing","eslint-fallback","","false","1","1"
"svelte","svelte/no-at-debug-tags","eslint-fallback","","false","1","1"
"svelte","svelte/no-at-html-tags","eslint-fallback","","false","1","1"
"svelte","svelte/no-dom-manipulating","eslint-fallback","","false","1","1"
"svelte","svelte/no-dupe-else-if-blocks","eslint-fallback","","false","1","1"
"svelte","svelte/no-dupe-on-directives","eslint-fallback","","false","1","1"
"svelte","svelte/no-dupe-style-properties","eslint-fallback","","false","1","1"
"svelte","svelte/no-dupe-use-directives","eslint-fallback","","false","1","1"
"svelte","svelte/no-export-load-in-svelte-module-in-kit-pages","eslint-fallback","","false","1","1"
"svelte","svelte/no-immutable-reactive-statements","eslint-fallback","","false","1","1"
"svelte","svelte/no-inner-declarations","eslint-fallback","","false","1","1"
"svelte","svelte/no-inspect","eslint-fallback","","false","1","1"
"svelte","svelte/no-navigation-without-resolve","eslint-fallback","","false","1","1"
"svelte","svelte/no-not-function-handler","eslint-fallback","","false","1","1"
"svelte","svelte/no-object-in-text-mustaches","eslint-fallback","","false","1","1"
"svelte","svelte/no-raw-special-elements","eslint-fallback","","false","1","1"
"svelte","svelte/no-reactive-functions","eslint-fallback","","false","1","1"
"svelte","svelte/no-reactive-literals","eslint-fallback","","false","1","1"
"svelte","svelte/no-reactive-reassign","eslint-fallback","","false","1","1"
"svelte","svelte/no-shorthand-style-property-overrides","eslint-fallback","","false","1","1"
"svelte","svelte/no-spaces-around-equal-signs-in-attribute","eslint-fallback","","false","1","1"
"svelte","svelte/no-store-async","eslint-fallback","","false","1","1"
"svelte","svelte/no-svelte-internal","eslint-fallback","","false","1","1"
"svelte","svelte/no-trailing-spaces","eslint-fallback","","false","1","1"
"svelte","svelte/no-unknown-style-directive-property","eslint-fallback","","false","1","1"
"svelte","svelte/no-unnecessary-state-wrap","eslint-fallback","","false","1","1"
"svelte","svelte/no-unused-props","eslint-fallback","","false","1","1"
"svelte","svelte/no-unused-svelte-ignore","eslint-fallback","","false","1","1"
"svelte","svelte/no-useless-children-snippet","eslint-fallback","","false","1","1"
"svelte","svelte/no-useless-mustaches","eslint-fallback","","false","1","1"
"svelte","svelte/prefer-svelte-reactivity","eslint-fallback","","false","1","1"
"svelte","svelte/prefer-writable-derived","eslint-fallback","","false","1","1"
"svelte","svelte/require-each-key","eslint-fallback","","false","1","1"
"svelte","svelte/require-event-dispatcher-types","eslint-fallback","","false","1","1"
"svelte","svelte/require-store-reactive-access","eslint-fallback","","false","1","1"
"svelte","svelte/spaced-html-comment","eslint-fallback","","false","1","1"
"svelte","svelte/system","eslint-fallback","","false","1","1"
"svelte","svelte/valid-each-key","eslint-fallback","","false","1","1"
"svelte","svelte/valid-prop-names-in-kit-pages","eslint-fallback","","false","1","1"
"svelte","symbol-description","native-candidate","eslint/symbol-description","false","2","16"
"svelte","test/consistent-test-it","native-candidate","vitest/consistent-test-it","false","1","1"
"svelte","test/no-identical-title","native-candidate","vitest/no-identical-title","false","1","1"
"svelte","test/no-import-node-test","native-candidate","vitest/no-import-node-test","false","1","1"
"svelte","test/no-only-tests","js-plugin-candidate","","false","1","1"
"svelte","test/prefer-hooks-in-order","native-candidate","vitest/prefer-hooks-in-order","false","1","1"
"svelte","test/prefer-lowercase-title","native-candidate","vitest/prefer-lowercase-title","false","1","1"
"svelte","toml/array-bracket-newline","eslint-fallback","","false","1","1"
"svelte","toml/array-bracket-spacing","eslint-fallback","","false","1","1"
"svelte","toml/array-element-newline","eslint-fallback","","false","1","1"
"svelte","toml/comma-style","eslint-fallback","","false","1","1"
"svelte","toml/indent","eslint-fallback","","false","1","1"
"svelte","toml/inline-table-curly-spacing","eslint-fallback","","false","1","1"
"svelte","toml/key-spacing","eslint-fallback","","false","1","1"
"svelte","toml/keys-order","eslint-fallback","","false","1","1"
"svelte","toml/no-space-dots","eslint-fallback","","false","1","1"
"svelte","toml/no-unreadable-number-separator","eslint-fallback","","false","1","1"
"svelte","toml/padding-line-between-pairs","eslint-fallback","","false","1","1"
"svelte","toml/padding-line-between-tables","eslint-fallback","","false","1","1"
"svelte","toml/precision-of-fractional-seconds","eslint-fallback","","false","1","1"
"svelte","toml/precision-of-integer","eslint-fallback","","false","1","1"
"svelte","toml/quoted-keys","eslint-fallback","","false","1","1"
"svelte","toml/spaced-comment","eslint-fallback","","false","1","1"
"svelte","toml/table-bracket-spacing","eslint-fallback","","false","1","1"
"svelte","toml/tables-order","eslint-fallback","","false","1","1"
"svelte","toml/vue-custom-block/no-parsing-error","eslint-fallback","","false","1","1"
"svelte","ts/ban-ts-comment","native-candidate","typescript/ban-ts-comment","false","1","5"
"svelte","ts/consistent-type-definitions","native-candidate","typescript/consistent-type-definitions","false","1","5"
"svelte","ts/consistent-type-imports","native-candidate","typescript/consistent-type-imports","false","1","5"
"svelte","ts/method-signature-style","native-candidate","typescript/method-signature-style","false","1","5"
"svelte","ts/no-array-constructor","js-plugin-candidate","","false","1","5"
"svelte","ts/no-dupe-class-members","js-plugin-candidate","","false","1","5"
"svelte","ts/no-duplicate-enum-values","native-candidate","typescript/no-duplicate-enum-values","false","1","5"
"svelte","ts/no-empty-object-type","native-candidate","typescript/no-empty-object-type","false","1","5"
"svelte","ts/no-extra-non-null-assertion","native-candidate","typescript/no-extra-non-null-assertion","false","1","5"
"svelte","ts/no-import-type-side-effects","native-candidate","typescript/no-import-type-side-effects","false","1","5"
"svelte","ts/no-misused-new","native-candidate","typescript/no-misused-new","false","1","5"
"svelte","ts/no-namespace","native-candidate","typescript/no-namespace","false","1","5"
"svelte","ts/no-non-null-asserted-nullish-coalescing","native-candidate","typescript/no-non-null-asserted-nullish-coalescing","false","1","5"
"svelte","ts/no-non-null-asserted-optional-chain","native-candidate","typescript/no-non-null-asserted-optional-chain","false","1","5"
"svelte","ts/no-redeclare","js-plugin-candidate","","false","1","5"
"svelte","ts/no-require-imports","native-candidate","typescript/no-require-imports","false","1","5"
"svelte","ts/no-this-alias","native-candidate","typescript/no-this-alias","false","1","5"
"svelte","ts/no-unnecessary-type-constraint","native-candidate","typescript/no-unnecessary-type-constraint","false","1","5"
"svelte","ts/no-unsafe-declaration-merging","native-candidate","typescript/no-unsafe-declaration-merging","false","1","5"
"svelte","ts/no-unsafe-function-type","native-candidate","typescript/no-unsafe-function-type","false","1","5"
"svelte","ts/no-unused-expressions","js-plugin-candidate","","false","1","5"
"svelte","ts/no-use-before-define","js-plugin-candidate","","false","1","5"
"svelte","ts/no-wrapper-object-types","native-candidate","typescript/no-wrapper-object-types","false","1","5"
"svelte","ts/prefer-as-const","native-candidate","typescript/prefer-as-const","false","1","5"
"svelte","ts/prefer-literal-enum-member","native-candidate","typescript/prefer-literal-enum-member","false","1","5"
"svelte","ts/prefer-namespace-keyword","native-candidate","typescript/prefer-namespace-keyword","false","1","5"
"svelte","unicode-bom","native-candidate","eslint/unicode-bom","false","2","16"
"svelte","unicorn/consistent-empty-array-spread","native-candidate","unicorn/consistent-empty-array-spread","false","1","9"
"svelte","unicorn/error-message","native-candidate","unicorn/error-message","false","1","9"
"svelte","unicorn/escape-case","native-candidate","unicorn/escape-case","false","1","9"
"svelte","unicorn/new-for-builtins","native-candidate","unicorn/new-for-builtins","false","1","9"
"svelte","unicorn/no-instanceof-builtins","native-candidate","unicorn/no-instanceof-builtins","false","1","9"
"svelte","unicorn/no-new-array","native-candidate","unicorn/no-new-array","false","1","9"
"svelte","unicorn/no-new-buffer","native-candidate","unicorn/no-new-buffer","false","1","9"
"svelte","unicorn/number-literal-case","native-candidate","unicorn/number-literal-case","false","1","9"
"svelte","unicorn/prefer-dom-node-text-content","native-candidate","unicorn/prefer-dom-node-text-content","false","1","9"
"svelte","unicorn/prefer-includes","native-candidate","unicorn/prefer-includes","false","1","9"
"svelte","unicorn/prefer-node-protocol","native-candidate","unicorn/prefer-node-protocol","false","1","9"
"svelte","unicorn/prefer-number-properties","native-candidate","unicorn/prefer-number-properties","false","1","9"
"svelte","unicorn/prefer-string-starts-ends-with","native-candidate","unicorn/prefer-string-starts-ends-with","false","1","9"
"svelte","unicorn/prefer-type-error","native-candidate","unicorn/prefer-type-error","false","1","9"
"svelte","unicorn/throw-new-error","native-candidate","unicorn/throw-new-error","false","1","9"
"svelte","unused-imports/no-unused-imports","js-plugin-candidate","","false","2","16"
"svelte","unused-imports/no-unused-vars","js-plugin-candidate","","false","3","15"
"svelte","use-isnan","native-candidate","eslint/use-isnan","false","2","16"
"svelte","valid-typeof","native-candidate","eslint/valid-typeof","false","2","16"
"svelte","vars-on-top","native-candidate","eslint/vars-on-top","false","2","16"
"svelte","yaml/block-mapping","eslint-fallback","","false","1","1"
"svelte","yaml/block-mapping-question-indicator-newline","eslint-fallback","","false","1","1"
"svelte","yaml/block-sequence","eslint-fallback","","false","1","1"
"svelte","yaml/block-sequence-hyphen-indicator-newline","eslint-fallback","","false","1","1"
"svelte","yaml/flow-mapping-curly-newline","eslint-fallback","","false","1","1"
"svelte","yaml/flow-mapping-curly-spacing","eslint-fallback","","false","1","1"
"svelte","yaml/flow-sequence-bracket-newline","eslint-fallback","","false","1","1"
"svelte","yaml/flow-sequence-bracket-spacing","eslint-fallback","","false","1","1"
"svelte","yaml/indent","eslint-fallback","","false","1","1"
"svelte","yaml/key-spacing","eslint-fallback","","false","1","1"
"svelte","yaml/no-empty-key","eslint-fallback","","false","1","1"
"svelte","yaml/no-empty-sequence-entry","eslint-fallback","","false","1","1"
"svelte","yaml/no-irregular-whitespace","eslint-fallback","","false","1","1"
"svelte","yaml/no-multiple-empty-lines","eslint-fallback","","false","1","1"
"svelte","yaml/no-tab-indent","eslint-fallback","","false","1","1"
"svelte","yaml/plain-scalar","eslint-fallback","","false","1","1"
"svelte","yaml/quotes","eslint-fallback","","false","1","1"
"svelte","yaml/spaced-comment","eslint-fallback","","false","1","1"
"svelte","yaml/vue-custom-block/no-parsing-error","eslint-fallback","","false","1","1"
"svelte","yoda","native-candidate","eslint/yoda","false","2","16"
"astro","accessor-pairs","native-candidate","eslint/accessor-pairs","false","2","16"
"astro","antfu/consistent-chaining","js-plugin-candidate","","false","2","16"
"astro","antfu/consistent-list-newline","js-plugin-candidate","","false","2","16"
"astro","antfu/curly","js-plugin-candidate","","false","2","16"
"astro","antfu/if-newline","js-plugin-candidate","","false","2","16"
"astro","antfu/import-dedupe","js-plugin-candidate","","false","2","16"
"astro","antfu/no-import-dist","js-plugin-candidate","","false","2","15"
"astro","antfu/no-import-node-modules-by-path","js-plugin-candidate","","false","2","15"
"astro","antfu/no-top-level-await","js-plugin-candidate","","false","2","11"
"astro","antfu/top-level-function","js-plugin-candidate","","false","2","16"
"astro","array-callback-return","native-candidate","eslint/array-callback-return","false","2","16"
"astro","astro/missing-client-only-directive-value","eslint-fallback","","false","1","1"
"astro","astro/no-conflict-set-directives","eslint-fallback","","false","1","1"
"astro","astro/no-deprecated-astro-canonicalurl","eslint-fallback","","false","1","1"
"astro","astro/no-deprecated-astro-fetchcontent","eslint-fallback","","false","1","1"
"astro","astro/no-deprecated-astro-resolve","eslint-fallback","","false","1","1"
"astro","astro/no-deprecated-getentrybyslug","eslint-fallback","","false","1","1"
"astro","astro/no-unused-define-vars-in-style","eslint-fallback","","false","1","1"
"astro","astro/valid-compile","eslint-fallback","","false","1","1"
"astro","block-scoped-var","native-candidate","eslint/block-scoped-var","false","2","16"
"astro","command/command","js-plugin-candidate","","false","2","16"
"astro","constructor-super","native-candidate","eslint/constructor-super","false","2","11"
"astro","default-case-last","native-candidate","eslint/default-case-last","false","2","16"
"astro","dot-notation","js-plugin-candidate","","false","2","16"
"astro","e18e/prefer-array-fill","js-plugin-candidate","","false","2","16"
"astro","e18e/prefer-array-some","js-plugin-candidate","","false","2","16"
"astro","e18e/prefer-date-now","js-plugin-candidate","","false","2","16"
"astro","e18e/prefer-includes","js-plugin-candidate","","false","2","16"
"astro","e18e/prefer-nullish-coalescing","js-plugin-candidate","","false","2","16"
"astro","e18e/prefer-object-has-own","js-plugin-candidate","","false","2","16"
"astro","e18e/prefer-regex-test","js-plugin-candidate","","false","2","16"
"astro","e18e/prefer-string-fromcharcode","js-plugin-candidate","","false","2","16"
"astro","e18e/prefer-timer-args","js-plugin-candidate","","false","2","16"
"astro","e18e/prefer-url-canparse","js-plugin-candidate","","false","2","16"
"astro","eqeqeq","native-candidate","eslint/eqeqeq","false","2","16"
"astro","eslint-comments/no-aggregating-enable","js-plugin-candidate","","false","2","16"
"astro","eslint-comments/no-duplicate-disable","js-plugin-candidate","","false","2","16"
"astro","eslint-comments/no-unlimited-disable","js-plugin-candidate","","false","2","15"
"astro","eslint-comments/no-unused-enable","js-plugin-candidate","","false","2","16"
"astro","import/consistent-type-specifier-style","js-plugin-candidate","","false","2","16"
"astro","import/first","js-plugin-candidate","","false","2","16"
"astro","import/newline-after-import","js-plugin-candidate","","false","2","16"
"astro","import/no-duplicates","js-plugin-candidate","","false","2","16"
"astro","import/no-mutable-exports","js-plugin-candidate","","false","2","16"
"astro","import/no-named-default","js-plugin-candidate","","false","2","16"
"astro","jsdoc/check-access","native-candidate","jsdoc/check-access","false","1","9"
"astro","jsdoc/check-alignment","js-plugin-candidate","","false","1","9"
"astro","jsdoc/check-param-names","js-plugin-candidate","","false","1","9"
"astro","jsdoc/check-property-names","native-candidate","jsdoc/check-property-names","false","1","9"
"astro","jsdoc/check-types","js-plugin-candidate","","false","1","9"
"astro","jsdoc/empty-tags","native-candidate","jsdoc/empty-tags","false","1","9"
"astro","jsdoc/implements-on-classes","native-candidate","jsdoc/implements-on-classes","false","1","9"
"astro","jsdoc/multiline-blocks","js-plugin-candidate","","false","1","9"
"astro","jsdoc/no-defaults","native-candidate","jsdoc/no-defaults","false","1","9"
"astro","jsdoc/no-multi-asterisks","js-plugin-candidate","","false","1","9"
"astro","jsdoc/require-param-name","native-candidate","jsdoc/require-param-name","false","1","9"
"astro","jsdoc/require-property","native-candidate","jsdoc/require-property","false","1","9"
"astro","jsdoc/require-property-description","native-candidate","jsdoc/require-property-description","false","1","9"
"astro","jsdoc/require-property-name","native-candidate","jsdoc/require-property-name","false","1","9"
"astro","jsdoc/require-returns-check","js-plugin-candidate","","false","1","9"
"astro","jsdoc/require-returns-description","native-candidate","jsdoc/require-returns-description","false","1","9"
"astro","jsdoc/require-yields-check","js-plugin-candidate","","false","1","9"
"astro","jsonc/array-bracket-spacing","eslint-fallback","","false","1","4"
"astro","jsonc/comma-dangle","eslint-fallback","","false","1","4"
"astro","jsonc/comma-style","eslint-fallback","","false","1","4"
"astro","jsonc/indent","eslint-fallback","","false","1","4"
"astro","jsonc/key-spacing","eslint-fallback","","false","1","4"
"astro","jsonc/no-bigint-literals","eslint-fallback","","false","1","4"
"astro","jsonc/no-binary-expression","eslint-fallback","","false","1","4"
"astro","jsonc/no-binary-numeric-literals","eslint-fallback","","false","1","4"
"astro","jsonc/no-dupe-keys","eslint-fallback","","false","1","4"
"astro","jsonc/no-escape-sequence-in-identifier","eslint-fallback","","false","1","4"
"astro","jsonc/no-floating-decimal","eslint-fallback","","false","1","4"
"astro","jsonc/no-hexadecimal-numeric-literals","eslint-fallback","","false","1","4"
"astro","jsonc/no-infinity","eslint-fallback","","false","1","4"
"astro","jsonc/no-multi-str","eslint-fallback","","false","1","4"
"astro","jsonc/no-nan","eslint-fallback","","false","1","4"
"astro","jsonc/no-number-props","eslint-fallback","","false","1","4"
"astro","jsonc/no-numeric-separators","eslint-fallback","","false","1","4"
"astro","jsonc/no-octal","eslint-fallback","","false","1","4"
"astro","jsonc/no-octal-escape","eslint-fallback","","false","1","4"
"astro","jsonc/no-octal-numeric-literals","eslint-fallback","","false","1","4"
"astro","jsonc/no-parenthesized","eslint-fallback","","false","1","4"
"astro","jsonc/no-plus-sign","eslint-fallback","","false","1","4"
"astro","jsonc/no-regexp-literals","eslint-fallback","","false","1","4"
"astro","jsonc/no-sparse-arrays","eslint-fallback","","false","1","4"
"astro","jsonc/no-template-literals","eslint-fallback","","false","1","4"
"astro","jsonc/no-undefined-value","eslint-fallback","","false","1","4"
"astro","jsonc/no-unicode-codepoint-escapes","eslint-fallback","","false","1","4"
"astro","jsonc/no-useless-escape","eslint-fallback","","false","1","4"
"astro","jsonc/object-curly-newline","eslint-fallback","","false","1","4"
"astro","jsonc/object-curly-spacing","eslint-fallback","","false","1","4"
"astro","jsonc/object-property-newline","eslint-fallback","","false","1","4"
"astro","jsonc/quote-props","eslint-fallback","","false","1","4"
"astro","jsonc/quotes","eslint-fallback","","false","1","4"
"astro","jsonc/sort-array-values","eslint-fallback","","false","1","1"
"astro","jsonc/sort-keys","eslint-fallback","","false","2","2"
"astro","jsonc/space-unary-ops","eslint-fallback","","false","1","4"
"astro","jsonc/valid-json-number","eslint-fallback","","false","1","4"
"astro","jsonc/vue-custom-block/no-parsing-error","eslint-fallback","","false","1","4"
"astro","markdown/heading-increment","eslint-fallback","","false","1","1"
"astro","markdown/no-duplicate-definitions","eslint-fallback","","false","1","1"
"astro","markdown/no-empty-definitions","eslint-fallback","","false","1","1"
"astro","markdown/no-empty-images","eslint-fallback","","false","1","1"
"astro","markdown/no-empty-links","eslint-fallback","","false","1","1"
"astro","markdown/no-invalid-label-refs","eslint-fallback","","false","1","1"
"astro","markdown/no-missing-atx-heading-space","eslint-fallback","","false","1","1"
"astro","markdown/no-missing-link-fragments","eslint-fallback","","false","1","1"
"astro","markdown/no-multiple-h1","eslint-fallback","","false","1","1"
"astro","markdown/no-reference-like-urls","eslint-fallback","","false","1","1"
"astro","markdown/no-reversed-media-syntax","eslint-fallback","","false","1","1"
"astro","markdown/no-space-in-emphasis","eslint-fallback","","false","1","1"
"astro","markdown/no-unused-definitions","eslint-fallback","","false","1","1"
"astro","markdown/require-alt-text","eslint-fallback","","false","1","1"
"astro","markdown/table-column-count","eslint-fallback","","false","1","1"
"astro","new-cap","native-candidate","eslint/new-cap","false","2","16"
"astro","no-alert","native-candidate","eslint/no-alert","false","2","16"
"astro","no-array-constructor","native-candidate","eslint/no-array-constructor","false","2","11"
"astro","no-async-promise-executor","native-candidate","eslint/no-async-promise-executor","false","2","16"
"astro","no-caller","native-candidate","eslint/no-caller","false","2","16"
"astro","no-case-declarations","native-candidate","eslint/no-case-declarations","false","2","16"
"astro","no-class-assign","native-candidate","eslint/no-class-assign","false","2","11"
"astro","no-compare-neg-zero","native-candidate","eslint/no-compare-neg-zero","false","2","16"
"astro","no-cond-assign","native-candidate","eslint/no-cond-assign","false","2","16"
"astro","no-console","native-candidate","eslint/no-console","false","2","13"
"astro","no-const-assign","native-candidate","eslint/no-const-assign","false","2","11"
"astro","no-control-regex","native-candidate","eslint/no-control-regex","false","2","16"
"astro","no-debugger","native-candidate","eslint/no-debugger","false","2","16"
"astro","no-delete-var","native-candidate","eslint/no-delete-var","false","2","16"
"astro","no-dupe-args","js-plugin-candidate","","false","2","11"
"astro","no-dupe-class-members","native-candidate","eslint/no-dupe-class-members","false","2","11"
"astro","no-dupe-keys","native-candidate","eslint/no-dupe-keys","false","2","11"
"astro","no-duplicate-case","native-candidate","eslint/no-duplicate-case","false","2","16"
"astro","no-empty","native-candidate","eslint/no-empty","false","2","16"
"astro","no-empty-pattern","native-candidate","eslint/no-empty-pattern","false","2","16"
"astro","no-eval","native-candidate","eslint/no-eval","false","2","16"
"astro","no-ex-assign","native-candidate","eslint/no-ex-assign","false","2","16"
"astro","no-extend-native","native-candidate","eslint/no-extend-native","false","2","16"
"astro","no-extra-bind","native-candidate","eslint/no-extra-bind","false","2","16"
"astro","no-extra-boolean-cast","native-candidate","eslint/no-extra-boolean-cast","false","2","16"
"astro","no-fallthrough","native-candidate","eslint/no-fallthrough","false","2","16"
"astro","no-func-assign","native-candidate","eslint/no-func-assign","false","2","11"
"astro","no-global-assign","native-candidate","eslint/no-global-assign","false","2","16"
"astro","no-implied-eval","native-candidate","eslint/no-implied-eval","false","2","16"
"astro","no-import-assign","native-candidate","eslint/no-import-assign","false","2","11"
"astro","no-irregular-whitespace","native-candidate","eslint/no-irregular-whitespace","false","2","16"
"astro","no-iterator","native-candidate","eslint/no-iterator","false","2","16"
"astro","no-labels","native-candidate","eslint/no-labels","false","2","16"
"astro","no-lone-blocks","native-candidate","eslint/no-lone-blocks","false","2","16"
"astro","no-loss-of-precision","native-candidate","eslint/no-loss-of-precision","false","2","16"
"astro","no-misleading-character-class","native-candidate","eslint/no-misleading-character-class","false","2","16"
"astro","no-multi-str","native-candidate","eslint/no-multi-str","false","2","16"
"astro","no-new","native-candidate","eslint/no-new","false","2","16"
"astro","no-new-func","native-candidate","eslint/no-new-func","false","2","16"
"astro","no-new-native-nonconstructor","native-candidate","eslint/no-new-native-nonconstructor","false","2","11"
"astro","no-new-wrappers","native-candidate","eslint/no-new-wrappers","false","2","16"
"astro","no-obj-calls","native-candidate","eslint/no-obj-calls","false","2","11"
"astro","no-octal","js-plugin-candidate","","false","2","16"
"astro","no-octal-escape","js-plugin-candidate","","false","2","16"
"astro","no-proto","native-candidate","eslint/no-proto","false","2","16"
"astro","no-prototype-builtins","native-candidate","eslint/no-prototype-builtins","false","2","16"
"astro","no-redeclare","native-candidate","eslint/no-redeclare","false","2","11"
"astro","no-regex-spaces","native-candidate","eslint/no-regex-spaces","false","2","16"
"astro","no-restricted-globals","native-candidate","eslint/no-restricted-globals","false","2","16"
"astro","no-restricted-properties","native-candidate","eslint/no-restricted-properties","false","2","16"
"astro","no-restricted-syntax","js-plugin-candidate","","false","2","15"
"astro","no-self-assign","native-candidate","eslint/no-self-assign","false","2","16"
"astro","no-self-compare","native-candidate","eslint/no-self-compare","false","2","16"
"astro","no-sequences","native-candidate","eslint/no-sequences","false","2","16"
"astro","no-shadow-restricted-names","native-candidate","eslint/no-shadow-restricted-names","false","2","16"
"astro","no-sparse-arrays","native-candidate","eslint/no-sparse-arrays","false","2","16"
"astro","no-template-curly-in-string","native-candidate","eslint/no-template-curly-in-string","false","2","16"
"astro","no-this-before-super","native-candidate","eslint/no-this-before-super","false","2","11"
"astro","no-throw-literal","native-candidate","eslint/no-throw-literal","false","2","16"
"astro","no-undef","native-candidate","eslint/no-undef","false","2","11"
"astro","no-undef-init","js-plugin-candidate","","false","2","16"
"astro","no-unexpected-multiline","native-candidate","eslint/no-unexpected-multiline","false","2","16"
"astro","no-unmodified-loop-condition","native-candidate","eslint/no-unmodified-loop-condition","false","2","16"
"astro","no-unneeded-ternary","native-candidate","eslint/no-unneeded-ternary","false","2","16"
"astro","no-unreachable","native-candidate","eslint/no-unreachable","false","2","11"
"astro","no-unreachable-loop","native-candidate","eslint/no-unreachable-loop","false","2","16"
"astro","no-unsafe-finally","native-candidate","eslint/no-unsafe-finally","false","2","16"
"astro","no-unsafe-negation","native-candidate","eslint/no-unsafe-negation","false","2","11"
"astro","no-unused-expressions","native-candidate","eslint/no-unused-expressions","false","2","11"
"astro","no-unused-vars","native-candidate","eslint/no-unused-vars","false","2","11"
"astro","no-use-before-define","native-candidate","eslint/no-use-before-define","false","2","11"
"astro","no-useless-call","native-candidate","eslint/no-useless-call","false","2","16"
"astro","no-useless-catch","native-candidate","eslint/no-useless-catch","false","2","16"
"astro","no-useless-computed-key","native-candidate","eslint/no-useless-computed-key","false","2","16"
"astro","no-useless-constructor","native-candidate","eslint/no-useless-constructor","false","2","11"
"astro","no-useless-rename","native-candidate","eslint/no-useless-rename","false","2","16"
"astro","no-useless-return","native-candidate","eslint/no-useless-return","false","2","16"
"astro","no-var","native-candidate","eslint/no-var","false","2","16"
"astro","no-with","native-candidate","eslint/no-with","false","2","11"
"astro","node/handle-callback-err","native-candidate","node/handle-callback-err","false","1","9"
"astro","node/no-deprecated-api","js-plugin-candidate","","false","1","9"
"astro","node/no-exports-assign","native-candidate","node/no-exports-assign","false","1","9"
"astro","node/no-new-require","native-candidate","node/no-new-require","false","1","9"
"astro","node/no-path-concat","native-candidate","node/no-path-concat","false","1","9"
"astro","node/prefer-global/buffer","js-plugin-candidate","","false","1","9"
"astro","node/prefer-global/process","js-plugin-candidate","","false","1","8"
"astro","node/process-exit-as-throw","js-plugin-candidate","","false","1","9"
"astro","object-shorthand","native-candidate","eslint/object-shorthand","false","2","16"
"astro","one-var","native-candidate","eslint/one-var","false","2","16"
"astro","perfectionist/sort-exports","js-plugin-candidate","","false","2","16"
"astro","perfectionist/sort-imports","js-plugin-candidate","","false","2","16"
"astro","perfectionist/sort-named-exports","js-plugin-candidate","","false","2","16"
"astro","perfectionist/sort-named-imports","js-plugin-candidate","","false","2","16"
"astro","prefer-arrow-callback","native-candidate","eslint/prefer-arrow-callback","false","2","16"
"astro","prefer-const","native-candidate","eslint/prefer-const","false","2","16"
"astro","prefer-exponentiation-operator","native-candidate","eslint/prefer-exponentiation-operator","false","2","16"
"astro","prefer-promise-reject-errors","native-candidate","eslint/prefer-promise-reject-errors","false","2","16"
"astro","prefer-regex-literals","native-candidate","eslint/prefer-regex-literals","false","2","16"
"astro","prefer-rest-params","native-candidate","eslint/prefer-rest-params","false","2","16"
"astro","prefer-spread","native-candidate","eslint/prefer-spread","false","2","16"
"astro","prefer-template","native-candidate","eslint/prefer-template","false","2","16"
"astro","regexp/confusing-quantifier","js-plugin-candidate","","false","2","16"
"astro","regexp/control-character-escape","js-plugin-candidate","","false","2","16"
"astro","regexp/match-any","js-plugin-candidate","","false","2","16"
"astro","regexp/negation","js-plugin-candidate","","false","2","16"
"astro","regexp/no-contradiction-with-assertion","js-plugin-candidate","","false","2","16"
"astro","regexp/no-dupe-characters-character-class","js-plugin-candidate","","false","2","16"
"astro","regexp/no-dupe-disjunctions","js-plugin-candidate","","false","2","16"
"astro","regexp/no-empty-alternative","js-plugin-candidate","","false","2","16"
"astro","regexp/no-empty-capturing-group","js-plugin-candidate","","false","2","16"
"astro","regexp/no-empty-character-class","js-plugin-candidate","","false","2","16"
"astro","regexp/no-empty-group","js-plugin-candidate","","false","2","16"
"astro","regexp/no-empty-lookarounds-assertion","js-plugin-candidate","","false","2","16"
"astro","regexp/no-empty-string-literal","js-plugin-candidate","","false","2","16"
"astro","regexp/no-escape-backspace","js-plugin-candidate","","false","2","16"
"astro","regexp/no-extra-lookaround-assertions","js-plugin-candidate","","false","2","16"
"astro","regexp/no-invalid-regexp","js-plugin-candidate","","false","2","16"
"astro","regexp/no-invisible-character","js-plugin-candidate","","false","2","16"
"astro","regexp/no-lazy-ends","js-plugin-candidate","","false","2","16"
"astro","regexp/no-legacy-features","js-plugin-candidate","","false","2","16"
"astro","regexp/no-misleading-capturing-group","js-plugin-candidate","","false","2","16"
"astro","regexp/no-misleading-unicode-character","js-plugin-candidate","","false","2","16"
"astro","regexp/no-missing-g-flag","js-plugin-candidate","","false","2","16"
"astro","regexp/no-non-standard-flag","js-plugin-candidate","","false","2","16"
"astro","regexp/no-obscure-range","js-plugin-candidate","","false","2","16"
"astro","regexp/no-optional-assertion","js-plugin-candidate","","false","2","16"
"astro","regexp/no-potentially-useless-backreference","js-plugin-candidate","","false","2","16"
"astro","regexp/no-super-linear-backtracking","js-plugin-candidate","","false","2","16"
"astro","regexp/no-trivially-nested-assertion","js-plugin-candidate","","false","2","16"
"astro","regexp/no-trivially-nested-quantifier","js-plugin-candidate","","false","2","16"
"astro","regexp/no-unused-capturing-group","js-plugin-candidate","","false","2","16"
"astro","regexp/no-useless-assertions","js-plugin-candidate","","false","2","16"
"astro","regexp/no-useless-backreference","js-plugin-candidate","","false","2","16"
"astro","regexp/no-useless-character-class","js-plugin-candidate","","false","2","16"
"astro","regexp/no-useless-dollar-replacements","js-plugin-candidate","","false","2","16"
"astro","regexp/no-useless-escape","js-plugin-candidate","","false","2","16"
"astro","regexp/no-useless-flag","js-plugin-candidate","","false","2","16"
"astro","regexp/no-useless-lazy","js-plugin-candidate","","false","2","16"
"astro","regexp/no-useless-non-capturing-group","js-plugin-candidate","","false","2","16"
"astro","regexp/no-useless-quantifier","js-plugin-candidate","","false","2","16"
"astro","regexp/no-useless-range","js-plugin-candidate","","false","2","16"
"astro","regexp/no-useless-set-operand","js-plugin-candidate","","false","2","16"
"astro","regexp/no-useless-string-literal","js-plugin-candidate","","false","2","16"
"astro","regexp/no-useless-two-nums-quantifier","js-plugin-candidate","","false","2","16"
"astro","regexp/no-zero-quantifier","js-plugin-candidate","","false","2","16"
"astro","regexp/optimal-lookaround-quantifier","js-plugin-candidate","","false","2","16"
"astro","regexp/optimal-quantifier-concatenation","js-plugin-candidate","","false","2","16"
"astro","regexp/prefer-character-class","js-plugin-candidate","","false","2","16"
"astro","regexp/prefer-d","js-plugin-candidate","","false","2","16"
"astro","regexp/prefer-plus-quantifier","js-plugin-candidate","","false","2","16"
"astro","regexp/prefer-predefined-assertion","js-plugin-candidate","","false","2","16"
"astro","regexp/prefer-question-quantifier","js-plugin-candidate","","false","2","16"
"astro","regexp/prefer-range","js-plugin-candidate","","false","2","16"
"astro","regexp/prefer-set-operation","js-plugin-candidate","","false","2","16"
"astro","regexp/prefer-star-quantifier","js-plugin-candidate","","false","2","16"
"astro","regexp/prefer-unicode-codepoint-escapes","js-plugin-candidate","","false","2","16"
"astro","regexp/prefer-w","js-plugin-candidate","","false","2","16"
"astro","regexp/simplify-set-operations","js-plugin-candidate","","false","2","16"
"astro","regexp/sort-flags","js-plugin-candidate","","false","2","16"
"astro","regexp/strict","js-plugin-candidate","","false","2","16"
"astro","regexp/use-ignore-case","js-plugin-candidate","","false","2","16"
"astro","style/array-bracket-spacing","js-plugin-candidate","","false","2","16"
"astro","style/arrow-parens","js-plugin-candidate","","false","2","16"
"astro","style/arrow-spacing","js-plugin-candidate","","false","2","16"
"astro","style/block-spacing","js-plugin-candidate","","false","2","16"
"astro","style/brace-style","js-plugin-candidate","","false","2","16"
"astro","style/comma-dangle","js-plugin-candidate","","false","2","16"
"astro","style/comma-spacing","js-plugin-candidate","","false","2","16"
"astro","style/comma-style","js-plugin-candidate","","false","2","16"
"astro","style/computed-property-spacing","js-plugin-candidate","","false","2","16"
"astro","style/dot-location","js-plugin-candidate","","false","2","16"
"astro","style/eol-last","js-plugin-candidate","","false","2","16"
"astro","style/generator-star-spacing","js-plugin-candidate","","false","2","16"
"astro","style/indent","js-plugin-candidate","","false","2","15"
"astro","style/indent-binary-ops","js-plugin-candidate","","false","2","16"
"astro","style/jsx-closing-bracket-location","js-plugin-candidate","","false","2","16"
"astro","style/jsx-closing-tag-location","js-plugin-candidate","","false","2","15"
"astro","style/jsx-curly-brace-presence","js-plugin-candidate","","false","2","16"
"astro","style/jsx-curly-newline","js-plugin-candidate","","false","2","16"
"astro","style/jsx-curly-spacing","js-plugin-candidate","","false","2","16"
"astro","style/jsx-equals-spacing","js-plugin-candidate","","false","2","16"
"astro","style/jsx-first-prop-new-line","js-plugin-candidate","","false","2","16"
"astro","style/jsx-function-call-newline","js-plugin-candidate","","false","2","16"
"astro","style/jsx-indent-props","js-plugin-candidate","","false","2","16"
"astro","style/jsx-max-props-per-line","js-plugin-candidate","","false","2","16"
"astro","style/jsx-one-expression-per-line","js-plugin-candidate","","false","2","15"
"astro","style/jsx-quotes","js-plugin-candidate","","false","2","16"
"astro","style/jsx-tag-spacing","js-plugin-candidate","","false","2","16"
"astro","style/jsx-wrap-multilines","js-plugin-candidate","","false","2","16"
"astro","style/key-spacing","js-plugin-candidate","","false","2","16"
"astro","style/keyword-spacing","js-plugin-candidate","","false","2","16"
"astro","style/lines-between-class-members","js-plugin-candidate","","false","2","16"
"astro","style/max-statements-per-line","js-plugin-candidate","","false","2","16"
"astro","style/member-delimiter-style","js-plugin-candidate","","false","2","16"
"astro","style/multiline-ternary","js-plugin-candidate","","false","2","16"
"astro","style/new-parens","js-plugin-candidate","","false","2","16"
"astro","style/no-extra-parens","js-plugin-candidate","","false","2","16"
"astro","style/no-floating-decimal","js-plugin-candidate","","false","2","16"
"astro","style/no-mixed-operators","js-plugin-candidate","","false","2","16"
"astro","style/no-mixed-spaces-and-tabs","js-plugin-candidate","","false","2","16"
"astro","style/no-multi-spaces","js-plugin-candidate","","false","2","16"
"astro","style/no-multiple-empty-lines","js-plugin-candidate","","false","2","15"
"astro","style/no-tabs","js-plugin-candidate","","false","2","16"
"astro","style/no-trailing-spaces","js-plugin-candidate","","false","2","16"
"astro","style/no-whitespace-before-property","js-plugin-candidate","","false","2","16"
"astro","style/object-curly-spacing","js-plugin-candidate","","false","2","16"
"astro","style/operator-linebreak","js-plugin-candidate","","false","2","16"
"astro","style/padded-blocks","js-plugin-candidate","","false","2","16"
"astro","style/quote-props","js-plugin-candidate","","false","2","16"
"astro","style/quotes","js-plugin-candidate","","false","2","16"
"astro","style/rest-spread-spacing","js-plugin-candidate","","false","2","16"
"astro","style/semi","js-plugin-candidate","","false","2","16"
"astro","style/semi-spacing","js-plugin-candidate","","false","2","16"
"astro","style/space-before-blocks","js-plugin-candidate","","false","2","16"
"astro","style/space-before-function-paren","js-plugin-candidate","","false","2","16"
"astro","style/space-in-parens","js-plugin-candidate","","false","2","16"
"astro","style/space-infix-ops","js-plugin-candidate","","false","2","16"
"astro","style/space-unary-ops","js-plugin-candidate","","false","2","16"
"astro","style/spaced-comment","js-plugin-candidate","","false","2","14"
"astro","style/template-curly-spacing","js-plugin-candidate","","false","2","16"
"astro","style/template-tag-spacing","js-plugin-candidate","","false","2","16"
"astro","style/type-annotation-spacing","js-plugin-candidate","","false","2","16"
"astro","style/type-generic-spacing","js-plugin-candidate","","false","2","16"
"astro","style/type-named-tuple-spacing","js-plugin-candidate","","false","2","16"
"astro","style/wrap-iife","js-plugin-candidate","","false","2","16"
"astro","style/yield-star-spacing","js-plugin-candidate","","false","2","16"
"astro","symbol-description","native-candidate","eslint/symbol-description","false","2","16"
"astro","test/consistent-test-it","native-candidate","vitest/consistent-test-it","false","1","1"
"astro","test/no-identical-title","native-candidate","vitest/no-identical-title","false","1","1"
"astro","test/no-import-node-test","native-candidate","vitest/no-import-node-test","false","1","1"
"astro","test/no-only-tests","js-plugin-candidate","","false","1","1"
"astro","test/prefer-hooks-in-order","native-candidate","vitest/prefer-hooks-in-order","false","1","1"
"astro","test/prefer-lowercase-title","native-candidate","vitest/prefer-lowercase-title","false","1","1"
"astro","toml/array-bracket-newline","eslint-fallback","","false","1","1"
"astro","toml/array-bracket-spacing","eslint-fallback","","false","1","1"
"astro","toml/array-element-newline","eslint-fallback","","false","1","1"
"astro","toml/comma-style","eslint-fallback","","false","1","1"
"astro","toml/indent","eslint-fallback","","false","1","1"
"astro","toml/inline-table-curly-spacing","eslint-fallback","","false","1","1"
"astro","toml/key-spacing","eslint-fallback","","false","1","1"
"astro","toml/keys-order","eslint-fallback","","false","1","1"
"astro","toml/no-space-dots","eslint-fallback","","false","1","1"
"astro","toml/no-unreadable-number-separator","eslint-fallback","","false","1","1"
"astro","toml/padding-line-between-pairs","eslint-fallback","","false","1","1"
"astro","toml/padding-line-between-tables","eslint-fallback","","false","1","1"
"astro","toml/precision-of-fractional-seconds","eslint-fallback","","false","1","1"
"astro","toml/precision-of-integer","eslint-fallback","","false","1","1"
"astro","toml/quoted-keys","eslint-fallback","","false","1","1"
"astro","toml/spaced-comment","eslint-fallback","","false","1","1"
"astro","toml/table-bracket-spacing","eslint-fallback","","false","1","1"
"astro","toml/tables-order","eslint-fallback","","false","1","1"
"astro","toml/vue-custom-block/no-parsing-error","eslint-fallback","","false","1","1"
"astro","ts/ban-ts-comment","native-candidate","typescript/ban-ts-comment","false","1","5"
"astro","ts/consistent-type-definitions","native-candidate","typescript/consistent-type-definitions","false","1","5"
"astro","ts/consistent-type-imports","native-candidate","typescript/consistent-type-imports","false","1","5"
"astro","ts/method-signature-style","native-candidate","typescript/method-signature-style","false","1","5"
"astro","ts/no-array-constructor","js-plugin-candidate","","false","1","5"
"astro","ts/no-dupe-class-members","js-plugin-candidate","","false","1","5"
"astro","ts/no-duplicate-enum-values","native-candidate","typescript/no-duplicate-enum-values","false","1","5"
"astro","ts/no-empty-object-type","native-candidate","typescript/no-empty-object-type","false","1","5"
"astro","ts/no-extra-non-null-assertion","native-candidate","typescript/no-extra-non-null-assertion","false","1","5"
"astro","ts/no-import-type-side-effects","native-candidate","typescript/no-import-type-side-effects","false","1","5"
"astro","ts/no-misused-new","native-candidate","typescript/no-misused-new","false","1","5"
"astro","ts/no-namespace","native-candidate","typescript/no-namespace","false","1","5"
"astro","ts/no-non-null-asserted-nullish-coalescing","native-candidate","typescript/no-non-null-asserted-nullish-coalescing","false","1","5"
"astro","ts/no-non-null-asserted-optional-chain","native-candidate","typescript/no-non-null-asserted-optional-chain","false","1","5"
"astro","ts/no-redeclare","js-plugin-candidate","","false","1","5"
"astro","ts/no-require-imports","native-candidate","typescript/no-require-imports","false","1","5"
"astro","ts/no-this-alias","native-candidate","typescript/no-this-alias","false","1","5"
"astro","ts/no-unnecessary-type-constraint","native-candidate","typescript/no-unnecessary-type-constraint","false","1","5"
"astro","ts/no-unsafe-declaration-merging","native-candidate","typescript/no-unsafe-declaration-merging","false","1","5"
"astro","ts/no-unsafe-function-type","native-candidate","typescript/no-unsafe-function-type","false","1","5"
"astro","ts/no-unused-expressions","js-plugin-candidate","","false","1","5"
"astro","ts/no-use-before-define","js-plugin-candidate","","false","1","5"
"astro","ts/no-wrapper-object-types","native-candidate","typescript/no-wrapper-object-types","false","1","5"
"astro","ts/prefer-as-const","native-candidate","typescript/prefer-as-const","false","1","5"
"astro","ts/prefer-literal-enum-member","native-candidate","typescript/prefer-literal-enum-member","false","1","5"
"astro","ts/prefer-namespace-keyword","native-candidate","typescript/prefer-namespace-keyword","false","1","5"
"astro","unicode-bom","native-candidate","eslint/unicode-bom","false","2","16"
"astro","unicorn/consistent-empty-array-spread","native-candidate","unicorn/consistent-empty-array-spread","false","1","9"
"astro","unicorn/error-message","native-candidate","unicorn/error-message","false","1","9"
"astro","unicorn/escape-case","native-candidate","unicorn/escape-case","false","1","9"
"astro","unicorn/new-for-builtins","native-candidate","unicorn/new-for-builtins","false","1","9"
"astro","unicorn/no-instanceof-builtins","native-candidate","unicorn/no-instanceof-builtins","false","1","9"
"astro","unicorn/no-new-array","native-candidate","unicorn/no-new-array","false","1","9"
"astro","unicorn/no-new-buffer","native-candidate","unicorn/no-new-buffer","false","1","9"
"astro","unicorn/number-literal-case","native-candidate","unicorn/number-literal-case","false","1","9"
"astro","unicorn/prefer-dom-node-text-content","native-candidate","unicorn/prefer-dom-node-text-content","false","1","9"
"astro","unicorn/prefer-includes","native-candidate","unicorn/prefer-includes","false","1","9"
"astro","unicorn/prefer-node-protocol","native-candidate","unicorn/prefer-node-protocol","false","1","9"
"astro","unicorn/prefer-number-properties","native-candidate","unicorn/prefer-number-properties","false","1","9"
"astro","unicorn/prefer-string-starts-ends-with","native-candidate","unicorn/prefer-string-starts-ends-with","false","1","9"
"astro","unicorn/prefer-type-error","native-candidate","unicorn/prefer-type-error","false","1","9"
"astro","unicorn/throw-new-error","native-candidate","unicorn/throw-new-error","false","1","9"
"astro","unused-imports/no-unused-imports","js-plugin-candidate","","false","2","16"
"astro","unused-imports/no-unused-vars","js-plugin-candidate","","false","2","15"
"astro","use-isnan","native-candidate","eslint/use-isnan","false","2","16"
"astro","valid-typeof","native-candidate","eslint/valid-typeof","false","2","16"
"astro","vars-on-top","native-candidate","eslint/vars-on-top","false","2","16"
"astro","yaml/block-mapping","eslint-fallback","","false","1","1"
"astro","yaml/block-mapping-question-indicator-newline","eslint-fallback","","false","1","1"
"astro","yaml/block-sequence","eslint-fallback","","false","1","1"
"astro","yaml/block-sequence-hyphen-indicator-newline","eslint-fallback","","false","1","1"
"astro","yaml/flow-mapping-curly-newline","eslint-fallback","","false","1","1"
"astro","yaml/flow-mapping-curly-spacing","eslint-fallback","","false","1","1"
"astro","yaml/flow-sequence-bracket-newline","eslint-fallback","","false","1","1"
"astro","yaml/flow-sequence-bracket-spacing","eslint-fallback","","false","1","1"
"astro","yaml/indent","eslint-fallback","","false","1","1"
"astro","yaml/key-spacing","eslint-fallback","","false","1","1"
"astro","yaml/no-empty-key","eslint-fallback","","false","1","1"
"astro","yaml/no-empty-sequence-entry","eslint-fallback","","false","1","1"
"astro","yaml/no-irregular-whitespace","eslint-fallback","","false","1","1"
"astro","yaml/no-multiple-empty-lines","eslint-fallback","","false","1","1"
"astro","yaml/no-tab-indent","eslint-fallback","","false","1","1"
"astro","yaml/plain-scalar","eslint-fallback","","false","1","1"
"astro","yaml/quotes","eslint-fallback","","false","1","1"
"astro","yaml/spaced-comment","eslint-fallback","","false","1","1"
"astro","yaml/vue-custom-block/no-parsing-error","eslint-fallback","","false","1","1"
"astro","yoda","native-candidate","eslint/yoda","false","2","16"
"solid","accessor-pairs","native-candidate","eslint/accessor-pairs","false","2","15"
"solid","antfu/consistent-chaining","js-plugin-candidate","","false","2","15"
"solid","antfu/consistent-list-newline","js-plugin-candidate","","false","2","15"
"solid","antfu/curly","js-plugin-candidate","","false","2","15"
"solid","antfu/if-newline","js-plugin-candidate","","false","2","15"
"solid","antfu/import-dedupe","js-plugin-candidate","","false","2","15"
"solid","antfu/no-import-dist","js-plugin-candidate","","false","2","14"
"solid","antfu/no-import-node-modules-by-path","js-plugin-candidate","","false","2","14"
"solid","antfu/no-top-level-await","js-plugin-candidate","","false","2","11"
"solid","antfu/top-level-function","js-plugin-candidate","","false","2","15"
"solid","array-callback-return","native-candidate","eslint/array-callback-return","false","2","15"
"solid","block-scoped-var","native-candidate","eslint/block-scoped-var","false","2","15"
"solid","command/command","js-plugin-candidate","","false","2","15"
"solid","constructor-super","native-candidate","eslint/constructor-super","false","2","10"
"solid","default-case-last","native-candidate","eslint/default-case-last","false","2","15"
"solid","dot-notation","js-plugin-candidate","","false","2","15"
"solid","e18e/prefer-array-fill","js-plugin-candidate","","false","2","15"
"solid","e18e/prefer-array-some","js-plugin-candidate","","false","2","15"
"solid","e18e/prefer-date-now","js-plugin-candidate","","false","2","15"
"solid","e18e/prefer-includes","js-plugin-candidate","","false","2","15"
"solid","e18e/prefer-nullish-coalescing","js-plugin-candidate","","false","2","15"
"solid","e18e/prefer-object-has-own","js-plugin-candidate","","false","2","15"
"solid","e18e/prefer-regex-test","js-plugin-candidate","","false","2","15"
"solid","e18e/prefer-string-fromcharcode","js-plugin-candidate","","false","2","15"
"solid","e18e/prefer-timer-args","js-plugin-candidate","","false","2","15"
"solid","e18e/prefer-url-canparse","js-plugin-candidate","","false","2","15"
"solid","eqeqeq","native-candidate","eslint/eqeqeq","false","2","15"
"solid","eslint-comments/no-aggregating-enable","js-plugin-candidate","","false","2","15"
"solid","eslint-comments/no-duplicate-disable","js-plugin-candidate","","false","2","15"
"solid","eslint-comments/no-unlimited-disable","js-plugin-candidate","","false","2","14"
"solid","eslint-comments/no-unused-enable","js-plugin-candidate","","false","2","15"
"solid","import/consistent-type-specifier-style","js-plugin-candidate","","false","2","15"
"solid","import/first","js-plugin-candidate","","false","2","15"
"solid","import/newline-after-import","js-plugin-candidate","","false","2","15"
"solid","import/no-duplicates","js-plugin-candidate","","false","2","15"
"solid","import/no-mutable-exports","js-plugin-candidate","","false","2","15"
"solid","import/no-named-default","js-plugin-candidate","","false","2","15"
"solid","jsdoc/check-access","native-candidate","jsdoc/check-access","false","1","9"
"solid","jsdoc/check-alignment","js-plugin-candidate","","false","1","9"
"solid","jsdoc/check-param-names","js-plugin-candidate","","false","1","9"
"solid","jsdoc/check-property-names","native-candidate","jsdoc/check-property-names","false","1","9"
"solid","jsdoc/check-types","js-plugin-candidate","","false","1","9"
"solid","jsdoc/empty-tags","native-candidate","jsdoc/empty-tags","false","1","9"
"solid","jsdoc/implements-on-classes","native-candidate","jsdoc/implements-on-classes","false","1","9"
"solid","jsdoc/multiline-blocks","js-plugin-candidate","","false","1","9"
"solid","jsdoc/no-defaults","native-candidate","jsdoc/no-defaults","false","1","9"
"solid","jsdoc/no-multi-asterisks","js-plugin-candidate","","false","1","9"
"solid","jsdoc/require-param-name","native-candidate","jsdoc/require-param-name","false","1","9"
"solid","jsdoc/require-property","native-candidate","jsdoc/require-property","false","1","9"
"solid","jsdoc/require-property-description","native-candidate","jsdoc/require-property-description","false","1","9"
"solid","jsdoc/require-property-name","native-candidate","jsdoc/require-property-name","false","1","9"
"solid","jsdoc/require-returns-check","js-plugin-candidate","","false","1","9"
"solid","jsdoc/require-returns-description","native-candidate","jsdoc/require-returns-description","false","1","9"
"solid","jsdoc/require-yields-check","js-plugin-candidate","","false","1","9"
"solid","jsonc/array-bracket-spacing","eslint-fallback","","false","1","4"
"solid","jsonc/comma-dangle","eslint-fallback","","false","1","4"
"solid","jsonc/comma-style","eslint-fallback","","false","1","4"
"solid","jsonc/indent","eslint-fallback","","false","1","4"
"solid","jsonc/key-spacing","eslint-fallback","","false","1","4"
"solid","jsonc/no-bigint-literals","eslint-fallback","","false","1","4"
"solid","jsonc/no-binary-expression","eslint-fallback","","false","1","4"
"solid","jsonc/no-binary-numeric-literals","eslint-fallback","","false","1","4"
"solid","jsonc/no-dupe-keys","eslint-fallback","","false","1","4"
"solid","jsonc/no-escape-sequence-in-identifier","eslint-fallback","","false","1","4"
"solid","jsonc/no-floating-decimal","eslint-fallback","","false","1","4"
"solid","jsonc/no-hexadecimal-numeric-literals","eslint-fallback","","false","1","4"
"solid","jsonc/no-infinity","eslint-fallback","","false","1","4"
"solid","jsonc/no-multi-str","eslint-fallback","","false","1","4"
"solid","jsonc/no-nan","eslint-fallback","","false","1","4"
"solid","jsonc/no-number-props","eslint-fallback","","false","1","4"
"solid","jsonc/no-numeric-separators","eslint-fallback","","false","1","4"
"solid","jsonc/no-octal","eslint-fallback","","false","1","4"
"solid","jsonc/no-octal-escape","eslint-fallback","","false","1","4"
"solid","jsonc/no-octal-numeric-literals","eslint-fallback","","false","1","4"
"solid","jsonc/no-parenthesized","eslint-fallback","","false","1","4"
"solid","jsonc/no-plus-sign","eslint-fallback","","false","1","4"
"solid","jsonc/no-regexp-literals","eslint-fallback","","false","1","4"
"solid","jsonc/no-sparse-arrays","eslint-fallback","","false","1","4"
"solid","jsonc/no-template-literals","eslint-fallback","","false","1","4"
"solid","jsonc/no-undefined-value","eslint-fallback","","false","1","4"
"solid","jsonc/no-unicode-codepoint-escapes","eslint-fallback","","false","1","4"
"solid","jsonc/no-useless-escape","eslint-fallback","","false","1","4"
"solid","jsonc/object-curly-newline","eslint-fallback","","false","1","4"
"solid","jsonc/object-curly-spacing","eslint-fallback","","false","1","4"
"solid","jsonc/object-property-newline","eslint-fallback","","false","1","4"
"solid","jsonc/quote-props","eslint-fallback","","false","1","4"
"solid","jsonc/quotes","eslint-fallback","","false","1","4"
"solid","jsonc/sort-array-values","eslint-fallback","","false","1","1"
"solid","jsonc/sort-keys","eslint-fallback","","false","2","2"
"solid","jsonc/space-unary-ops","eslint-fallback","","false","1","4"
"solid","jsonc/valid-json-number","eslint-fallback","","false","1","4"
"solid","jsonc/vue-custom-block/no-parsing-error","eslint-fallback","","false","1","4"
"solid","markdown/heading-increment","eslint-fallback","","false","1","1"
"solid","markdown/no-duplicate-definitions","eslint-fallback","","false","1","1"
"solid","markdown/no-empty-definitions","eslint-fallback","","false","1","1"
"solid","markdown/no-empty-images","eslint-fallback","","false","1","1"
"solid","markdown/no-empty-links","eslint-fallback","","false","1","1"
"solid","markdown/no-invalid-label-refs","eslint-fallback","","false","1","1"
"solid","markdown/no-missing-atx-heading-space","eslint-fallback","","false","1","1"
"solid","markdown/no-missing-link-fragments","eslint-fallback","","false","1","1"
"solid","markdown/no-multiple-h1","eslint-fallback","","false","1","1"
"solid","markdown/no-reference-like-urls","eslint-fallback","","false","1","1"
"solid","markdown/no-reversed-media-syntax","eslint-fallback","","false","1","1"
"solid","markdown/no-space-in-emphasis","eslint-fallback","","false","1","1"
"solid","markdown/no-unused-definitions","eslint-fallback","","false","1","1"
"solid","markdown/require-alt-text","eslint-fallback","","false","1","1"
"solid","markdown/table-column-count","eslint-fallback","","false","1","1"
"solid","new-cap","native-candidate","eslint/new-cap","false","2","15"
"solid","no-alert","native-candidate","eslint/no-alert","false","2","15"
"solid","no-array-constructor","native-candidate","eslint/no-array-constructor","false","2","10"
"solid","no-async-promise-executor","native-candidate","eslint/no-async-promise-executor","false","2","15"
"solid","no-caller","native-candidate","eslint/no-caller","false","2","15"
"solid","no-case-declarations","native-candidate","eslint/no-case-declarations","false","2","15"
"solid","no-class-assign","native-candidate","eslint/no-class-assign","false","2","10"
"solid","no-compare-neg-zero","native-candidate","eslint/no-compare-neg-zero","false","2","15"
"solid","no-cond-assign","native-candidate","eslint/no-cond-assign","false","2","15"
"solid","no-console","native-candidate","eslint/no-console","false","2","12"
"solid","no-const-assign","native-candidate","eslint/no-const-assign","false","2","10"
"solid","no-control-regex","native-candidate","eslint/no-control-regex","false","2","15"
"solid","no-debugger","native-candidate","eslint/no-debugger","false","2","15"
"solid","no-delete-var","native-candidate","eslint/no-delete-var","false","2","15"
"solid","no-dupe-args","js-plugin-candidate","","false","2","10"
"solid","no-dupe-class-members","native-candidate","eslint/no-dupe-class-members","false","2","10"
"solid","no-dupe-keys","native-candidate","eslint/no-dupe-keys","false","2","10"
"solid","no-duplicate-case","native-candidate","eslint/no-duplicate-case","false","2","15"
"solid","no-empty","native-candidate","eslint/no-empty","false","2","15"
"solid","no-empty-pattern","native-candidate","eslint/no-empty-pattern","false","2","15"
"solid","no-eval","native-candidate","eslint/no-eval","false","2","15"
"solid","no-ex-assign","native-candidate","eslint/no-ex-assign","false","2","15"
"solid","no-extend-native","native-candidate","eslint/no-extend-native","false","2","15"
"solid","no-extra-bind","native-candidate","eslint/no-extra-bind","false","2","15"
"solid","no-extra-boolean-cast","native-candidate","eslint/no-extra-boolean-cast","false","2","15"
"solid","no-fallthrough","native-candidate","eslint/no-fallthrough","false","2","15"
"solid","no-func-assign","native-candidate","eslint/no-func-assign","false","2","10"
"solid","no-global-assign","native-candidate","eslint/no-global-assign","false","2","15"
"solid","no-implied-eval","native-candidate","eslint/no-implied-eval","false","2","15"
"solid","no-import-assign","native-candidate","eslint/no-import-assign","false","2","10"
"solid","no-irregular-whitespace","native-candidate","eslint/no-irregular-whitespace","false","2","15"
"solid","no-iterator","native-candidate","eslint/no-iterator","false","2","15"
"solid","no-labels","native-candidate","eslint/no-labels","false","2","15"
"solid","no-lone-blocks","native-candidate","eslint/no-lone-blocks","false","2","15"
"solid","no-loss-of-precision","native-candidate","eslint/no-loss-of-precision","false","2","15"
"solid","no-misleading-character-class","native-candidate","eslint/no-misleading-character-class","false","2","15"
"solid","no-multi-str","native-candidate","eslint/no-multi-str","false","2","15"
"solid","no-new","native-candidate","eslint/no-new","false","2","15"
"solid","no-new-func","native-candidate","eslint/no-new-func","false","2","15"
"solid","no-new-native-nonconstructor","native-candidate","eslint/no-new-native-nonconstructor","false","2","10"
"solid","no-new-wrappers","native-candidate","eslint/no-new-wrappers","false","2","15"
"solid","no-obj-calls","native-candidate","eslint/no-obj-calls","false","2","10"
"solid","no-octal","js-plugin-candidate","","false","2","15"
"solid","no-octal-escape","js-plugin-candidate","","false","2","15"
"solid","no-proto","native-candidate","eslint/no-proto","false","2","15"
"solid","no-prototype-builtins","native-candidate","eslint/no-prototype-builtins","false","2","15"
"solid","no-redeclare","native-candidate","eslint/no-redeclare","false","2","10"
"solid","no-regex-spaces","native-candidate","eslint/no-regex-spaces","false","2","15"
"solid","no-restricted-globals","native-candidate","eslint/no-restricted-globals","false","2","15"
"solid","no-restricted-properties","native-candidate","eslint/no-restricted-properties","false","2","15"
"solid","no-restricted-syntax","js-plugin-candidate","","false","2","14"
"solid","no-self-assign","native-candidate","eslint/no-self-assign","false","2","15"
"solid","no-self-compare","native-candidate","eslint/no-self-compare","false","2","15"
"solid","no-sequences","native-candidate","eslint/no-sequences","false","2","15"
"solid","no-shadow-restricted-names","native-candidate","eslint/no-shadow-restricted-names","false","2","15"
"solid","no-sparse-arrays","native-candidate","eslint/no-sparse-arrays","false","2","15"
"solid","no-template-curly-in-string","native-candidate","eslint/no-template-curly-in-string","false","2","15"
"solid","no-this-before-super","native-candidate","eslint/no-this-before-super","false","2","10"
"solid","no-throw-literal","native-candidate","eslint/no-throw-literal","false","2","15"
"solid","no-undef","native-candidate","eslint/no-undef","false","2","10"
"solid","no-undef-init","js-plugin-candidate","","false","2","15"
"solid","no-unexpected-multiline","native-candidate","eslint/no-unexpected-multiline","false","2","15"
"solid","no-unmodified-loop-condition","native-candidate","eslint/no-unmodified-loop-condition","false","2","15"
"solid","no-unneeded-ternary","native-candidate","eslint/no-unneeded-ternary","false","2","15"
"solid","no-unreachable","native-candidate","eslint/no-unreachable","false","2","10"
"solid","no-unreachable-loop","native-candidate","eslint/no-unreachable-loop","false","2","15"
"solid","no-unsafe-finally","native-candidate","eslint/no-unsafe-finally","false","2","15"
"solid","no-unsafe-negation","native-candidate","eslint/no-unsafe-negation","false","2","10"
"solid","no-unused-expressions","native-candidate","eslint/no-unused-expressions","false","2","10"
"solid","no-unused-vars","native-candidate","eslint/no-unused-vars","false","2","10"
"solid","no-use-before-define","native-candidate","eslint/no-use-before-define","false","2","10"
"solid","no-useless-call","native-candidate","eslint/no-useless-call","false","2","15"
"solid","no-useless-catch","native-candidate","eslint/no-useless-catch","false","2","15"
"solid","no-useless-computed-key","native-candidate","eslint/no-useless-computed-key","false","2","15"
"solid","no-useless-constructor","native-candidate","eslint/no-useless-constructor","false","2","10"
"solid","no-useless-rename","native-candidate","eslint/no-useless-rename","false","2","15"
"solid","no-useless-return","native-candidate","eslint/no-useless-return","false","2","15"
"solid","no-var","native-candidate","eslint/no-var","false","2","15"
"solid","no-with","native-candidate","eslint/no-with","false","2","10"
"solid","node/handle-callback-err","native-candidate","node/handle-callback-err","false","1","9"
"solid","node/no-deprecated-api","js-plugin-candidate","","false","1","9"
"solid","node/no-exports-assign","native-candidate","node/no-exports-assign","false","1","9"
"solid","node/no-new-require","native-candidate","node/no-new-require","false","1","9"
"solid","node/no-path-concat","native-candidate","node/no-path-concat","false","1","9"
"solid","node/prefer-global/buffer","js-plugin-candidate","","false","1","9"
"solid","node/prefer-global/process","js-plugin-candidate","","false","1","8"
"solid","node/process-exit-as-throw","js-plugin-candidate","","false","1","9"
"solid","object-shorthand","native-candidate","eslint/object-shorthand","false","2","15"
"solid","one-var","native-candidate","eslint/one-var","false","2","15"
"solid","perfectionist/sort-exports","js-plugin-candidate","","false","2","15"
"solid","perfectionist/sort-imports","js-plugin-candidate","","false","2","15"
"solid","perfectionist/sort-named-exports","js-plugin-candidate","","false","2","15"
"solid","perfectionist/sort-named-imports","js-plugin-candidate","","false","2","15"
"solid","prefer-arrow-callback","native-candidate","eslint/prefer-arrow-callback","false","2","15"
"solid","prefer-const","native-candidate","eslint/prefer-const","false","2","15"
"solid","prefer-exponentiation-operator","native-candidate","eslint/prefer-exponentiation-operator","false","2","15"
"solid","prefer-promise-reject-errors","native-candidate","eslint/prefer-promise-reject-errors","false","2","15"
"solid","prefer-regex-literals","native-candidate","eslint/prefer-regex-literals","false","2","15"
"solid","prefer-rest-params","native-candidate","eslint/prefer-rest-params","false","2","15"
"solid","prefer-spread","native-candidate","eslint/prefer-spread","false","2","15"
"solid","prefer-template","native-candidate","eslint/prefer-template","false","2","15"
"solid","regexp/confusing-quantifier","js-plugin-candidate","","false","2","15"
"solid","regexp/control-character-escape","js-plugin-candidate","","false","2","15"
"solid","regexp/match-any","js-plugin-candidate","","false","2","15"
"solid","regexp/negation","js-plugin-candidate","","false","2","15"
"solid","regexp/no-contradiction-with-assertion","js-plugin-candidate","","false","2","15"
"solid","regexp/no-dupe-characters-character-class","js-plugin-candidate","","false","2","15"
"solid","regexp/no-dupe-disjunctions","js-plugin-candidate","","false","2","15"
"solid","regexp/no-empty-alternative","js-plugin-candidate","","false","2","15"
"solid","regexp/no-empty-capturing-group","js-plugin-candidate","","false","2","15"
"solid","regexp/no-empty-character-class","js-plugin-candidate","","false","2","15"
"solid","regexp/no-empty-group","js-plugin-candidate","","false","2","15"
"solid","regexp/no-empty-lookarounds-assertion","js-plugin-candidate","","false","2","15"
"solid","regexp/no-empty-string-literal","js-plugin-candidate","","false","2","15"
"solid","regexp/no-escape-backspace","js-plugin-candidate","","false","2","15"
"solid","regexp/no-extra-lookaround-assertions","js-plugin-candidate","","false","2","15"
"solid","regexp/no-invalid-regexp","js-plugin-candidate","","false","2","15"
"solid","regexp/no-invisible-character","js-plugin-candidate","","false","2","15"
"solid","regexp/no-lazy-ends","js-plugin-candidate","","false","2","15"
"solid","regexp/no-legacy-features","js-plugin-candidate","","false","2","15"
"solid","regexp/no-misleading-capturing-group","js-plugin-candidate","","false","2","15"
"solid","regexp/no-misleading-unicode-character","js-plugin-candidate","","false","2","15"
"solid","regexp/no-missing-g-flag","js-plugin-candidate","","false","2","15"
"solid","regexp/no-non-standard-flag","js-plugin-candidate","","false","2","15"
"solid","regexp/no-obscure-range","js-plugin-candidate","","false","2","15"
"solid","regexp/no-optional-assertion","js-plugin-candidate","","false","2","15"
"solid","regexp/no-potentially-useless-backreference","js-plugin-candidate","","false","2","15"
"solid","regexp/no-super-linear-backtracking","js-plugin-candidate","","false","2","15"
"solid","regexp/no-trivially-nested-assertion","js-plugin-candidate","","false","2","15"
"solid","regexp/no-trivially-nested-quantifier","js-plugin-candidate","","false","2","15"
"solid","regexp/no-unused-capturing-group","js-plugin-candidate","","false","2","15"
"solid","regexp/no-useless-assertions","js-plugin-candidate","","false","2","15"
"solid","regexp/no-useless-backreference","js-plugin-candidate","","false","2","15"
"solid","regexp/no-useless-character-class","js-plugin-candidate","","false","2","15"
"solid","regexp/no-useless-dollar-replacements","js-plugin-candidate","","false","2","15"
"solid","regexp/no-useless-escape","js-plugin-candidate","","false","2","15"
"solid","regexp/no-useless-flag","js-plugin-candidate","","false","2","15"
"solid","regexp/no-useless-lazy","js-plugin-candidate","","false","2","15"
"solid","regexp/no-useless-non-capturing-group","js-plugin-candidate","","false","2","15"
"solid","regexp/no-useless-quantifier","js-plugin-candidate","","false","2","15"
"solid","regexp/no-useless-range","js-plugin-candidate","","false","2","15"
"solid","regexp/no-useless-set-operand","js-plugin-candidate","","false","2","15"
"solid","regexp/no-useless-string-literal","js-plugin-candidate","","false","2","15"
"solid","regexp/no-useless-two-nums-quantifier","js-plugin-candidate","","false","2","15"
"solid","regexp/no-zero-quantifier","js-plugin-candidate","","false","2","15"
"solid","regexp/optimal-lookaround-quantifier","js-plugin-candidate","","false","2","15"
"solid","regexp/optimal-quantifier-concatenation","js-plugin-candidate","","false","2","15"
"solid","regexp/prefer-character-class","js-plugin-candidate","","false","2","15"
"solid","regexp/prefer-d","js-plugin-candidate","","false","2","15"
"solid","regexp/prefer-plus-quantifier","js-plugin-candidate","","false","2","15"
"solid","regexp/prefer-predefined-assertion","js-plugin-candidate","","false","2","15"
"solid","regexp/prefer-question-quantifier","js-plugin-candidate","","false","2","15"
"solid","regexp/prefer-range","js-plugin-candidate","","false","2","15"
"solid","regexp/prefer-set-operation","js-plugin-candidate","","false","2","15"
"solid","regexp/prefer-star-quantifier","js-plugin-candidate","","false","2","15"
"solid","regexp/prefer-unicode-codepoint-escapes","js-plugin-candidate","","false","2","15"
"solid","regexp/prefer-w","js-plugin-candidate","","false","2","15"
"solid","regexp/simplify-set-operations","js-plugin-candidate","","false","2","15"
"solid","regexp/sort-flags","js-plugin-candidate","","false","2","15"
"solid","regexp/strict","js-plugin-candidate","","false","2","15"
"solid","regexp/use-ignore-case","js-plugin-candidate","","false","2","15"
"solid","solid/components-return-once","js-plugin-candidate","","false","1","1"
"solid","solid/event-handlers","js-plugin-candidate","","false","1","1"
"solid","solid/imports","js-plugin-candidate","","false","1","1"
"solid","solid/jsx-no-duplicate-props","js-plugin-candidate","","false","1","1"
"solid","solid/jsx-no-script-url","js-plugin-candidate","","false","1","1"
"solid","solid/jsx-no-undef","js-plugin-candidate","","false","1","1"
"solid","solid/jsx-uses-vars","js-plugin-candidate","","false","1","1"
"solid","solid/no-destructure","js-plugin-candidate","","false","1","1"
"solid","solid/no-innerhtml","js-plugin-candidate","","false","1","1"
"solid","solid/no-react-deps","js-plugin-candidate","","false","1","1"
"solid","solid/no-react-specific-props","js-plugin-candidate","","false","1","1"
"solid","solid/prefer-for","js-plugin-candidate","","false","1","1"
"solid","solid/reactivity","js-plugin-candidate","","false","1","1"
"solid","solid/self-closing-comp","js-plugin-candidate","","false","1","1"
"solid","solid/style-prop","js-plugin-candidate","","false","1","1"
"solid","style/array-bracket-spacing","js-plugin-candidate","","false","2","15"
"solid","style/arrow-parens","js-plugin-candidate","","false","2","15"
"solid","style/arrow-spacing","js-plugin-candidate","","false","2","15"
"solid","style/block-spacing","js-plugin-candidate","","false","2","15"
"solid","style/brace-style","js-plugin-candidate","","false","2","15"
"solid","style/comma-dangle","js-plugin-candidate","","false","2","15"
"solid","style/comma-spacing","js-plugin-candidate","","false","2","15"
"solid","style/comma-style","js-plugin-candidate","","false","2","15"
"solid","style/computed-property-spacing","js-plugin-candidate","","false","2","15"
"solid","style/dot-location","js-plugin-candidate","","false","2","15"
"solid","style/eol-last","js-plugin-candidate","","false","2","15"
"solid","style/generator-star-spacing","js-plugin-candidate","","false","2","15"
"solid","style/indent","js-plugin-candidate","","false","2","15"
"solid","style/indent-binary-ops","js-plugin-candidate","","false","2","15"
"solid","style/jsx-closing-bracket-location","js-plugin-candidate","","false","2","15"
"solid","style/jsx-closing-tag-location","js-plugin-candidate","","false","2","15"
"solid","style/jsx-curly-brace-presence","js-plugin-candidate","","false","2","15"
"solid","style/jsx-curly-newline","js-plugin-candidate","","false","2","15"
"solid","style/jsx-curly-spacing","js-plugin-candidate","","false","2","15"
"solid","style/jsx-equals-spacing","js-plugin-candidate","","false","2","15"
"solid","style/jsx-first-prop-new-line","js-plugin-candidate","","false","2","15"
"solid","style/jsx-function-call-newline","js-plugin-candidate","","false","2","15"
"solid","style/jsx-indent-props","js-plugin-candidate","","false","2","15"
"solid","style/jsx-max-props-per-line","js-plugin-candidate","","false","2","15"
"solid","style/jsx-one-expression-per-line","js-plugin-candidate","","false","2","15"
"solid","style/jsx-quotes","js-plugin-candidate","","false","2","15"
"solid","style/jsx-tag-spacing","js-plugin-candidate","","false","2","15"
"solid","style/jsx-wrap-multilines","js-plugin-candidate","","false","2","15"
"solid","style/key-spacing","js-plugin-candidate","","false","2","15"
"solid","style/keyword-spacing","js-plugin-candidate","","false","2","15"
"solid","style/lines-between-class-members","js-plugin-candidate","","false","2","15"
"solid","style/max-statements-per-line","js-plugin-candidate","","false","2","15"
"solid","style/member-delimiter-style","js-plugin-candidate","","false","2","15"
"solid","style/multiline-ternary","js-plugin-candidate","","false","2","15"
"solid","style/new-parens","js-plugin-candidate","","false","2","15"
"solid","style/no-extra-parens","js-plugin-candidate","","false","2","15"
"solid","style/no-floating-decimal","js-plugin-candidate","","false","2","15"
"solid","style/no-mixed-operators","js-plugin-candidate","","false","2","15"
"solid","style/no-mixed-spaces-and-tabs","js-plugin-candidate","","false","2","15"
"solid","style/no-multi-spaces","js-plugin-candidate","","false","2","15"
"solid","style/no-multiple-empty-lines","js-plugin-candidate","","false","2","15"
"solid","style/no-tabs","js-plugin-candidate","","false","2","15"
"solid","style/no-trailing-spaces","js-plugin-candidate","","false","2","15"
"solid","style/no-whitespace-before-property","js-plugin-candidate","","false","2","15"
"solid","style/object-curly-spacing","js-plugin-candidate","","false","2","15"
"solid","style/operator-linebreak","js-plugin-candidate","","false","2","15"
"solid","style/padded-blocks","js-plugin-candidate","","false","2","15"
"solid","style/quote-props","js-plugin-candidate","","false","2","15"
"solid","style/quotes","js-plugin-candidate","","false","2","15"
"solid","style/rest-spread-spacing","js-plugin-candidate","","false","2","15"
"solid","style/semi","js-plugin-candidate","","false","2","15"
"solid","style/semi-spacing","js-plugin-candidate","","false","2","15"
"solid","style/space-before-blocks","js-plugin-candidate","","false","2","15"
"solid","style/space-before-function-paren","js-plugin-candidate","","false","2","15"
"solid","style/space-in-parens","js-plugin-candidate","","false","2","15"
"solid","style/space-infix-ops","js-plugin-candidate","","false","2","15"
"solid","style/space-unary-ops","js-plugin-candidate","","false","2","15"
"solid","style/spaced-comment","js-plugin-candidate","","false","2","13"
"solid","style/template-curly-spacing","js-plugin-candidate","","false","2","15"
"solid","style/template-tag-spacing","js-plugin-candidate","","false","2","15"
"solid","style/type-annotation-spacing","js-plugin-candidate","","false","2","15"
"solid","style/type-generic-spacing","js-plugin-candidate","","false","2","15"
"solid","style/type-named-tuple-spacing","js-plugin-candidate","","false","2","15"
"solid","style/wrap-iife","js-plugin-candidate","","false","2","15"
"solid","style/yield-star-spacing","js-plugin-candidate","","false","2","15"
"solid","symbol-description","native-candidate","eslint/symbol-description","false","2","15"
"solid","test/consistent-test-it","native-candidate","vitest/consistent-test-it","false","1","1"
"solid","test/no-identical-title","native-candidate","vitest/no-identical-title","false","1","1"
"solid","test/no-import-node-test","native-candidate","vitest/no-import-node-test","false","1","1"
"solid","test/no-only-tests","js-plugin-candidate","","false","1","1"
"solid","test/prefer-hooks-in-order","native-candidate","vitest/prefer-hooks-in-order","false","1","1"
"solid","test/prefer-lowercase-title","native-candidate","vitest/prefer-lowercase-title","false","1","1"
"solid","toml/array-bracket-newline","eslint-fallback","","false","1","1"
"solid","toml/array-bracket-spacing","eslint-fallback","","false","1","1"
"solid","toml/array-element-newline","eslint-fallback","","false","1","1"
"solid","toml/comma-style","eslint-fallback","","false","1","1"
"solid","toml/indent","eslint-fallback","","false","1","1"
"solid","toml/inline-table-curly-spacing","eslint-fallback","","false","1","1"
"solid","toml/key-spacing","eslint-fallback","","false","1","1"
"solid","toml/keys-order","eslint-fallback","","false","1","1"
"solid","toml/no-space-dots","eslint-fallback","","false","1","1"
"solid","toml/no-unreadable-number-separator","eslint-fallback","","false","1","1"
"solid","toml/padding-line-between-pairs","eslint-fallback","","false","1","1"
"solid","toml/padding-line-between-tables","eslint-fallback","","false","1","1"
"solid","toml/precision-of-fractional-seconds","eslint-fallback","","false","1","1"
"solid","toml/precision-of-integer","eslint-fallback","","false","1","1"
"solid","toml/quoted-keys","eslint-fallback","","false","1","1"
"solid","toml/spaced-comment","eslint-fallback","","false","1","1"
"solid","toml/table-bracket-spacing","eslint-fallback","","false","1","1"
"solid","toml/tables-order","eslint-fallback","","false","1","1"
"solid","toml/vue-custom-block/no-parsing-error","eslint-fallback","","false","1","1"
"solid","ts/ban-ts-comment","native-candidate","typescript/ban-ts-comment","false","1","5"
"solid","ts/consistent-type-definitions","native-candidate","typescript/consistent-type-definitions","false","1","5"
"solid","ts/consistent-type-imports","native-candidate","typescript/consistent-type-imports","false","1","5"
"solid","ts/method-signature-style","native-candidate","typescript/method-signature-style","false","1","5"
"solid","ts/no-array-constructor","js-plugin-candidate","","false","1","5"
"solid","ts/no-dupe-class-members","js-plugin-candidate","","false","1","5"
"solid","ts/no-duplicate-enum-values","native-candidate","typescript/no-duplicate-enum-values","false","1","5"
"solid","ts/no-empty-object-type","native-candidate","typescript/no-empty-object-type","false","1","5"
"solid","ts/no-extra-non-null-assertion","native-candidate","typescript/no-extra-non-null-assertion","false","1","5"
"solid","ts/no-import-type-side-effects","native-candidate","typescript/no-import-type-side-effects","false","1","5"
"solid","ts/no-misused-new","native-candidate","typescript/no-misused-new","false","1","5"
"solid","ts/no-namespace","native-candidate","typescript/no-namespace","false","1","5"
"solid","ts/no-non-null-asserted-nullish-coalescing","native-candidate","typescript/no-non-null-asserted-nullish-coalescing","false","1","5"
"solid","ts/no-non-null-asserted-optional-chain","native-candidate","typescript/no-non-null-asserted-optional-chain","false","1","5"
"solid","ts/no-redeclare","js-plugin-candidate","","false","1","5"
"solid","ts/no-require-imports","native-candidate","typescript/no-require-imports","false","1","5"
"solid","ts/no-this-alias","native-candidate","typescript/no-this-alias","false","1","5"
"solid","ts/no-unnecessary-type-constraint","native-candidate","typescript/no-unnecessary-type-constraint","false","1","5"
"solid","ts/no-unsafe-declaration-merging","native-candidate","typescript/no-unsafe-declaration-merging","false","1","5"
"solid","ts/no-unsafe-function-type","native-candidate","typescript/no-unsafe-function-type","false","1","5"
"solid","ts/no-unused-expressions","js-plugin-candidate","","false","1","5"
"solid","ts/no-use-before-define","js-plugin-candidate","","false","1","5"
"solid","ts/no-wrapper-object-types","native-candidate","typescript/no-wrapper-object-types","false","1","5"
"solid","ts/prefer-as-const","native-candidate","typescript/prefer-as-const","false","1","5"
"solid","ts/prefer-literal-enum-member","native-candidate","typescript/prefer-literal-enum-member","false","1","5"
"solid","ts/prefer-namespace-keyword","native-candidate","typescript/prefer-namespace-keyword","false","1","5"
"solid","unicode-bom","native-candidate","eslint/unicode-bom","false","2","15"
"solid","unicorn/consistent-empty-array-spread","native-candidate","unicorn/consistent-empty-array-spread","false","1","9"
"solid","unicorn/error-message","native-candidate","unicorn/error-message","false","1","9"
"solid","unicorn/escape-case","native-candidate","unicorn/escape-case","false","1","9"
"solid","unicorn/new-for-builtins","native-candidate","unicorn/new-for-builtins","false","1","9"
"solid","unicorn/no-instanceof-builtins","native-candidate","unicorn/no-instanceof-builtins","false","1","9"
"solid","unicorn/no-new-array","native-candidate","unicorn/no-new-array","false","1","9"
"solid","unicorn/no-new-buffer","native-candidate","unicorn/no-new-buffer","false","1","9"
"solid","unicorn/number-literal-case","native-candidate","unicorn/number-literal-case","false","1","9"
"solid","unicorn/prefer-dom-node-text-content","native-candidate","unicorn/prefer-dom-node-text-content","false","1","9"
"solid","unicorn/prefer-includes","native-candidate","unicorn/prefer-includes","false","1","9"
"solid","unicorn/prefer-node-protocol","native-candidate","unicorn/prefer-node-protocol","false","1","9"
"solid","unicorn/prefer-number-properties","native-candidate","unicorn/prefer-number-properties","false","1","9"
"solid","unicorn/prefer-string-starts-ends-with","native-candidate","unicorn/prefer-string-starts-ends-with","false","1","9"
"solid","unicorn/prefer-type-error","native-candidate","unicorn/prefer-type-error","false","1","9"
"solid","unicorn/throw-new-error","native-candidate","unicorn/throw-new-error","false","1","9"
"solid","unused-imports/no-unused-imports","js-plugin-candidate","","false","2","15"
"solid","unused-imports/no-unused-vars","js-plugin-candidate","","false","2","14"
"solid","use-isnan","native-candidate","eslint/use-isnan","false","2","15"
"solid","valid-typeof","native-candidate","eslint/valid-typeof","false","2","15"
"solid","vars-on-top","native-candidate","eslint/vars-on-top","false","2","15"
"solid","yaml/block-mapping","eslint-fallback","","false","1","1"
"solid","yaml/block-mapping-question-indicator-newline","eslint-fallback","","false","1","1"
"solid","yaml/block-sequence","eslint-fallback","","false","1","1"
"solid","yaml/block-sequence-hyphen-indicator-newline","eslint-fallback","","false","1","1"
"solid","yaml/flow-mapping-curly-newline","eslint-fallback","","false","1","1"
"solid","yaml/flow-mapping-curly-spacing","eslint-fallback","","false","1","1"
"solid","yaml/flow-sequence-bracket-newline","eslint-fallback","","false","1","1"
"solid","yaml/flow-sequence-bracket-spacing","eslint-fallback","","false","1","1"
"solid","yaml/indent","eslint-fallback","","false","1","1"
"solid","yaml/key-spacing","eslint-fallback","","false","1","1"
"solid","yaml/no-empty-key","eslint-fallback","","false","1","1"
"solid","yaml/no-empty-sequence-entry","eslint-fallback","","false","1","1"
"solid","yaml/no-irregular-whitespace","eslint-fallback","","false","1","1"
"solid","yaml/no-multiple-empty-lines","eslint-fallback","","false","1","1"
"solid","yaml/no-tab-indent","eslint-fallback","","false","1","1"
"solid","yaml/plain-scalar","eslint-fallback","","false","1","1"
"solid","yaml/quotes","eslint-fallback","","false","1","1"
"solid","yaml/spaced-comment","eslint-fallback","","false","1","1"
"solid","yaml/vue-custom-block/no-parsing-error","eslint-fallback","","false","1","1"
"solid","yoda","native-candidate","eslint/yoda","false","2","15"
"formatters","accessor-pairs","native-candidate","eslint/accessor-pairs","false","2","17"
"formatters","antfu/consistent-chaining","js-plugin-candidate","","false","2","17"
"formatters","antfu/consistent-list-newline","js-plugin-candidate","","false","2","17"
"formatters","antfu/curly","js-plugin-candidate","","false","2","17"
"formatters","antfu/if-newline","js-plugin-candidate","","false","2","17"
"formatters","antfu/import-dedupe","js-plugin-candidate","","false","2","17"
"formatters","antfu/no-import-dist","js-plugin-candidate","","false","2","16"
"formatters","antfu/no-import-node-modules-by-path","js-plugin-candidate","","false","2","16"
"formatters","antfu/no-top-level-await","js-plugin-candidate","","false","2","13"
"formatters","antfu/top-level-function","js-plugin-candidate","","false","2","17"
"formatters","array-callback-return","native-candidate","eslint/array-callback-return","false","2","17"
"formatters","block-scoped-var","native-candidate","eslint/block-scoped-var","false","2","17"
"formatters","command/command","js-plugin-candidate","","false","2","17"
"formatters","constructor-super","native-candidate","eslint/constructor-super","false","2","12"
"formatters","default-case-last","native-candidate","eslint/default-case-last","false","2","17"
"formatters","dot-notation","js-plugin-candidate","","false","2","17"
"formatters","e18e/prefer-array-fill","js-plugin-candidate","","false","2","17"
"formatters","e18e/prefer-array-some","js-plugin-candidate","","false","2","17"
"formatters","e18e/prefer-date-now","js-plugin-candidate","","false","2","17"
"formatters","e18e/prefer-includes","js-plugin-candidate","","false","2","17"
"formatters","e18e/prefer-nullish-coalescing","js-plugin-candidate","","false","2","17"
"formatters","e18e/prefer-object-has-own","js-plugin-candidate","","false","2","17"
"formatters","e18e/prefer-regex-test","js-plugin-candidate","","false","2","17"
"formatters","e18e/prefer-string-fromcharcode","js-plugin-candidate","","false","2","17"
"formatters","e18e/prefer-timer-args","js-plugin-candidate","","false","2","17"
"formatters","e18e/prefer-url-canparse","js-plugin-candidate","","false","2","17"
"formatters","eqeqeq","native-candidate","eslint/eqeqeq","false","2","17"
"formatters","eslint-comments/no-aggregating-enable","js-plugin-candidate","","false","2","17"
"formatters","eslint-comments/no-duplicate-disable","js-plugin-candidate","","false","2","17"
"formatters","eslint-comments/no-unlimited-disable","js-plugin-candidate","","false","2","16"
"formatters","eslint-comments/no-unused-enable","js-plugin-candidate","","false","2","17"
"formatters","format/prettier","eslint-fallback","","false","2","2"
"formatters","import/consistent-type-specifier-style","js-plugin-candidate","","false","2","17"
"formatters","import/first","js-plugin-candidate","","false","2","17"
"formatters","import/newline-after-import","js-plugin-candidate","","false","2","17"
"formatters","import/no-duplicates","js-plugin-candidate","","false","2","17"
"formatters","import/no-mutable-exports","js-plugin-candidate","","false","2","17"
"formatters","import/no-named-default","js-plugin-candidate","","false","2","17"
"formatters","jsdoc/check-access","native-candidate","jsdoc/check-access","false","1","9"
"formatters","jsdoc/check-alignment","js-plugin-candidate","","false","1","9"
"formatters","jsdoc/check-param-names","js-plugin-candidate","","false","1","9"
"formatters","jsdoc/check-property-names","native-candidate","jsdoc/check-property-names","false","1","9"
"formatters","jsdoc/check-types","js-plugin-candidate","","false","1","9"
"formatters","jsdoc/empty-tags","native-candidate","jsdoc/empty-tags","false","1","9"
"formatters","jsdoc/implements-on-classes","native-candidate","jsdoc/implements-on-classes","false","1","9"
"formatters","jsdoc/multiline-blocks","js-plugin-candidate","","false","1","9"
"formatters","jsdoc/no-defaults","native-candidate","jsdoc/no-defaults","false","1","9"
"formatters","jsdoc/no-multi-asterisks","js-plugin-candidate","","false","1","9"
"formatters","jsdoc/require-param-name","native-candidate","jsdoc/require-param-name","false","1","9"
"formatters","jsdoc/require-property","native-candidate","jsdoc/require-property","false","1","9"
"formatters","jsdoc/require-property-description","native-candidate","jsdoc/require-property-description","false","1","9"
"formatters","jsdoc/require-property-name","native-candidate","jsdoc/require-property-name","false","1","9"
"formatters","jsdoc/require-returns-check","js-plugin-candidate","","false","1","9"
"formatters","jsdoc/require-returns-description","native-candidate","jsdoc/require-returns-description","false","1","9"
"formatters","jsdoc/require-yields-check","js-plugin-candidate","","false","1","9"
"formatters","jsonc/array-bracket-spacing","eslint-fallback","","false","1","4"
"formatters","jsonc/comma-dangle","eslint-fallback","","false","1","4"
"formatters","jsonc/comma-style","eslint-fallback","","false","1","4"
"formatters","jsonc/indent","eslint-fallback","","false","1","4"
"formatters","jsonc/key-spacing","eslint-fallback","","false","1","4"
"formatters","jsonc/no-bigint-literals","eslint-fallback","","false","1","4"
"formatters","jsonc/no-binary-expression","eslint-fallback","","false","1","4"
"formatters","jsonc/no-binary-numeric-literals","eslint-fallback","","false","1","4"
"formatters","jsonc/no-dupe-keys","eslint-fallback","","false","1","4"
"formatters","jsonc/no-escape-sequence-in-identifier","eslint-fallback","","false","1","4"
"formatters","jsonc/no-floating-decimal","eslint-fallback","","false","1","4"
"formatters","jsonc/no-hexadecimal-numeric-literals","eslint-fallback","","false","1","4"
"formatters","jsonc/no-infinity","eslint-fallback","","false","1","4"
"formatters","jsonc/no-multi-str","eslint-fallback","","false","1","4"
"formatters","jsonc/no-nan","eslint-fallback","","false","1","4"
"formatters","jsonc/no-number-props","eslint-fallback","","false","1","4"
"formatters","jsonc/no-numeric-separators","eslint-fallback","","false","1","4"
"formatters","jsonc/no-octal","eslint-fallback","","false","1","4"
"formatters","jsonc/no-octal-escape","eslint-fallback","","false","1","4"
"formatters","jsonc/no-octal-numeric-literals","eslint-fallback","","false","1","4"
"formatters","jsonc/no-parenthesized","eslint-fallback","","false","1","4"
"formatters","jsonc/no-plus-sign","eslint-fallback","","false","1","4"
"formatters","jsonc/no-regexp-literals","eslint-fallback","","false","1","4"
"formatters","jsonc/no-sparse-arrays","eslint-fallback","","false","1","4"
"formatters","jsonc/no-template-literals","eslint-fallback","","false","1","4"
"formatters","jsonc/no-undefined-value","eslint-fallback","","false","1","4"
"formatters","jsonc/no-unicode-codepoint-escapes","eslint-fallback","","false","1","4"
"formatters","jsonc/no-useless-escape","eslint-fallback","","false","1","4"
"formatters","jsonc/object-curly-newline","eslint-fallback","","false","1","4"
"formatters","jsonc/object-curly-spacing","eslint-fallback","","false","1","4"
"formatters","jsonc/object-property-newline","eslint-fallback","","false","1","4"
"formatters","jsonc/quote-props","eslint-fallback","","false","1","4"
"formatters","jsonc/quotes","eslint-fallback","","false","1","4"
"formatters","jsonc/sort-array-values","eslint-fallback","","false","1","1"
"formatters","jsonc/sort-keys","eslint-fallback","","false","2","2"
"formatters","jsonc/space-unary-ops","eslint-fallback","","false","1","4"
"formatters","jsonc/valid-json-number","eslint-fallback","","false","1","4"
"formatters","jsonc/vue-custom-block/no-parsing-error","eslint-fallback","","false","1","4"
"formatters","markdown/heading-increment","eslint-fallback","","false","1","1"
"formatters","markdown/no-duplicate-definitions","eslint-fallback","","false","1","1"
"formatters","markdown/no-empty-definitions","eslint-fallback","","false","1","1"
"formatters","markdown/no-empty-images","eslint-fallback","","false","1","1"
"formatters","markdown/no-empty-links","eslint-fallback","","false","1","1"
"formatters","markdown/no-invalid-label-refs","eslint-fallback","","false","1","1"
"formatters","markdown/no-missing-atx-heading-space","eslint-fallback","","false","1","1"
"formatters","markdown/no-missing-link-fragments","eslint-fallback","","false","1","1"
"formatters","markdown/no-multiple-h1","eslint-fallback","","false","1","1"
"formatters","markdown/no-reference-like-urls","eslint-fallback","","false","1","1"
"formatters","markdown/no-reversed-media-syntax","eslint-fallback","","false","1","1"
"formatters","markdown/no-space-in-emphasis","eslint-fallback","","false","1","1"
"formatters","markdown/no-unused-definitions","eslint-fallback","","false","1","1"
"formatters","markdown/require-alt-text","eslint-fallback","","false","1","1"
"formatters","markdown/table-column-count","eslint-fallback","","false","1","1"
"formatters","new-cap","native-candidate","eslint/new-cap","false","2","17"
"formatters","no-alert","native-candidate","eslint/no-alert","false","2","17"
"formatters","no-array-constructor","native-candidate","eslint/no-array-constructor","false","2","12"
"formatters","no-async-promise-executor","native-candidate","eslint/no-async-promise-executor","false","2","17"
"formatters","no-caller","native-candidate","eslint/no-caller","false","2","17"
"formatters","no-case-declarations","native-candidate","eslint/no-case-declarations","false","2","17"
"formatters","no-class-assign","native-candidate","eslint/no-class-assign","false","2","12"
"formatters","no-compare-neg-zero","native-candidate","eslint/no-compare-neg-zero","false","2","17"
"formatters","no-cond-assign","native-candidate","eslint/no-cond-assign","false","2","17"
"formatters","no-console","native-candidate","eslint/no-console","false","2","14"
"formatters","no-const-assign","native-candidate","eslint/no-const-assign","false","2","12"
"formatters","no-control-regex","native-candidate","eslint/no-control-regex","false","2","17"
"formatters","no-debugger","native-candidate","eslint/no-debugger","false","2","17"
"formatters","no-delete-var","native-candidate","eslint/no-delete-var","false","2","17"
"formatters","no-dupe-args","js-plugin-candidate","","false","2","12"
"formatters","no-dupe-class-members","native-candidate","eslint/no-dupe-class-members","false","2","12"
"formatters","no-dupe-keys","native-candidate","eslint/no-dupe-keys","false","2","12"
"formatters","no-duplicate-case","native-candidate","eslint/no-duplicate-case","false","2","17"
"formatters","no-empty","native-candidate","eslint/no-empty","false","2","17"
"formatters","no-empty-pattern","native-candidate","eslint/no-empty-pattern","false","2","17"
"formatters","no-eval","native-candidate","eslint/no-eval","false","2","17"
"formatters","no-ex-assign","native-candidate","eslint/no-ex-assign","false","2","17"
"formatters","no-extend-native","native-candidate","eslint/no-extend-native","false","2","17"
"formatters","no-extra-bind","native-candidate","eslint/no-extra-bind","false","2","17"
"formatters","no-extra-boolean-cast","native-candidate","eslint/no-extra-boolean-cast","false","2","17"
"formatters","no-fallthrough","native-candidate","eslint/no-fallthrough","false","2","17"
"formatters","no-func-assign","native-candidate","eslint/no-func-assign","false","2","12"
"formatters","no-global-assign","native-candidate","eslint/no-global-assign","false","2","17"
"formatters","no-implied-eval","native-candidate","eslint/no-implied-eval","false","2","17"
"formatters","no-import-assign","native-candidate","eslint/no-import-assign","false","2","12"
"formatters","no-irregular-whitespace","native-candidate","eslint/no-irregular-whitespace","false","2","17"
"formatters","no-iterator","native-candidate","eslint/no-iterator","false","2","17"
"formatters","no-labels","native-candidate","eslint/no-labels","false","2","17"
"formatters","no-lone-blocks","native-candidate","eslint/no-lone-blocks","false","2","17"
"formatters","no-loss-of-precision","native-candidate","eslint/no-loss-of-precision","false","2","17"
"formatters","no-misleading-character-class","native-candidate","eslint/no-misleading-character-class","false","2","17"
"formatters","no-multi-str","native-candidate","eslint/no-multi-str","false","2","17"
"formatters","no-new","native-candidate","eslint/no-new","false","2","17"
"formatters","no-new-func","native-candidate","eslint/no-new-func","false","2","17"
"formatters","no-new-native-nonconstructor","native-candidate","eslint/no-new-native-nonconstructor","false","2","12"
"formatters","no-new-wrappers","native-candidate","eslint/no-new-wrappers","false","2","17"
"formatters","no-obj-calls","native-candidate","eslint/no-obj-calls","false","2","12"
"formatters","no-octal","js-plugin-candidate","","false","2","17"
"formatters","no-octal-escape","js-plugin-candidate","","false","2","17"
"formatters","no-proto","native-candidate","eslint/no-proto","false","2","17"
"formatters","no-prototype-builtins","native-candidate","eslint/no-prototype-builtins","false","2","17"
"formatters","no-redeclare","native-candidate","eslint/no-redeclare","false","2","12"
"formatters","no-regex-spaces","native-candidate","eslint/no-regex-spaces","false","2","17"
"formatters","no-restricted-globals","native-candidate","eslint/no-restricted-globals","false","2","17"
"formatters","no-restricted-properties","native-candidate","eslint/no-restricted-properties","false","2","17"
"formatters","no-restricted-syntax","js-plugin-candidate","","false","2","16"
"formatters","no-self-assign","native-candidate","eslint/no-self-assign","false","2","17"
"formatters","no-self-compare","native-candidate","eslint/no-self-compare","false","2","17"
"formatters","no-sequences","native-candidate","eslint/no-sequences","false","2","17"
"formatters","no-shadow-restricted-names","native-candidate","eslint/no-shadow-restricted-names","false","2","17"
"formatters","no-sparse-arrays","native-candidate","eslint/no-sparse-arrays","false","2","17"
"formatters","no-template-curly-in-string","native-candidate","eslint/no-template-curly-in-string","false","2","17"
"formatters","no-this-before-super","native-candidate","eslint/no-this-before-super","false","2","12"
"formatters","no-throw-literal","native-candidate","eslint/no-throw-literal","false","2","17"
"formatters","no-undef","native-candidate","eslint/no-undef","false","2","12"
"formatters","no-undef-init","js-plugin-candidate","","false","2","17"
"formatters","no-unexpected-multiline","native-candidate","eslint/no-unexpected-multiline","false","2","17"
"formatters","no-unmodified-loop-condition","native-candidate","eslint/no-unmodified-loop-condition","false","2","17"
"formatters","no-unneeded-ternary","native-candidate","eslint/no-unneeded-ternary","false","2","17"
"formatters","no-unreachable","native-candidate","eslint/no-unreachable","false","2","12"
"formatters","no-unreachable-loop","native-candidate","eslint/no-unreachable-loop","false","2","17"
"formatters","no-unsafe-finally","native-candidate","eslint/no-unsafe-finally","false","2","17"
"formatters","no-unsafe-negation","native-candidate","eslint/no-unsafe-negation","false","2","12"
"formatters","no-unused-expressions","native-candidate","eslint/no-unused-expressions","false","2","12"
"formatters","no-unused-vars","native-candidate","eslint/no-unused-vars","false","2","12"
"formatters","no-use-before-define","native-candidate","eslint/no-use-before-define","false","2","12"
"formatters","no-useless-call","native-candidate","eslint/no-useless-call","false","2","17"
"formatters","no-useless-catch","native-candidate","eslint/no-useless-catch","false","2","17"
"formatters","no-useless-computed-key","native-candidate","eslint/no-useless-computed-key","false","2","17"
"formatters","no-useless-constructor","native-candidate","eslint/no-useless-constructor","false","2","12"
"formatters","no-useless-rename","native-candidate","eslint/no-useless-rename","false","2","17"
"formatters","no-useless-return","native-candidate","eslint/no-useless-return","false","2","17"
"formatters","no-var","native-candidate","eslint/no-var","false","2","17"
"formatters","no-with","native-candidate","eslint/no-with","false","2","12"
"formatters","node/handle-callback-err","native-candidate","node/handle-callback-err","false","1","9"
"formatters","node/no-deprecated-api","js-plugin-candidate","","false","1","9"
"formatters","node/no-exports-assign","native-candidate","node/no-exports-assign","false","1","9"
"formatters","node/no-new-require","native-candidate","node/no-new-require","false","1","9"
"formatters","node/no-path-concat","native-candidate","node/no-path-concat","false","1","9"
"formatters","node/prefer-global/buffer","js-plugin-candidate","","false","1","9"
"formatters","node/prefer-global/process","js-plugin-candidate","","false","1","8"
"formatters","node/process-exit-as-throw","js-plugin-candidate","","false","1","9"
"formatters","object-shorthand","native-candidate","eslint/object-shorthand","false","2","17"
"formatters","one-var","native-candidate","eslint/one-var","false","2","17"
"formatters","perfectionist/sort-exports","js-plugin-candidate","","false","2","17"
"formatters","perfectionist/sort-imports","js-plugin-candidate","","false","2","17"
"formatters","perfectionist/sort-named-exports","js-plugin-candidate","","false","2","17"
"formatters","perfectionist/sort-named-imports","js-plugin-candidate","","false","2","17"
"formatters","prefer-arrow-callback","native-candidate","eslint/prefer-arrow-callback","false","2","17"
"formatters","prefer-const","native-candidate","eslint/prefer-const","false","2","17"
"formatters","prefer-exponentiation-operator","native-candidate","eslint/prefer-exponentiation-operator","false","2","17"
"formatters","prefer-promise-reject-errors","native-candidate","eslint/prefer-promise-reject-errors","false","2","17"
"formatters","prefer-regex-literals","native-candidate","eslint/prefer-regex-literals","false","2","17"
"formatters","prefer-rest-params","native-candidate","eslint/prefer-rest-params","false","2","17"
"formatters","prefer-spread","native-candidate","eslint/prefer-spread","false","2","17"
"formatters","prefer-template","native-candidate","eslint/prefer-template","false","2","17"
"formatters","regexp/confusing-quantifier","js-plugin-candidate","","false","2","17"
"formatters","regexp/control-character-escape","js-plugin-candidate","","false","2","17"
"formatters","regexp/match-any","js-plugin-candidate","","false","2","17"
"formatters","regexp/negation","js-plugin-candidate","","false","2","17"
"formatters","regexp/no-contradiction-with-assertion","js-plugin-candidate","","false","2","17"
"formatters","regexp/no-dupe-characters-character-class","js-plugin-candidate","","false","2","17"
"formatters","regexp/no-dupe-disjunctions","js-plugin-candidate","","false","2","17"
"formatters","regexp/no-empty-alternative","js-plugin-candidate","","false","2","17"
"formatters","regexp/no-empty-capturing-group","js-plugin-candidate","","false","2","17"
"formatters","regexp/no-empty-character-class","js-plugin-candidate","","false","2","17"
"formatters","regexp/no-empty-group","js-plugin-candidate","","false","2","17"
"formatters","regexp/no-empty-lookarounds-assertion","js-plugin-candidate","","false","2","17"
"formatters","regexp/no-empty-string-literal","js-plugin-candidate","","false","2","17"
"formatters","regexp/no-escape-backspace","js-plugin-candidate","","false","2","17"
"formatters","regexp/no-extra-lookaround-assertions","js-plugin-candidate","","false","2","17"
"formatters","regexp/no-invalid-regexp","js-plugin-candidate","","false","2","17"
"formatters","regexp/no-invisible-character","js-plugin-candidate","","false","2","17"
"formatters","regexp/no-lazy-ends","js-plugin-candidate","","false","2","17"
"formatters","regexp/no-legacy-features","js-plugin-candidate","","false","2","17"
"formatters","regexp/no-misleading-capturing-group","js-plugin-candidate","","false","2","17"
"formatters","regexp/no-misleading-unicode-character","js-plugin-candidate","","false","2","17"
"formatters","regexp/no-missing-g-flag","js-plugin-candidate","","false","2","17"
"formatters","regexp/no-non-standard-flag","js-plugin-candidate","","false","2","17"
"formatters","regexp/no-obscure-range","js-plugin-candidate","","false","2","17"
"formatters","regexp/no-optional-assertion","js-plugin-candidate","","false","2","17"
"formatters","regexp/no-potentially-useless-backreference","js-plugin-candidate","","false","2","17"
"formatters","regexp/no-super-linear-backtracking","js-plugin-candidate","","false","2","17"
"formatters","regexp/no-trivially-nested-assertion","js-plugin-candidate","","false","2","17"
"formatters","regexp/no-trivially-nested-quantifier","js-plugin-candidate","","false","2","17"
"formatters","regexp/no-unused-capturing-group","js-plugin-candidate","","false","2","17"
"formatters","regexp/no-useless-assertions","js-plugin-candidate","","false","2","17"
"formatters","regexp/no-useless-backreference","js-plugin-candidate","","false","2","17"
"formatters","regexp/no-useless-character-class","js-plugin-candidate","","false","2","17"
"formatters","regexp/no-useless-dollar-replacements","js-plugin-candidate","","false","2","17"
"formatters","regexp/no-useless-escape","js-plugin-candidate","","false","2","17"
"formatters","regexp/no-useless-flag","js-plugin-candidate","","false","2","17"
"formatters","regexp/no-useless-lazy","js-plugin-candidate","","false","2","17"
"formatters","regexp/no-useless-non-capturing-group","js-plugin-candidate","","false","2","17"
"formatters","regexp/no-useless-quantifier","js-plugin-candidate","","false","2","17"
"formatters","regexp/no-useless-range","js-plugin-candidate","","false","2","17"
"formatters","regexp/no-useless-set-operand","js-plugin-candidate","","false","2","17"
"formatters","regexp/no-useless-string-literal","js-plugin-candidate","","false","2","17"
"formatters","regexp/no-useless-two-nums-quantifier","js-plugin-candidate","","false","2","17"
"formatters","regexp/no-zero-quantifier","js-plugin-candidate","","false","2","17"
"formatters","regexp/optimal-lookaround-quantifier","js-plugin-candidate","","false","2","17"
"formatters","regexp/optimal-quantifier-concatenation","js-plugin-candidate","","false","2","17"
"formatters","regexp/prefer-character-class","js-plugin-candidate","","false","2","17"
"formatters","regexp/prefer-d","js-plugin-candidate","","false","2","17"
"formatters","regexp/prefer-plus-quantifier","js-plugin-candidate","","false","2","17"
"formatters","regexp/prefer-predefined-assertion","js-plugin-candidate","","false","2","17"
"formatters","regexp/prefer-question-quantifier","js-plugin-candidate","","false","2","17"
"formatters","regexp/prefer-range","js-plugin-candidate","","false","2","17"
"formatters","regexp/prefer-set-operation","js-plugin-candidate","","false","2","17"
"formatters","regexp/prefer-star-quantifier","js-plugin-candidate","","false","2","17"
"formatters","regexp/prefer-unicode-codepoint-escapes","js-plugin-candidate","","false","2","17"
"formatters","regexp/prefer-w","js-plugin-candidate","","false","2","17"
"formatters","regexp/simplify-set-operations","js-plugin-candidate","","false","2","17"
"formatters","regexp/sort-flags","js-plugin-candidate","","false","2","17"
"formatters","regexp/strict","js-plugin-candidate","","false","2","17"
"formatters","regexp/use-ignore-case","js-plugin-candidate","","false","2","17"
"formatters","style/array-bracket-spacing","js-plugin-candidate","","false","2","17"
"formatters","style/arrow-parens","js-plugin-candidate","","false","2","17"
"formatters","style/arrow-spacing","js-plugin-candidate","","false","2","17"
"formatters","style/block-spacing","js-plugin-candidate","","false","2","17"
"formatters","style/brace-style","js-plugin-candidate","","false","2","17"
"formatters","style/comma-dangle","js-plugin-candidate","","false","2","17"
"formatters","style/comma-spacing","js-plugin-candidate","","false","2","17"
"formatters","style/comma-style","js-plugin-candidate","","false","2","17"
"formatters","style/computed-property-spacing","js-plugin-candidate","","false","2","17"
"formatters","style/dot-location","js-plugin-candidate","","false","2","17"
"formatters","style/eol-last","js-plugin-candidate","","false","2","17"
"formatters","style/generator-star-spacing","js-plugin-candidate","","false","2","17"
"formatters","style/indent","js-plugin-candidate","","false","2","17"
"formatters","style/indent-binary-ops","js-plugin-candidate","","false","2","17"
"formatters","style/jsx-closing-bracket-location","js-plugin-candidate","","false","2","17"
"formatters","style/jsx-closing-tag-location","js-plugin-candidate","","false","2","17"
"formatters","style/jsx-curly-brace-presence","js-plugin-candidate","","false","2","17"
"formatters","style/jsx-curly-newline","js-plugin-candidate","","false","2","17"
"formatters","style/jsx-curly-spacing","js-plugin-candidate","","false","2","17"
"formatters","style/jsx-equals-spacing","js-plugin-candidate","","false","2","17"
"formatters","style/jsx-first-prop-new-line","js-plugin-candidate","","false","2","17"
"formatters","style/jsx-function-call-newline","js-plugin-candidate","","false","2","17"
"formatters","style/jsx-indent-props","js-plugin-candidate","","false","2","17"
"formatters","style/jsx-max-props-per-line","js-plugin-candidate","","false","2","17"
"formatters","style/jsx-one-expression-per-line","js-plugin-candidate","","false","2","17"
"formatters","style/jsx-quotes","js-plugin-candidate","","false","2","17"
"formatters","style/jsx-tag-spacing","js-plugin-candidate","","false","2","17"
"formatters","style/jsx-wrap-multilines","js-plugin-candidate","","false","2","17"
"formatters","style/key-spacing","js-plugin-candidate","","false","2","17"
"formatters","style/keyword-spacing","js-plugin-candidate","","false","2","17"
"formatters","style/lines-between-class-members","js-plugin-candidate","","false","2","17"
"formatters","style/max-statements-per-line","js-plugin-candidate","","false","2","17"
"formatters","style/member-delimiter-style","js-plugin-candidate","","false","2","17"
"formatters","style/multiline-ternary","js-plugin-candidate","","false","2","17"
"formatters","style/new-parens","js-plugin-candidate","","false","2","17"
"formatters","style/no-extra-parens","js-plugin-candidate","","false","2","17"
"formatters","style/no-floating-decimal","js-plugin-candidate","","false","2","17"
"formatters","style/no-mixed-operators","js-plugin-candidate","","false","2","17"
"formatters","style/no-mixed-spaces-and-tabs","js-plugin-candidate","","false","2","17"
"formatters","style/no-multi-spaces","js-plugin-candidate","","false","2","17"
"formatters","style/no-multiple-empty-lines","js-plugin-candidate","","false","2","17"
"formatters","style/no-tabs","js-plugin-candidate","","false","2","17"
"formatters","style/no-trailing-spaces","js-plugin-candidate","","false","2","17"
"formatters","style/no-whitespace-before-property","js-plugin-candidate","","false","2","17"
"formatters","style/object-curly-spacing","js-plugin-candidate","","false","2","17"
"formatters","style/operator-linebreak","js-plugin-candidate","","false","2","17"
"formatters","style/padded-blocks","js-plugin-candidate","","false","2","17"
"formatters","style/quote-props","js-plugin-candidate","","false","2","17"
"formatters","style/quotes","js-plugin-candidate","","false","2","17"
"formatters","style/rest-spread-spacing","js-plugin-candidate","","false","2","17"
"formatters","style/semi","js-plugin-candidate","","false","2","17"
"formatters","style/semi-spacing","js-plugin-candidate","","false","2","17"
"formatters","style/space-before-blocks","js-plugin-candidate","","false","2","17"
"formatters","style/space-before-function-paren","js-plugin-candidate","","false","2","17"
"formatters","style/space-in-parens","js-plugin-candidate","","false","2","17"
"formatters","style/space-infix-ops","js-plugin-candidate","","false","2","17"
"formatters","style/space-unary-ops","js-plugin-candidate","","false","2","17"
"formatters","style/spaced-comment","js-plugin-candidate","","false","2","15"
"formatters","style/template-curly-spacing","js-plugin-candidate","","false","2","17"
"formatters","style/template-tag-spacing","js-plugin-candidate","","false","2","17"
"formatters","style/type-annotation-spacing","js-plugin-candidate","","false","2","17"
"formatters","style/type-generic-spacing","js-plugin-candidate","","false","2","17"
"formatters","style/type-named-tuple-spacing","js-plugin-candidate","","false","2","17"
"formatters","style/wrap-iife","js-plugin-candidate","","false","2","17"
"formatters","style/yield-star-spacing","js-plugin-candidate","","false","2","17"
"formatters","symbol-description","native-candidate","eslint/symbol-description","false","2","17"
"formatters","test/consistent-test-it","native-candidate","vitest/consistent-test-it","false","1","1"
"formatters","test/no-identical-title","native-candidate","vitest/no-identical-title","false","1","1"
"formatters","test/no-import-node-test","native-candidate","vitest/no-import-node-test","false","1","1"
"formatters","test/no-only-tests","js-plugin-candidate","","false","1","1"
"formatters","test/prefer-hooks-in-order","native-candidate","vitest/prefer-hooks-in-order","false","1","1"
"formatters","test/prefer-lowercase-title","native-candidate","vitest/prefer-lowercase-title","false","1","1"
"formatters","toml/array-bracket-newline","eslint-fallback","","false","1","1"
"formatters","toml/array-bracket-spacing","eslint-fallback","","false","1","1"
"formatters","toml/array-element-newline","eslint-fallback","","false","1","1"
"formatters","toml/comma-style","eslint-fallback","","false","1","1"
"formatters","toml/indent","eslint-fallback","","false","1","1"
"formatters","toml/inline-table-curly-spacing","eslint-fallback","","false","1","1"
"formatters","toml/key-spacing","eslint-fallback","","false","1","1"
"formatters","toml/keys-order","eslint-fallback","","false","1","1"
"formatters","toml/no-space-dots","eslint-fallback","","false","1","1"
"formatters","toml/no-unreadable-number-separator","eslint-fallback","","false","1","1"
"formatters","toml/padding-line-between-pairs","eslint-fallback","","false","1","1"
"formatters","toml/padding-line-between-tables","eslint-fallback","","false","1","1"
"formatters","toml/precision-of-fractional-seconds","eslint-fallback","","false","1","1"
"formatters","toml/precision-of-integer","eslint-fallback","","false","1","1"
"formatters","toml/quoted-keys","eslint-fallback","","false","1","1"
"formatters","toml/spaced-comment","eslint-fallback","","false","1","1"
"formatters","toml/table-bracket-spacing","eslint-fallback","","false","1","1"
"formatters","toml/tables-order","eslint-fallback","","false","1","1"
"formatters","toml/vue-custom-block/no-parsing-error","eslint-fallback","","false","1","1"
"formatters","ts/ban-ts-comment","native-candidate","typescript/ban-ts-comment","false","1","5"
"formatters","ts/consistent-type-definitions","native-candidate","typescript/consistent-type-definitions","false","1","5"
"formatters","ts/consistent-type-imports","native-candidate","typescript/consistent-type-imports","false","1","5"
"formatters","ts/method-signature-style","native-candidate","typescript/method-signature-style","false","1","5"
"formatters","ts/no-array-constructor","js-plugin-candidate","","false","1","5"
"formatters","ts/no-dupe-class-members","js-plugin-candidate","","false","1","5"
"formatters","ts/no-duplicate-enum-values","native-candidate","typescript/no-duplicate-enum-values","false","1","5"
"formatters","ts/no-empty-object-type","native-candidate","typescript/no-empty-object-type","false","1","5"
"formatters","ts/no-extra-non-null-assertion","native-candidate","typescript/no-extra-non-null-assertion","false","1","5"
"formatters","ts/no-import-type-side-effects","native-candidate","typescript/no-import-type-side-effects","false","1","5"
"formatters","ts/no-misused-new","native-candidate","typescript/no-misused-new","false","1","5"
"formatters","ts/no-namespace","native-candidate","typescript/no-namespace","false","1","5"
"formatters","ts/no-non-null-asserted-nullish-coalescing","native-candidate","typescript/no-non-null-asserted-nullish-coalescing","false","1","5"
"formatters","ts/no-non-null-asserted-optional-chain","native-candidate","typescript/no-non-null-asserted-optional-chain","false","1","5"
"formatters","ts/no-redeclare","js-plugin-candidate","","false","1","5"
"formatters","ts/no-require-imports","native-candidate","typescript/no-require-imports","false","1","5"
"formatters","ts/no-this-alias","native-candidate","typescript/no-this-alias","false","1","5"
"formatters","ts/no-unnecessary-type-constraint","native-candidate","typescript/no-unnecessary-type-constraint","false","1","5"
"formatters","ts/no-unsafe-declaration-merging","native-candidate","typescript/no-unsafe-declaration-merging","false","1","5"
"formatters","ts/no-unsafe-function-type","native-candidate","typescript/no-unsafe-function-type","false","1","5"
"formatters","ts/no-unused-expressions","js-plugin-candidate","","false","1","5"
"formatters","ts/no-use-before-define","js-plugin-candidate","","false","1","5"
"formatters","ts/no-wrapper-object-types","native-candidate","typescript/no-wrapper-object-types","false","1","5"
"formatters","ts/prefer-as-const","native-candidate","typescript/prefer-as-const","false","1","5"
"formatters","ts/prefer-literal-enum-member","native-candidate","typescript/prefer-literal-enum-member","false","1","5"
"formatters","ts/prefer-namespace-keyword","native-candidate","typescript/prefer-namespace-keyword","false","1","5"
"formatters","unicode-bom","native-candidate","eslint/unicode-bom","false","2","17"
"formatters","unicorn/consistent-empty-array-spread","native-candidate","unicorn/consistent-empty-array-spread","false","1","9"
"formatters","unicorn/error-message","native-candidate","unicorn/error-message","false","1","9"
"formatters","unicorn/escape-case","native-candidate","unicorn/escape-case","false","1","9"
"formatters","unicorn/new-for-builtins","native-candidate","unicorn/new-for-builtins","false","1","9"
"formatters","unicorn/no-instanceof-builtins","native-candidate","unicorn/no-instanceof-builtins","false","1","9"
"formatters","unicorn/no-new-array","native-candidate","unicorn/no-new-array","false","1","9"
"formatters","unicorn/no-new-buffer","native-candidate","unicorn/no-new-buffer","false","1","9"
"formatters","unicorn/number-literal-case","native-candidate","unicorn/number-literal-case","false","1","9"
"formatters","unicorn/prefer-dom-node-text-content","native-candidate","unicorn/prefer-dom-node-text-content","false","1","9"
"formatters","unicorn/prefer-includes","native-candidate","unicorn/prefer-includes","false","1","9"
"formatters","unicorn/prefer-node-protocol","native-candidate","unicorn/prefer-node-protocol","false","1","9"
"formatters","unicorn/prefer-number-properties","native-candidate","unicorn/prefer-number-properties","false","1","9"
"formatters","unicorn/prefer-string-starts-ends-with","native-candidate","unicorn/prefer-string-starts-ends-with","false","1","9"
"formatters","unicorn/prefer-type-error","native-candidate","unicorn/prefer-type-error","false","1","9"
"formatters","unicorn/throw-new-error","native-candidate","unicorn/throw-new-error","false","1","9"
"formatters","unused-imports/no-unused-imports","js-plugin-candidate","","false","2","17"
"formatters","unused-imports/no-unused-vars","js-plugin-candidate","","false","2","16"
"formatters","use-isnan","native-candidate","eslint/use-isnan","false","2","17"
"formatters","valid-typeof","native-candidate","eslint/valid-typeof","false","2","17"
"formatters","vars-on-top","native-candidate","eslint/vars-on-top","false","2","17"
"formatters","yaml/block-mapping","eslint-fallback","","false","1","1"
"formatters","yaml/block-mapping-question-indicator-newline","eslint-fallback","","false","1","1"
"formatters","yaml/block-sequence","eslint-fallback","","false","1","1"
"formatters","yaml/block-sequence-hyphen-indicator-newline","eslint-fallback","","false","1","1"
"formatters","yaml/flow-mapping-curly-newline","eslint-fallback","","false","1","1"
"formatters","yaml/flow-mapping-curly-spacing","eslint-fallback","","false","1","1"
"formatters","yaml/flow-sequence-bracket-newline","eslint-fallback","","false","1","1"
"formatters","yaml/flow-sequence-bracket-spacing","eslint-fallback","","false","1","1"
"formatters","yaml/indent","eslint-fallback","","false","1","1"
"formatters","yaml/key-spacing","eslint-fallback","","false","1","1"
"formatters","yaml/no-empty-key","eslint-fallback","","false","1","1"
"formatters","yaml/no-empty-sequence-entry","eslint-fallback","","false","1","1"
"formatters","yaml/no-irregular-whitespace","eslint-fallback","","false","1","1"
"formatters","yaml/no-multiple-empty-lines","eslint-fallback","","false","1","1"
"formatters","yaml/no-tab-indent","eslint-fallback","","false","1","1"
"formatters","yaml/plain-scalar","eslint-fallback","","false","1","1"
"formatters","yaml/quotes","eslint-fallback","","false","1","1"
"formatters","yaml/spaced-comment","eslint-fallback","","false","1","1"
"formatters","yaml/vue-custom-block/no-parsing-error","eslint-fallback","","false","1","1"
"formatters","yoda","native-candidate","eslint/yoda","false","2","17"
